date,state,expected_cases,population,incidence_per_100k
2020-02-20,Baden-Württemberg,1.1249669999999998,11103043.0,0.010132060192867845
2020-02-20,Bayern,2.675033,13140183.0,0.020357654075289514
2020-02-20,Hessen,0.066667,6293154.0,0.0010593575177089264
2020-02-20,Niedersachsen,0.066667,8003421.0,0.0008329812963731385
2020-02-20,Nordrhein-Westfalen,9.09163,17925570.0,0.050718777701350644
2020-02-20,Rheinland-Pfalz,0.23332999999999998,4098391.0,0.005693209847474289
2020-02-21,Baden-Württemberg,3.3499999999999996,11103043.0,0.03017190872808472
2020-02-21,Bayern,2.04163,13140183.0,0.015537302638783645
2020-02-21,Hessen,0.1249966,6293154.0,0.001986231387313897
2020-02-21,Niedersachsen,0.091667,8003421.0,0.0011453477206809439
2020-02-21,Nordrhein-Westfalen,7.841700000000001,17925570.0,0.04374588925205726
2020-02-21,Rheinland-Pfalz,0.17500329999999997,4098391.0,0.004270048904557911
2020-02-22,Baden-Württemberg,2.4250330000000004,11103043.0,0.021841156518983135
2020-02-22,Bayern,3.56663,13140183.0,0.02714292487402953
2020-02-22,Hessen,0.149997,6293154.0,0.0023834948262826555
2020-02-22,Niedersachsen,1.208363,8003421.0,0.015098081183034105
2020-02-22,Nordrhein-Westfalen,15.15,17925570.0,0.08451614090932673
2020-02-22,Rheinland-Pfalz,0.34167,4098391.0,0.008336686275174818
2020-02-23,Baden-Württemberg,6.499967,11103043.0,0.058542212256585874
2020-02-23,Bayern,2.6999999999999997,13140183.0,0.020547659039451733
2020-02-23,Hessen,3.2333,6293154.0,0.051378053039858866
2020-02-23,Niedersachsen,0.216666,8003421.0,0.0027071673475629983
2020-02-23,Nordrhein-Westfalen,22.6417,17925570.0,0.12630951205456786
2020-02-23,Rheinland-Pfalz,1.5249700000000002,4098391.0,0.0372089925046195
2020-02-24,Baden-Württemberg,6.7917000000000005,11103043.0,0.06116971716672628
2020-02-24,Bayern,7.316599999999999,13140183.0,0.05568111189927871
2020-02-24,Hessen,1.2166333,6293154.0,0.01933264782651116
2020-02-24,Niedersachsen,0.29999699999999996,8003421.0,0.0037483596077227473
2020-02-24,Nordrhein-Westfalen,35.07537,17925570.0,0.19567227150935787
2020-02-24,Rheinland-Pfalz,0.766667,4098391.0,0.018706536296805257
2020-02-25,Baden-Württemberg,17.2,11103043.0,0.1549124866038977
2020-02-25,Bayern,8.34163,13140183.0,0.06348184039750436
2020-02-25,Hessen,6.4417029999999995,6293154.0,0.10236048569604365
2020-02-25,Niedersachsen,0.650007,8003421.0,0.008121614494601746
2020-02-25,Nordrhein-Westfalen,52.507999999999996,17925570.0,0.292922345007718
2020-02-25,Rheinland-Pfalz,2.45,4098391.0,0.059779557392157075
2020-02-26,Baden-Württemberg,18.9997,11103043.0,0.1711215564958183
2020-02-26,Bayern,15.092,13140183.0,0.11485380378644651
2020-02-26,Hessen,4.716629999999999,6293154.0,0.07494858698833684
2020-02-26,Niedersachsen,2.9167,8003421.0,0.036443165991143035
2020-02-26,Nordrhein-Westfalen,91.15,17925570.0,0.5084915012465433
2020-02-26,Rheinland-Pfalz,4.775029999999999,4098391.0,0.11650986936092723
2020-02-27,Baden-Württemberg,13.450000000000001,11103043.0,0.12113796190828045
2020-02-27,Bayern,28.233400000000003,13140183.0,0.21486306545350248
2020-02-27,Hessen,2.7583,6293154.0,0.04383016846560564
2020-02-27,Niedersachsen,3.2666699999999995,8003421.0,0.04081592109174314
2020-02-27,Nordrhein-Westfalen,87.4163,17925570.0,0.4876625959453451
2020-02-27,Rheinland-Pfalz,3.58337,4098391.0,0.08743358064176893
2020-02-28,Baden-Württemberg,29.5747,11103043.0,0.2663657161374589
2020-02-28,Bayern,28.933300000000003,13140183.0,0.2201894752911737
2020-02-28,Hessen,4.016637,6293154.0,0.06382549990036793
2020-02-28,Niedersachsen,5.5,8003421.0,0.06872061334771719
2020-02-28,Nordrhein-Westfalen,88.77499999999999,17925570.0,0.49524227123600534
2020-02-28,Rheinland-Pfalz,3.8667,4098391.0,0.09434678145643009
2020-02-29,Baden-Württemberg,34.825,11103043.0,0.31365275267329873
2020-02-29,Bayern,52.7337,13140183.0,0.4013163286995318
2020-02-29,Hessen,4.1249633,6293154.0,0.06554683549774883
2020-02-29,Niedersachsen,5.05,8003421.0,0.06309801771017669
2020-02-29,Nordrhein-Westfalen,69.49967,17925570.0,0.3877124688364163
2020-02-29,Rheinland-Pfalz,4.8583300000000005,4098391.0,0.11854237431226061
2020-03-01,Baden-Württemberg,38.6583,11103043.0,0.3481775221441545
2020-03-01,Bayern,40.900000000000006,13140183.0,0.3112589832272504
2020-03-01,Hessen,6.4417,6293154.0,0.10236043802519372
2020-03-01,Niedersachsen,7.8583,8003421.0,0.09818676288552108
2020-03-01,Nordrhein-Westfalen,89.2337,17925570.0,0.4978011856805669
2020-03-01,Rheinland-Pfalz,10.2084,4098391.0,0.24908311578861067
2020-03-02,Baden-Württemberg,57.52499999999999,11103043.0,0.5181012088307682
2020-03-02,Bayern,69.9663,13140183.0,0.5324606209822192
2020-03-02,Hessen,9.858332999999998,6293154.0,0.15665170437589798
2020-03-02,Niedersachsen,15.48333,8003421.0,0.19345889713911088
2020-03-02,Nordrhein-Westfalen,90.058,17925570.0,0.502399644753277
2020-03-02,Rheinland-Pfalz,14.0833,4098391.0,0.34362997576365945
2020-03-03,Baden-Württemberg,74.34129999999999,11103043.0,0.6695578860678103
2020-03-03,Bayern,68.9497,13140183.0,0.5247240468416613
2020-03-03,Hessen,10.616660000000001,6293154.0,0.16870173525071852
2020-03-03,Niedersachsen,16.850369999999998,8003421.0,0.21053959300654054
2020-03-03,Nordrhein-Westfalen,85.675,17925570.0,0.47794853943277676
2020-03-03,Rheinland-Pfalz,11.3083,4098391.0,0.2759204770847877
2020-03-04,Baden-Württemberg,92.517,11103043.0,0.8332580536705118
2020-03-04,Bayern,90.001,13140183.0,0.6849295782258131
2020-03-04,Hessen,12.11667,6293154.0,0.1925373191248776
2020-03-04,Niedersachsen,30.441699999999997,8003421.0,0.3803585991540367
2020-03-04,Nordrhein-Westfalen,119.02470000000001,17925570.0,0.6639939483095936
2020-03-04,Rheinland-Pfalz,14.008370000000001,4098391.0,0.3418016973002332
2020-03-05,Baden-Württemberg,115.525,11103043.0,1.0404805241229813
2020-03-05,Bayern,104.367,13140183.0,0.7942583448038737
2020-03-05,Hessen,14.541699999999999,6293154.0,0.231071732870354
2020-03-05,Niedersachsen,28.725299999999997,8003421.0,0.35891276992676
2020-03-05,Nordrhein-Westfalen,133.65030000000002,17925570.0,0.7455846592325935
2020-03-05,Rheinland-Pfalz,18.5746,4098391.0,0.45321688438218805
2020-03-06,Baden-Württemberg,153.614,11103043.0,1.3835306230913453
2020-03-06,Bayern,165.965,13140183.0,1.2630341601787434
2020-03-06,Hessen,32.25,6293154.0,0.5124616368835087
2020-03-06,Niedersachsen,43.23303,8003421.0,0.5401818797236831
2020-03-06,Nordrhein-Westfalen,185.06499999999997,17925570.0,1.0324078955369338
2020-03-06,Rheinland-Pfalz,28.82467,4098391.0,0.7033167406428523
2020-03-07,Baden-Württemberg,178.2517,11103043.0,1.6054310516495343
2020-03-07,Bayern,211.34300000000002,13140183.0,1.6083718164351288
2020-03-07,Hessen,52.29963,6293154.0,0.8310559379287397
2020-03-07,Niedersachsen,59.842000000000006,8003421.0,0.7477052625371077
2020-03-07,Nordrhein-Westfalen,261.5183,17925570.0,1.4589120457536358
2020-03-07,Rheinland-Pfalz,47.616699999999994,4098391.0,1.1618388777449489
2020-03-08,Baden-Württemberg,271.95,11103043.0,2.449328530926161
2020-03-08,Bayern,247.847,13140183.0,1.8861761666485162
2020-03-08,Hessen,95.842,6293154.0,1.5229565334012167
2020-03-08,Niedersachsen,90.20830000000001,8003421.0,1.127121764555432
2020-03-08,Nordrhein-Westfalen,340.221,17925570.0,1.8979647509116866
2020-03-08,Rheinland-Pfalz,68.35833,4098391.0,1.6679309026395965
2020-03-09,Baden-Württemberg,469.236,11103043.0,4.226192765352706
2020-03-09,Bayern,412.72700000000003,13140183.0,3.1409532119910355
2020-03-09,Hessen,126.7887,6293154.0,2.0147083640413057
2020-03-09,Niedersachsen,122.475,8003421.0,1.5302831126839385
2020-03-09,Nordrhein-Westfalen,460.698,17925570.0,2.5700605336399343
2020-03-09,Rheinland-Pfalz,89.9417,4098391.0,2.1945612314686422
2020-03-10,Baden-Württemberg,576.8720000000001,11103043.0,5.195620696056028
2020-03-10,Bayern,527.52,13140183.0,4.014555961663548
2020-03-10,Hessen,165.85629999999998,6293154.0,2.635503596447822
2020-03-10,Niedersachsen,135.8827,8003421.0,1.697807724971609
2020-03-10,Nordrhein-Westfalen,598.077,17925570.0,3.3364462050579147
2020-03-10,Rheinland-Pfalz,118.217,4098391.0,2.884473443358625
2020-03-11,Baden-Württemberg,742.467,11103043.0,6.68705867391489
2020-03-11,Bayern,634.063,13140183.0,4.825374197604401
2020-03-11,Hessen,181.6037,6293154.0,2.8857342439101283
2020-03-11,Niedersachsen,203.704,8003421.0,2.5452116038878874
2020-03-11,Nordrhein-Westfalen,771.3050000000001,17925570.0,4.302819938222327
2020-03-11,Rheinland-Pfalz,158.4053,4098391.0,3.865060703090555
2020-03-12,Baden-Württemberg,788.26,11103043.0,7.099495156417929
2020-03-12,Bayern,758.3230000000001,13140183.0,5.7710231280645035
2020-03-12,Hessen,213.827,6293154.0,3.3977716102291473
2020-03-12,Niedersachsen,219.0883,8003421.0,2.73743315514703
2020-03-12,Nordrhein-Westfalen,792.9250000000001,17925570.0,4.42342977099194
2020-03-12,Rheinland-Pfalz,176.6587,4098391.0,4.310440365499534
2020-03-13,Baden-Württemberg,902.0029999999999,11103043.0,8.123926026405554
2020-03-13,Bayern,972.077,13140183.0,7.397743242997453
2020-03-13,Hessen,244.6687,6293154.0,3.887854961121244
2020-03-13,Niedersachsen,326.62000000000006,8003421.0,4.081004860296616
2020-03-13,Nordrhein-Westfalen,909.908,17925570.0,5.076033844391001
2020-03-13,Rheinland-Pfalz,201.5447,4098391.0,4.917654269687787
2020-03-14,Baden-Württemberg,863.8770000000001,11103043.0,7.780542685460193
2020-03-14,Bayern,1045.635,13140183.0,7.957537577673005
2020-03-14,Hessen,247.997,6293154.0,3.9407425910759533
2020-03-14,Niedersachsen,314.935,8003421.0,3.9350047935751475
2020-03-14,Nordrhein-Westfalen,965.255,17925570.0,5.384793900556579
2020-03-14,Rheinland-Pfalz,203.48829999999998,4098391.0,4.9650777585642745
2020-03-15,Baden-Württemberg,940.3620000000001,11103043.0,8.469407891152004
2020-03-15,Bayern,1191.478,13140183.0,9.067438406299212
2020-03-15,Hessen,247.922,6293154.0,3.939550819827387
2020-03-15,Niedersachsen,293.089,8003421.0,3.662046517358015
2020-03-15,Nordrhein-Westfalen,956.877,17925570.0,5.338056195702563
2020-03-15,Rheinland-Pfalz,199.4683,4098391.0,4.86699048480245
2020-03-16,Baden-Württemberg,1177.635,11103043.0,10.606416637312853
2020-03-16,Bayern,1627.81,13140183.0,12.388031430003677
2020-03-16,Hessen,315.39,6293154.0,5.0116364544710015
2020-03-16,Niedersachsen,360.68399999999997,8003421.0,4.506622855401459
2020-03-16,Nordrhein-Westfalen,1181.608,17925570.0,6.59174575759655
2020-03-16,Rheinland-Pfalz,256.573,4098391.0,6.260334848480781
2020-03-17,Baden-Württemberg,1030.433,11103043.0,9.280635948181052
2020-03-17,Bayern,1446.003,13140183.0,11.004435782971973
2020-03-17,Hessen,278.045,6293154.0,4.418213824101556
2020-03-17,Niedersachsen,328.32099999999997,8003421.0,4.102258271806519
2020-03-17,Nordrhein-Westfalen,950.1670000000001,17925570.0,5.300623634283318
2020-03-17,Rheinland-Pfalz,263.582,4098391.0,6.431353182261039
2020-03-18,Baden-Württemberg,1064.6,11103043.0,9.588362397587758
2020-03-18,Bayern,1469.5279999999998,13140183.0,11.183466775158305
2020-03-18,Hessen,244.115,6293154.0,3.8790565112501616
2020-03-18,Niedersachsen,326.15999999999997,8003421.0,4.075257318089352
2020-03-18,Nordrhein-Westfalen,1037.017,17925570.0,5.7851270559318335
2020-03-18,Rheinland-Pfalz,222.1637,4098391.0,5.420754144736312
2020-03-19,Baden-Württemberg,938.72,11103043.0,8.45461915260528
2020-03-19,Bayern,1374.29,13140183.0,10.458682348640046
2020-03-19,Hessen,226.77300000000002,6293154.0,3.6034872180150055
2020-03-19,Niedersachsen,298.585,8003421.0,3.730717152077842
2020-03-19,Nordrhein-Westfalen,870.1970000000001,17925570.0,4.854501139991644
2020-03-19,Rheinland-Pfalz,189.1237,4098391.0,4.614584113619223
2020-03-20,Baden-Württemberg,1095.5120000000002,11103043.0,9.866772559558674
2020-03-20,Bayern,1580.142,13140183.0,12.0252663147842
2020-03-20,Hessen,231.893,6293154.0,3.6848454685837977
2020-03-20,Niedersachsen,302.597,8003421.0,3.780845715850759
2020-03-20,Nordrhein-Westfalen,965.372,17925570.0,5.385446599466572
2020-03-20,Rheinland-Pfalz,227.958,4098391.0,5.562134017959731
2020-03-21,Baden-Württemberg,857.4499999999999,11103043.0,7.722657653401865
2020-03-21,Bayern,1393.88,13140183.0,10.607767030337401
2020-03-21,Hessen,203.18170000000003,6293154.0,3.2286147772643106
2020-03-21,Niedersachsen,250.07799999999997,8003421.0,3.1246388263218936
2020-03-21,Nordrhein-Westfalen,819.1979999999999,17925570.0,4.569996937335883
2020-03-21,Rheinland-Pfalz,158.907,4098391.0,3.877302092455308
2020-03-22,Baden-Württemberg,770.5699999999999,11103043.0,6.940169465253804
2020-03-22,Bayern,1174.252,13140183.0,8.93634434162751
2020-03-22,Hessen,145.4913,6293154.0,2.311897976753787
2020-03-22,Niedersachsen,227.47699999999998,8003421.0,2.842247084090665
2020-03-22,Nordrhein-Westfalen,719.575,17925570.0,4.014237762034903
2020-03-22,Rheinland-Pfalz,133.61669999999998,4098391.0,3.2602233413063804
2020-03-23,Baden-Württemberg,1014.687,11103043.0,9.138818970619136
2020-03-23,Bayern,1543.6000000000001,13140183.0,11.747172775295443
2020-03-23,Hessen,228.71699999999998,6293154.0,3.6343779287778433
2020-03-23,Niedersachsen,337.53,8003421.0,4.217321567864542
2020-03-23,Nordrhein-Westfalen,900.9979999999999,17925570.0,5.026328312014625
2020-03-23,Rheinland-Pfalz,198.97200000000004,4098391.0,4.854880854462155
2020-03-24,Baden-Württemberg,768.262,11103043.0,6.919382371121142
2020-03-24,Bayern,1225.6000000000001,13140183.0,9.32711515509335
2020-03-24,Hessen,183.058,6293154.0,2.9088434829339946
2020-03-24,Niedersachsen,265.745,8003421.0,3.3203926171071094
2020-03-24,Nordrhein-Westfalen,777.813,17925570.0,4.339125617762782
2020-03-24,Rheinland-Pfalz,155.942,4098391.0,3.8049566281011256
2020-03-25,Baden-Württemberg,843.393,11103043.0,7.596052721762853
2020-03-25,Bayern,1356.63,13140183.0,10.324285438033854
2020-03-25,Hessen,197.04500000000002,6293154.0,3.131100875649952
2020-03-25,Niedersachsen,308.67,8003421.0,3.8567257676436113
2020-03-25,Nordrhein-Westfalen,845.692,17925570.0,4.7177969793987025
2020-03-25,Rheinland-Pfalz,146.875,4098391.0,3.583723466111457
2020-03-26,Baden-Württemberg,766.758,11103043.0,6.90583653508322
2020-03-26,Bayern,1158.48,13140183.0,8.816315571860757
2020-03-26,Hessen,193.5383,6293154.0,3.0753784191519866
2020-03-26,Niedersachsen,254.753,8003421.0,3.183051347667454
2020-03-26,Nordrhein-Westfalen,778.103,17925570.0,4.340743418479859
2020-03-26,Rheinland-Pfalz,139.375,4098391.0,3.400724821033425
2020-03-27,Baden-Württemberg,840.258,11103043.0,7.567817219117318
2020-03-27,Bayern,1229.6970000000001,13140183.0,9.358294325124698
2020-03-27,Hessen,211.85399999999998,6293154.0,3.3664200812501965
2020-03-27,Niedersachsen,251.89499999999998,8003421.0,3.1473416180405853
2020-03-27,Nordrhein-Westfalen,791.943,17925570.0,4.417951563046531
2020-03-27,Rheinland-Pfalz,118.4087,4098391.0,2.88915088872682
2020-03-28,Baden-Württemberg,786.088,11103043.0,7.079932951714229
2020-03-28,Bayern,1117.187,13140183.0,8.502065762706652
2020-03-28,Hessen,181.995,6293154.0,2.8919521117709817
2020-03-28,Niedersachsen,238.75,8003421.0,2.9830993521395412
2020-03-28,Nordrhein-Westfalen,729.183,17925570.0,4.067837173378587
2020-03-28,Rheinland-Pfalz,141.425,4098391.0,3.4507444506880876
2020-03-29,Baden-Württemberg,686.148,11103043.0,6.179819352226232
2020-03-29,Bayern,959.362,13140183.0,7.3009789894098125
2020-03-29,Hessen,166.883,6293154.0,2.65181815032653
2020-03-29,Niedersachsen,213.86199999999997,8003421.0,2.6721323294126345
2020-03-29,Nordrhein-Westfalen,584.0269999999999,17925570.0,3.258066549627152
2020-03-29,Rheinland-Pfalz,115.059,4098391.0,2.8074188138711023
2020-03-30,Baden-Württemberg,934.7579999999999,11103043.0,8.41893524144687
2020-03-30,Bayern,1203.133,13140183.0,9.156135801152846
2020-03-30,Hessen,238.13400000000001,6293154.0,3.784016726747828
2020-03-30,Niedersachsen,274.605,8003421.0,3.431095277881796
2020-03-30,Nordrhein-Westfalen,840.5129999999999,17925570.0,4.688905290040985
2020-03-30,Rheinland-Pfalz,147.36599999999999,4098391.0,3.5957037774092315
2020-03-31,Baden-Württemberg,720.0550000000001,11103043.0,6.485204101254044
2020-03-31,Bayern,985.762,13140183.0,7.501889433351119
2020-03-31,Hessen,163.2813,6293154.0,2.5945861169137125
2020-03-31,Niedersachsen,218.918,8003421.0,2.7353053150646454
2020-03-31,Nordrhein-Westfalen,734.613,17925570.0,4.098129097150049
2020-03-31,Rheinland-Pfalz,114.975,4098391.0,2.805369229046228
2020-04-01,Baden-Württemberg,799.85,11103043.0,7.203880954077184
2020-04-01,Bayern,1101.445,13140183.0,8.382265300262562
2020-04-01,Hessen,189.973,6293154.0,3.0187247920518074
2020-04-01,Niedersachsen,251.60500000000002,8003421.0,3.1437181675186148
2020-04-01,Nordrhein-Westfalen,836.09,17925570.0,4.664231039793993
2020-04-01,Rheinland-Pfalz,127.167,4098391.0,3.1028518264850766
2020-04-02,Baden-Württemberg,715.6400000000001,11103043.0,6.445440227512405
2020-04-02,Bayern,1021.35,13140183.0,7.772722799979269
2020-04-02,Hessen,179.696,6293154.0,2.855420350431596
2020-04-02,Niedersachsen,234.174,8003421.0,2.925923801834241
2020-04-02,Nordrhein-Westfalen,783.905,17925570.0,4.373110590067708
2020-04-02,Rheinland-Pfalz,123.7673,4098391.0,3.019899760662172
2020-04-03,Baden-Württemberg,720.313,11103043.0,6.487527788553102
2020-04-03,Bayern,1002.075,13140183.0,7.62603534516985
2020-04-03,Hessen,170.835,6293154.0,2.7146165499843162
2020-04-03,Niedersachsen,230.64700000000002,8003421.0,2.881855146692896
2020-04-03,Nordrhein-Westfalen,800.987,17925570.0,4.46840463092666
2020-04-03,Rheinland-Pfalz,124.48400000000001,4098391.0,3.037387111185829
2020-04-04,Baden-Württemberg,575.738,11103043.0,5.185407279788073
2020-04-04,Bayern,838.66,13140183.0,6.382407307417256
2020-04-04,Hessen,143.1747,6293154.0,2.2750865464280707
2020-04-04,Niedersachsen,191.32299999999998,8003421.0,2.3905152559136895
2020-04-04,Nordrhein-Westfalen,626.383,17925570.0,3.4943547122908787
2020-04-04,Rheinland-Pfalz,85.95870000000001,4098391.0,2.0973767510225354
2020-04-05,Baden-Württemberg,481.192,11103043.0,4.333874956622252
2020-04-05,Bayern,717.092,13140183.0,5.457245154043897
2020-04-05,Hessen,140.7997,6293154.0,2.2373471235568045
2020-04-05,Niedersachsen,200.8,8003421.0,2.5089271200402927
2020-04-05,Nordrhein-Westfalen,573.722,17925570.0,3.2005788379393234
2020-04-05,Rheinland-Pfalz,99.0913,4098391.0,2.4178098185361034
2020-04-06,Baden-Württemberg,638.5930000000001,11103043.0,5.751513346386212
2020-04-06,Bayern,845.04,13140183.0,6.430960664703072
2020-04-06,Hessen,186.087,6293154.0,2.956975151092759
2020-04-06,Niedersachsen,213.417,8003421.0,2.666572207059956
2020-04-06,Nordrhein-Westfalen,706.732,17925570.0,3.942591504761076
2020-04-06,Rheinland-Pfalz,105.5997,4098391.0,2.5766136027528854
2020-04-07,Baden-Württemberg,561.778,11103043.0,5.059675982521188
2020-04-07,Bayern,803.0,13140183.0,6.111026003214719
2020-04-07,Hessen,175.892,6293154.0,2.7949737127043135
2020-04-07,Niedersachsen,207.892,8003421.0,2.597539227287931
2020-04-07,Nordrhein-Westfalen,635.342,17925570.0,3.544333597202209
2020-04-07,Rheinland-Pfalz,102.48400000000001,4098391.0,2.500591085623602
2020-04-08,Baden-Württemberg,557.197,11103043.0,5.018417023153022
2020-04-08,Bayern,749.935,13140183.0,5.707188400648606
2020-04-08,Hessen,148.683,6293154.0,2.362614994007774
2020-04-08,Niedersachsen,190.66699999999997,8003421.0,2.3823187609398526
2020-04-08,Nordrhein-Westfalen,610.632,17925570.0,3.4064858188609897
2020-04-08,Rheinland-Pfalz,91.95830000000001,4098391.0,2.2437659071572233
2020-04-09,Baden-Württemberg,515.66,11103043.0,4.644312374544528
2020-04-09,Bayern,714.068,13140183.0,5.434231775919711
2020-04-09,Hessen,150.4583,6293154.0,2.3908250139755043
2020-04-09,Niedersachsen,178.775,8003421.0,2.233732300225116
2020-04-09,Nordrhein-Westfalen,575.317,17925570.0,3.209476741883243
2020-04-09,Rheinland-Pfalz,90.3503,4098391.0,2.204530997652493
2020-04-10,Baden-Württemberg,494.038,11103043.0,4.449572968419559
2020-04-10,Bayern,623.268,13140183.0,4.743221612667038
2020-04-10,Hessen,124.90869999999998,6293154.0,1.984834631410577
2020-04-10,Niedersachsen,143.25830000000002,8003421.0,1.7899633169365952
2020-04-10,Nordrhein-Westfalen,463.86299999999994,17925570.0,2.5877168759487144
2020-04-10,Rheinland-Pfalz,85.8753,4098391.0,2.0953418060892677
2020-04-11,Baden-Württemberg,393.61199999999997,11103043.0,3.5450821905310104
2020-04-11,Bayern,550.1179999999999,13140183.0,4.186532257579669
2020-04-11,Hessen,118.842,6293154.0,1.8884330496282151
2020-04-11,Niedersachsen,125.60799999999999,8003421.0,1.5694288729781924
2020-04-11,Nordrhein-Westfalen,408.365,17925570.0,2.2781144476856245
2020-04-11,Rheinland-Pfalz,74.2423,4098391.0,1.8114987076635685
2020-04-12,Baden-Württemberg,379.105,11103043.0,3.414424315928525
2020-04-12,Bayern,485.85299999999995,13140183.0,3.6974599212202746
2020-04-12,Hessen,111.992,6293154.0,1.7795846089258265
2020-04-12,Niedersachsen,130.5,8003421.0,1.6305527348867441
2020-04-12,Nordrhein-Westfalen,431.96,17925570.0,2.409742061200843
2020-04-12,Rheinland-Pfalz,74.733,4098391.0,1.8234716990155404
2020-04-13,Baden-Württemberg,383.065,11103043.0,3.450090214007097
2020-04-13,Bayern,457.088,13140183.0,3.4785512500092275
2020-04-13,Hessen,112.5757,6293154.0,1.7888597672963351
2020-04-13,Niedersachsen,127.06700000000001,8003421.0,1.5876585775007963
2020-04-13,Nordrhein-Westfalen,422.597,17925570.0,2.3575094125319307
2020-04-13,Rheinland-Pfalz,62.55799999999999,4098391.0,1.5264038985055353
2020-04-14,Baden-Württemberg,371.422,11103043.0,3.3452270697321445
2020-04-14,Bayern,480.79999999999995,13140183.0,3.659005357840145
2020-04-14,Hessen,120.39099999999999,6293154.0,1.9130470984819377
2020-04-14,Niedersachsen,135.7833,8003421.0,1.6965657560685612
2020-04-14,Nordrhein-Westfalen,403.60699999999997,17925570.0,2.2515713586792496
2020-04-14,Rheinland-Pfalz,71.2173,4098391.0,1.737689254148762
2020-04-15,Baden-Württemberg,375.67,11103043.0,3.3834868513073397
2020-04-15,Bayern,482.722,13140183.0,3.6736322469786
2020-04-15,Hessen,119.46700000000001,6293154.0,1.898364476699601
2020-04-15,Niedersachsen,124.94999999999999,8003421.0,1.561207388690411
2020-04-15,Nordrhein-Westfalen,438.9,17925570.0,2.4484577059474257
2020-04-15,Rheinland-Pfalz,70.88329999999999,4098391.0,1.7295397144879536
2020-04-16,Baden-Württemberg,340.35699999999997,11103043.0,3.0654389071536516
2020-04-16,Bayern,443.40700000000004,13140183.0,3.3744355006319173
2020-04-16,Hessen,103.2167,6293154.0,1.640142605758575
2020-04-16,Niedersachsen,118.691,8003421.0,1.483003330700709
2020-04-16,Nordrhein-Westfalen,368.85,17925570.0,2.0576751534260835
2020-04-16,Rheinland-Pfalz,63.341300000000004,4098391.0,1.545516276997485
2020-04-17,Baden-Württemberg,324.047,11103043.0,2.918542241077514
2020-04-17,Bayern,383.652,13140183.0,2.919685365112495
2020-04-17,Hessen,122.07499999999999,6293154.0,1.9398063355830792
2020-04-17,Niedersachsen,121.31700000000001,8003421.0,1.515814299910001
2020-04-17,Nordrhein-Westfalen,352.218,17925570.0,1.964891492990181
2020-04-17,Rheinland-Pfalz,48.0997,4098391.0,1.1736239904879744
2020-04-18,Baden-Württemberg,289.483,11103043.0,2.6072401953230298
2020-04-18,Bayern,362.078,13140183.0,2.755501959143187
2020-04-18,Hessen,95.24170000000001,6293154.0,1.513417596327692
2020-04-18,Niedersachsen,105.41669999999999,8003421.0,1.3171455056531451
2020-04-18,Nordrhein-Westfalen,275.672,17925570.0,1.5378702044063315
2020-04-18,Rheinland-Pfalz,39.382999999999996,4098391.0,0.9609380852144169
2020-04-19,Baden-Württemberg,259.11199999999997,11103043.0,2.3337025714482054
2020-04-19,Bayern,298.178,13140183.0,2.2692073618761626
2020-04-19,Hessen,101.6587,6293154.0,1.6153855443550245
2020-04-19,Niedersachsen,94.9993,8003421.0,1.18698366610978
2020-04-19,Nordrhein-Westfalen,261.76199999999994,17925570.0,1.4602715562182955
2020-04-19,Rheinland-Pfalz,33.8423,4098391.0,0.8257460061765702
2020-04-20,Baden-Württemberg,288.235,11103043.0,2.5960000335043283
2020-04-20,Bayern,367.50800000000004,13140183.0,2.7968255845447514
2020-04-20,Hessen,109.30799999999999,6293154.0,1.736935088510467
2020-04-20,Niedersachsen,94.4837,8003421.0,1.1805414209748557
2020-04-20,Nordrhein-Westfalen,301.443,17925570.0,1.6816369019227841
2020-04-20,Rheinland-Pfalz,50.509,4098391.0,1.2324104752328413
2020-04-21,Baden-Württemberg,273.10499999999996,11103043.0,2.4597310845324114
2020-04-21,Bayern,311.44500000000005,13140183.0,2.3701724702007576
2020-04-21,Hessen,92.0173,6293154.0,1.4621809668093297
2020-04-21,Niedersachsen,89.49199999999999,8003421.0,1.1181718417661646
2020-04-21,Nordrhein-Westfalen,270.438,17925570.0,1.5086716907746867
2020-04-21,Rheinland-Pfalz,39.4667,4098391.0,0.962980350093488
2020-04-22,Baden-Württemberg,253.42700000000002,11103043.0,2.2825003920096503
2020-04-22,Bayern,309.57,13140183.0,2.3559032625344716
2020-04-22,Hessen,87.208,6293154.0,1.3857598272662643
2020-04-22,Niedersachsen,80.6497,8003421.0,1.0076903364198884
2020-04-22,Nordrhein-Westfalen,260.153,17925570.0,1.4512955515501043
2020-04-22,Rheinland-Pfalz,41.925,4098391.0,1.0229624259861978
2020-04-23,Baden-Württemberg,241.753,11103043.0,2.177358044997214
2020-04-23,Bayern,334.897,13140183.0,2.5486479145686176
2020-04-23,Hessen,86.209,6293154.0,1.3698854342353612
2020-04-23,Niedersachsen,78.0583,8003421.0,0.9753116823418386
2020-04-23,Nordrhein-Westfalen,243.08300000000003,17925570.0,1.3560684541691006
2020-04-23,Rheinland-Pfalz,31.008,4098391.0,0.7565895982106149
2020-04-24,Baden-Württemberg,187.98000000000002,11103043.0,1.6930493739419004
2020-04-24,Bayern,259.645,13140183.0,1.9759618264068317
2020-04-24,Hessen,85.5833,6293154.0,1.3599428839656553
2020-04-24,Niedersachsen,77.6417,8003421.0,0.9701064082471733
2020-04-24,Nordrhein-Westfalen,255.375,17925570.0,1.4246408900804828
2020-04-24,Rheinland-Pfalz,32.5167,4098391.0,0.7934016056545118
2020-04-25,Baden-Württemberg,168.833,11103043.0,1.5206011541160382
2020-04-25,Bayern,245.143,13140183.0,1.8655980666327097
2020-04-25,Hessen,68.25,6293154.0,1.0845118361953323
2020-04-25,Niedersachsen,59.6007,8003421.0,0.7446903018096886
2020-04-25,Nordrhein-Westfalen,224.997,17925570.0,1.2551734756551673
2020-04-25,Rheinland-Pfalz,34.8493,4098391.0,0.850316624255714
2020-04-26,Baden-Württemberg,130.733,11103043.0,1.1774519832085673
2020-04-26,Bayern,208.41,13140183.0,1.5860509705230132
2020-04-26,Hessen,62.617,6293154.0,0.9950018702863461
2020-04-26,Niedersachsen,71.1837,8003421.0,0.8894159135199811
2020-04-26,Nordrhein-Westfalen,190.10999999999999,17925570.0,1.060552049390898
2020-04-26,Rheinland-Pfalz,36.0333,4098391.0,0.8792060103586992
2020-04-27,Baden-Württemberg,182.692,11103043.0,1.6454227908511208
2020-04-27,Bayern,225.95,13140183.0,1.7195346518385626
2020-04-27,Hessen,69.75,6293154.0,1.1083472611666583
2020-04-27,Niedersachsen,74.9333,8003421.0,0.9362658793033629
2020-04-27,Nordrhein-Westfalen,258.227,17925570.0,1.4405511233394528
2020-04-27,Rheinland-Pfalz,36.808,4098391.0,0.8981085504042928
2020-04-28,Baden-Württemberg,141.617,11103043.0,1.2754791636851266
2020-04-28,Bayern,203.42000000000002,13140183.0,1.548075852520471
2020-04-28,Hessen,70.11670000000001,6293154.0,1.1141742280579818
2020-04-28,Niedersachsen,59.757999999999996,8003421.0,0.7466557113514334
2020-04-28,Nordrhein-Westfalen,221.74,17925570.0,1.2370039000154527
2020-04-28,Rheinland-Pfalz,40.350300000000004,4098391.0,0.9845400304656146
2020-04-29,Baden-Württemberg,137.392,11103043.0,1.2374265325280647
2020-04-29,Bayern,174.625,13140183.0,1.3289388739867627
2020-04-29,Hessen,56.525000000000006,6293154.0,0.8981982643361343
2020-04-29,Niedersachsen,59.974999999999994,8003421.0,0.749367051914425
2020-04-29,Nordrhein-Westfalen,206.255,17925570.0,1.150618920346745
2020-04-29,Rheinland-Pfalz,19.333,4098391.0,0.47172170737247854
2020-04-30,Baden-Württemberg,134.492,11103043.0,1.2113075667634539
2020-04-30,Bayern,203.42,13140183.0,1.548075852520471
2020-04-30,Hessen,64.9413,6293154.0,1.0319356557935815
2020-04-30,Niedersachsen,79.6743,8003421.0,0.9955030480090951
2020-04-30,Nordrhein-Westfalen,223.08499999999998,17925570.0,1.2445071481687888
2020-04-30,Rheinland-Pfalz,18.7247,4098391.0,0.456879297265683
2020-05-01,Baden-Württemberg,116.017,11103043.0,1.0449117417630465
2020-05-01,Bayern,176.78,13140183.0,1.3453389499978805
2020-05-01,Hessen,53.508300000000006,6293154.0,0.8502620466621349
2020-05-01,Niedersachsen,64.6917,8003421.0,0.8083006004557302
2020-05-01,Nordrhein-Westfalen,200.95000000000002,17925570.0,1.1210243244705747
2020-05-01,Rheinland-Pfalz,21.8084,4098391.0,0.5321210201759666
2020-05-02,Baden-Württemberg,82.7833,11103043.0,0.7455910960625839
2020-05-02,Bayern,140.65800000000002,13140183.0,1.0704417130263713
2020-05-02,Hessen,61.25,6293154.0,0.973279852995811
2020-05-02,Niedersachsen,53.958299999999994,8003421.0,0.6741904493091141
2020-05-02,Nordrhein-Westfalen,201.504,17925570.0,1.1241148817025066
2020-05-02,Rheinland-Pfalz,26.4167,4098391.0,0.6445627076577125
2020-05-03,Baden-Württemberg,113.86670000000001,11103043.0,1.0255449789755835
2020-05-03,Bayern,164.316,13140183.0,1.2504848676765004
2020-05-03,Hessen,60.4077,6293154.0,0.9598954673602458
2020-05-03,Niedersachsen,56.4417,8003421.0,0.7052196804341544
2020-05-03,Nordrhein-Westfalen,157.274,17925570.0,0.8773723792325712
2020-05-03,Rheinland-Pfalz,21.383,4098391.0,0.5217413370271407
2020-05-04,Baden-Württemberg,130.95,11103043.0,1.1794064023709534
2020-05-04,Bayern,172.759,13140183.0,1.3147381585172748
2020-05-04,Hessen,64.7167,6293154.0,1.0283666981612083
2020-05-04,Niedersachsen,65.4253,8003421.0,0.8174666808106182
2020-05-04,Nordrhein-Westfalen,226.061,17925570.0,1.2611091306998885
2020-05-04,Rheinland-Pfalz,30.3413,4098391.0,0.740322238654145
2020-05-05,Baden-Württemberg,110.5007,11103043.0,0.9952289656087975
2020-05-05,Bayern,177.755,13140183.0,1.3527589379843492
2020-05-05,Hessen,58.8003,6293154.0,0.9343534259609728
2020-05-05,Niedersachsen,45.2253,8003421.0,0.5650746099699117
2020-05-05,Nordrhein-Westfalen,213.939,17925570.0,1.1934850607261025
2020-05-05,Rheinland-Pfalz,29.8667,4098391.0,0.7287420843936071
2020-05-06,Baden-Württemberg,112.767,11103043.0,1.0156404870268447
2020-05-06,Bayern,161.538,13140183.0,1.2293436095981314
2020-05-06,Hessen,63.967,6293154.0,1.0164537527605395
2020-05-06,Niedersachsen,41.0743,8003421.0,0.5132092888778436
2020-05-06,Nordrhein-Westfalen,187.098,17925570.0,1.0437492364259546
2020-05-06,Rheinland-Pfalz,17.417,4098391.0,0.4249716535098775
2020-05-07,Baden-Württemberg,104.18299999999999,11103043.0,0.9383283483635972
2020-05-07,Bayern,153.74200000000002,13140183.0,1.1700141466827365
2020-05-07,Hessen,45.783,6293154.0,0.7275048409748117
2020-05-07,Niedersachsen,50.2743,8003421.0,0.628160133023116
2020-05-07,Nordrhein-Westfalen,182.405,17925570.0,1.0175687579251316
2020-05-07,Rheinland-Pfalz,17.3833,4098391.0,0.4241493795979934
2020-05-08,Baden-Württemberg,112.0163,11103043.0,1.0088792775097781
2020-05-08,Bayern,147.917,13140183.0,1.1256844748661414
2020-05-08,Hessen,43.8247,6293154.0,0.6963868991605799
2020-05-08,Niedersachsen,31.325,8003421.0,0.39139512965768014
2020-05-08,Nordrhein-Westfalen,175.822,17925570.0,0.9808446816475013
2020-05-08,Rheinland-Pfalz,25.191699999999997,4098391.0,0.6146729289616338
2020-05-09,Baden-Württemberg,73.49170000000001,11103043.0,0.6619059297527715
2020-05-09,Bayern,138.91729999999998,13140183.0,1.0571945611411955
2020-05-09,Hessen,38.3337,6293154.0,0.6091333534822125
2020-05-09,Niedersachsen,42.3,8003421.0,0.5285239899288067
2020-05-09,Nordrhein-Westfalen,144.426,17925570.0,0.8056982288429321
2020-05-09,Rheinland-Pfalz,29.3,4098391.0,0.714914706771511
2020-05-10,Baden-Württemberg,79.2,11103043.0,0.7133179615714359
2020-05-10,Bayern,132.15800000000002,13140183.0,1.0057546382725417
2020-05-10,Hessen,47.2667,6293154.0,0.7510812543281159
2020-05-10,Niedersachsen,36.916700000000006,8003421.0,0.4612615030497584
2020-05-10,Nordrhein-Westfalen,134.108,17925570.0,0.7481379950539927
2020-05-10,Rheinland-Pfalz,19.4167,4098391.0,0.47376397225154937
2020-05-11,Baden-Württemberg,83.875,11103043.0,0.755423535691972
2020-05-11,Bayern,141.17499999999998,13140183.0,1.0743762092202216
2020-05-11,Hessen,61.425,6293154.0,0.976060652575799
2020-05-11,Niedersachsen,44.1087,8003421.0,0.5511230759946278
2020-05-11,Nordrhein-Westfalen,162.445,17925570.0,0.9062194396049889
2020-05-11,Rheinland-Pfalz,29.3586,4098391.0,0.7163445361850541
2020-05-12,Baden-Württemberg,81.03399999999999,11103043.0,0.7298359557825723
2020-05-12,Bayern,131.2003,13140183.0,0.9984663075088072
2020-05-12,Hessen,63.816,6293154.0,1.0140543199800927
2020-05-12,Niedersachsen,38.6837,8003421.0,0.483339561919834
2020-05-12,Nordrhein-Westfalen,162.316,17925570.0,0.9054997972170481
2020-05-12,Rheinland-Pfalz,20.7503,4098391.0,0.5063035713283579
2020-05-13,Baden-Württemberg,80.3423,11103043.0,0.7236061321207168
2020-05-13,Bayern,122.483,13140183.0,0.9321255267145062
2020-05-13,Hessen,80.841,6293154.0,1.2845863934046424
2020-05-13,Niedersachsen,33.8497,8003421.0,0.4229403901156768
2020-05-13,Nordrhein-Westfalen,144.52499999999998,17925570.0,0.8062505125360029
2020-05-13,Rheinland-Pfalz,16.475,4098391.0,0.40198702368807665
2020-05-14,Baden-Württemberg,54.5993,11103043.0,0.49175077499024367
2020-05-14,Bayern,130.8,13140183.0,0.9954199268001064
2020-05-14,Hessen,54.708,6293154.0,0.8693256195542013
2020-05-14,Niedersachsen,43.9497,8003421.0,0.5491364255360301
2020-05-14,Nordrhein-Westfalen,121.251,17925570.0,0.6764136370558927
2020-05-14,Rheinland-Pfalz,17.7413,4098391.0,0.4328845149230515
2020-05-15,Baden-Württemberg,57.06700000000001,11103043.0,0.5139762135479437
2020-05-15,Bayern,126.158,13140183.0,0.9600931737404266
2020-05-15,Hessen,66.3,6293154.0,1.0535257837326084
2020-05-15,Niedersachsen,111.4497,8003421.0,1.3925257711671046
2020-05-15,Nordrhein-Westfalen,190.245,17925570.0,1.0613051635178128
2020-05-15,Rheinland-Pfalz,23.3663,4098391.0,0.5701334987315754
2020-05-16,Baden-Württemberg,55.108000000000004,11103043.0,0.49633240184695315
2020-05-16,Bayern,108.4257,13140183.0,0.8251460424866229
2020-05-16,Hessen,67.384,6293154.0,1.0707508508452201
2020-05-16,Niedersachsen,39.617000000000004,8003421.0,0.4950008252720931
2020-05-16,Nordrhein-Westfalen,159.159,17925570.0,0.8878880838935665
2020-05-16,Rheinland-Pfalz,22.10837,4098391.0,0.5394402339845076
2020-05-17,Baden-Württemberg,41.999700000000004,11103043.0,0.3782719746289373
2020-05-17,Bayern,92.94200000000001,13140183.0,0.7073113060906382
2020-05-17,Hessen,46.2087,6293154.0,0.734269334581674
2020-05-17,Niedersachsen,43.6834,8003421.0,0.5458090983843034
2020-05-17,Nordrhein-Westfalen,111.842,17925570.0,0.6239243717215129
2020-05-17,Rheinland-Pfalz,12.5916,4098391.0,0.3072327652486061
2020-05-18,Baden-Württemberg,70.9833,11103043.0,0.6393139250203751
2020-05-18,Bayern,133.566,13140183.0,1.0164698619494112
2020-05-18,Hessen,63.458299999999994,6293154.0,1.008370365638597
2020-05-18,Niedersachsen,68.891,8003421.0,0.8607694134795609
2020-05-18,Nordrhein-Westfalen,144.192,17925570.0,0.8043928310229466
2020-05-18,Rheinland-Pfalz,12.1583,4098391.0,0.2966603235269646
2020-05-19,Baden-Württemberg,62.358000000000004,11103043.0,0.5616298162584797
2020-05-19,Bayern,103.467,13140183.0,0.7874091251240565
2020-05-19,Hessen,39.85,6293154.0,0.6332277900715603
2020-05-19,Niedersachsen,54.8167,8003421.0,0.684915862854147
2020-05-19,Nordrhein-Westfalen,105.36699999999999,17925570.0,0.5878027867454144
2020-05-19,Rheinland-Pfalz,11.7917,4098391.0,0.2877153497555504
2020-05-20,Baden-Württemberg,69.0327,11103043.0,0.6217457682547028
2020-05-20,Bayern,116.91600000000001,13140183.0,0.8897592978727923
2020-05-20,Hessen,44.9003,6293154.0,0.713478487893352
2020-05-20,Niedersachsen,101.9997,8003421.0,1.2744512627787543
2020-05-20,Nordrhein-Westfalen,117.458,17925570.0,0.6552539194011683
2020-05-20,Rheinland-Pfalz,11.924900000000001,4098391.0,0.29096540569213625
2020-05-21,Baden-Württemberg,45.1003,11103043.0,0.40619765230126553
2020-05-21,Bayern,92.483,13140183.0,0.7038182040539314
2020-05-21,Hessen,34.9083,6293154.0,0.5547027770176924
2020-05-21,Niedersachsen,42.850300000000004,8003421.0,0.5353997996606701
2020-05-21,Nordrhein-Westfalen,89.6,17925570.0,0.49984463534492907
2020-05-21,Rheinland-Pfalz,13.632969999999998,4098391.0,0.33264200511859404
2020-05-22,Baden-Württemberg,38.750299999999996,11103043.0,0.34900612381668694
2020-05-22,Bayern,81.334,13140183.0,0.6189715927091731
2020-05-22,Hessen,27.0413,6293154.0,0.4296939181847449
2020-05-22,Niedersachsen,43.1913,8003421.0,0.5396604776882286
2020-05-22,Nordrhein-Westfalen,99.851,17925570.0,0.5570311013819923
2020-05-22,Rheinland-Pfalz,14.10833,4098391.0,0.3442407032418332
2020-05-23,Baden-Württemberg,43.191,11103043.0,0.389001465634241
2020-05-23,Bayern,73.734,13140183.0,0.5611337376351607
2020-05-23,Hessen,30.1667,6293154.0,0.4793574096549997
2020-05-23,Niedersachsen,58.7417,8003421.0,0.7339573914704725
2020-05-23,Nordrhein-Westfalen,85.7997,17925570.0,0.47864419374111955
2020-05-23,Rheinland-Pfalz,7.475029999999999,4098391.0,0.18238938158901868
2020-05-24,Baden-Württemberg,35.9667,11103043.0,0.32393551929862835
2020-05-24,Bayern,69.75829999999999,13140183.0,0.5308776902117724
2020-05-24,Hessen,35.6,6293154.0,0.5656940859861367
2020-05-24,Niedersachsen,57.4747,8003421.0,0.7181266610865529
2020-05-24,Nordrhein-Westfalen,89.775,17925570.0,0.5008208943983371
2020-05-24,Rheinland-Pfalz,11.075,4098391.0,0.27022799923189367
2020-05-25,Baden-Württemberg,45.3,11103043.0,0.40799625832305614
2020-05-25,Bayern,80.951,13140183.0,0.6160568692232063
2020-05-25,Hessen,41.158699999999996,6293154.0,0.6540234038448764
2020-05-25,Niedersachsen,79.40870000000001,8003421.0,0.9921844671172491
2020-05-25,Nordrhein-Westfalen,101.525,17925570.0,0.5663697165557358
2020-05-25,Rheinland-Pfalz,17.7166,4098391.0,0.4322818393852612
2020-05-26,Baden-Württemberg,45.942,11103043.0,0.4137784569509458
2020-05-26,Bayern,88.408,13140183.0,0.6728064593925366
2020-05-26,Hessen,28.5167,6293154.0,0.45313844218654115
2020-05-26,Niedersachsen,71.0747,8003421.0,0.8880539959099991
2020-05-26,Nordrhein-Westfalen,94.14099999999999,17925570.0,0.5251771631250778
2020-05-26,Rheinland-Pfalz,14.0999,4098391.0,0.3440350127647655
2020-05-27,Baden-Württemberg,41.2007,11103043.0,0.3710757492337911
2020-05-27,Bayern,81.28399999999999,13140183.0,0.6185910805047388
2020-05-27,Hessen,29.7336,6293154.0,0.4724753279516122
2020-05-27,Niedersachsen,73.766,8003421.0,0.921680866219583
2020-05-27,Nordrhein-Westfalen,116.85,17925570.0,0.6518621165184706
2020-05-27,Rheinland-Pfalz,14.1499,4098391.0,0.3452550037319524
2020-05-28,Baden-Württemberg,30.7583,11103043.0,0.27702585678538755
2020-05-28,Bayern,69.251,13140183.0,0.5270170133855823
2020-05-28,Hessen,25.6167,6293154.0,0.4070566205753109
2020-05-28,Niedersachsen,57.642,8003421.0,0.7202170171980207
2020-05-28,Nordrhein-Westfalen,90.90899999999999,17925570.0,0.5071470530644214
2020-05-28,Rheinland-Pfalz,7.9083,4098391.0,0.19296109131607989
2020-05-29,Baden-Württemberg,29.2167,11103043.0,0.2631413748465173
2020-05-29,Bayern,47.492000000000004,13140183.0,0.3614257122598673
2020-05-29,Hessen,35.567,6293154.0,0.5651697066367675
2020-05-29,Niedersachsen,60.974700000000006,8003421.0,0.7618579604896457
2020-05-29,Nordrhein-Westfalen,83.69200000000001,17925570.0,0.4668861297018729
2020-05-29,Rheinland-Pfalz,10.7417,4098391.0,0.26209553944462594
2020-05-30,Baden-Württemberg,18.4253,11103043.0,0.16594819996644164
2020-05-30,Bayern,46.208,13140183.0,0.3516541588499947
2020-05-30,Hessen,23.0837,6293154.0,0.3668065329403984
2020-05-30,Niedersachsen,55.5247,8003421.0,0.6937620799905441
2020-05-30,Nordrhein-Westfalen,82.958,17925570.0,0.46279142030072123
2020-05-30,Rheinland-Pfalz,6.54167,4098391.0,0.15961556620634781
2020-05-31,Baden-Württemberg,25.6246,11103043.0,0.23078898280408353
2020-05-31,Bayern,40.7746,13140183.0,0.31030465861852913
2020-05-31,Hessen,16.4253,6293154.0,0.2610026705210138
2020-05-31,Niedersachsen,53.775,8003421.0,0.6719001786860893
2020-05-31,Nordrhein-Westfalen,63.175,17925570.0,0.3524295182803113
2020-05-31,Rheinland-Pfalz,12.749970000000001,4098391.0,0.31109696463807385
2020-06-01,Baden-Württemberg,22.5747,11103043.0,0.20331993670564005
2020-06-01,Bayern,43.5333,13140183.0,0.3312990389859867
2020-06-01,Hessen,27.2163,6293154.0,0.4324747177647329
2020-06-01,Niedersachsen,62.4337,8003421.0,0.7800876650122491
2020-06-01,Nordrhein-Westfalen,88.1087,17925570.0,0.4915252346229437
2020-06-01,Rheinland-Pfalz,9.53333,4098391.0,0.23261152974423374
2020-06-02,Baden-Württemberg,28.633599999999998,11103043.0,0.2578896614198468
2020-06-02,Bayern,60.241,13140183.0,0.45844871414652294
2020-06-02,Hessen,25.425,6293154.0,0.40401045326397544
2020-06-02,Niedersachsen,87.8083,8003421.0,1.0971345878218826
2020-06-02,Nordrhein-Westfalen,119.859,17925570.0,0.6686481936139269
2020-06-02,Rheinland-Pfalz,15.1083,4098391.0,0.36863979059099045
2020-06-03,Baden-Württemberg,38.7667,11103043.0,0.34915383107135584
2020-06-03,Bayern,44.7743,13140183.0,0.34074335190004584
2020-06-03,Hessen,16.6584,6293154.0,0.26470669556155785
2020-06-03,Niedersachsen,81.1747,8003421.0,1.0142500313303524
2020-06-03,Nordrhein-Westfalen,108.64099999999999,17925570.0,0.6060671989788888
2020-06-03,Rheinland-Pfalz,13.941600000000001,4098391.0,0.34017252136265186
2020-06-04,Baden-Württemberg,23.642000000000003,11103043.0,0.21293261676100872
2020-06-04,Bayern,48.3173,13140183.0,0.36770644670625974
2020-06-04,Hessen,30.4837,6293154.0,0.4843946294656066
2020-06-04,Niedersachsen,56.0663,8003421.0,0.7005291862067483
2020-06-04,Nordrhein-Westfalen,92.97500000000001,17925570.0,0.5186724885177989
2020-06-04,Rheinland-Pfalz,12.5166,4098391.0,0.3054027787978258
2020-06-05,Baden-Württemberg,28.5337,11103043.0,0.25698990808195554
2020-06-05,Bayern,40.1423,13140183.0,0.3054927012812531
2020-06-05,Hessen,12.4834,6293154.0,0.19836476272470052
2020-06-05,Niedersachsen,41.5753,8003421.0,0.519469112020972
2020-06-05,Nordrhein-Westfalen,91.85,17925570.0,0.5123965374601755
2020-06-05,Rheinland-Pfalz,9.9667,4098391.0,0.24318567945322933
2020-06-06,Baden-Württemberg,19.0247,11103043.0,0.1713467199937891
2020-06-06,Bayern,41.0917,13140183.0,0.31271786701905147
2020-06-06,Hessen,21.4914,6293154.0,0.34150443481917014
2020-06-06,Niedersachsen,51.683,8003421.0,0.6457613563000122
2020-06-06,Nordrhein-Westfalen,78.4173,17925570.0,0.43746056610752126
2020-06-06,Rheinland-Pfalz,8.15827,4098391.0,0.19906031415743397
2020-06-07,Baden-Württemberg,23.3914,11103043.0,0.21067557785734956
2020-06-07,Bayern,31.9163,13140183.0,0.24289083340772347
2020-06-07,Hessen,11.125,6293154.0,0.1767794018706677
2020-06-07,Niedersachsen,30.483,8003421.0,0.38087462848699327
2020-06-07,Nordrhein-Westfalen,74.4743,17925570.0,0.415464054978447
2020-06-07,Rheinland-Pfalz,6.01667,4098391.0,0.14680566105088558
2020-06-08,Baden-Württemberg,31.692,11103043.0,0.2854352631076003
2020-06-08,Bayern,50.133300000000006,13140183.0,0.38152664997131325
2020-06-08,Hessen,24.7503,6293154.0,0.393289279111873
2020-06-08,Niedersachsen,54.4507,8003421.0,0.6803428184022807
2020-06-08,Nordrhein-Westfalen,124.39999999999999,17925570.0,0.6939807213940756
2020-06-08,Rheinland-Pfalz,10.808369999999998,4098391.0,0.2637222754002729
2020-06-09,Baden-Württemberg,38.392,11103043.0,0.3457790805637698
2020-06-09,Bayern,50.749700000000004,13140183.0,0.38621760442757913
2020-06-09,Hessen,30.0833,6293154.0,0.478032160026594
2020-06-09,Niedersachsen,53.416700000000006,8003421.0,0.66742334309291
2020-06-09,Nordrhein-Westfalen,148.41299999999998,17925570.0,0.8279401993911489
2020-06-09,Rheinland-Pfalz,9.8751,4098391.0,0.24095065600134297
2020-06-10,Baden-Württemberg,24.0254,11103043.0,0.21638572416588858
2020-06-10,Bayern,40.624700000000004,13140183.0,0.30916388302963516
2020-06-10,Hessen,30.325000000000003,6293154.0,0.4818728415036404
2020-06-10,Niedersachsen,56.975,8003421.0,0.7118830809974884
2020-06-10,Nordrhein-Westfalen,146.513,17925570.0,0.8173408153827186
2020-06-10,Rheinland-Pfalz,9.0583,4098391.0,0.22102088356137808
2020-06-11,Baden-Württemberg,20.9336,11103043.0,0.18853930404484606
2020-06-11,Bayern,25.992,13140183.0,0.19780546435312202
2020-06-11,Hessen,21.3167,6293154.0,0.3387284023241764
2020-06-11,Niedersachsen,41.6,8003421.0,0.5197777300481882
2020-06-11,Nordrhein-Westfalen,140.17499999999998,17925570.0,0.7819835017798596
2020-06-11,Rheinland-Pfalz,6.8416999999999994,4098391.0,0.16693624400404938
2020-06-12,Baden-Württemberg,24.475299999999997,11103043.0,0.22043776647537072
2020-06-12,Bayern,34.016400000000004,13140183.0,0.25887310701837263
2020-06-12,Hessen,25.392000000000003,6293154.0,0.40348607391460634
2020-06-12,Niedersachsen,42.334,8003421.0,0.5289488082658653
2020-06-12,Nordrhein-Westfalen,140.242,17925570.0,0.7823572695317359
2020-06-12,Rheinland-Pfalz,6.1166,4098391.0,0.14924393499790528
2020-06-13,Baden-Württemberg,21.5333,11103043.0,0.1939405260341692
2020-06-13,Bayern,27.4583,13140183.0,0.20896436526036205
2020-06-13,Hessen,23.674599999999998,6293154.0,0.3761961013507694
2020-06-13,Niedersachsen,41.5167,8003421.0,0.5187369251223946
2020-06-13,Nordrhein-Westfalen,138.03300000000002,17925570.0,0.7700340909661452
2020-06-13,Rheinland-Pfalz,10.233400000000001,4098391.0,0.24969311127220417
2020-06-14,Baden-Württemberg,22.741999999999997,11103043.0,0.2048267308340605
2020-06-14,Bayern,32.2003,13140183.0,0.24505214272891024
2020-06-14,Hessen,25.1997,6293154.0,0.4004303724332823
2020-06-14,Niedersachsen,30.5083,8003421.0,0.38119074330839275
2020-06-14,Nordrhein-Westfalen,146.282,17925570.0,0.8160521534322202
2020-06-14,Rheinland-Pfalz,9.75,4098391.0,0.2378982386014414
2020-06-15,Baden-Württemberg,29.183,11103043.0,0.2628378544512527
2020-06-15,Bayern,58.9413,13140183.0,0.44855767990445794
2020-06-15,Hessen,44.883700000000005,6293154.0,0.713214709190336
2020-06-15,Niedersachsen,58.425,8003421.0,0.7300003336073412
2020-06-15,Nordrhein-Westfalen,264.17199999999997,17925570.0,1.4737160380395153
2020-06-15,Rheinland-Pfalz,15.333,4098391.0,0.3741224299975283
2020-06-16,Baden-Württemberg,29.608600000000003,11103043.0,0.26667103784070734
2020-06-16,Bayern,63.474599999999995,13140183.0,0.48305719943169734
2020-06-16,Hessen,37.3247,6293154.0,0.5931000576181673
2020-06-16,Niedersachsen,53.833299999999994,8003421.0,0.672628617187575
2020-06-16,Nordrhein-Westfalen,772.68,17925570.0,4.310490545070533
2020-06-16,Rheinland-Pfalz,11.4,4098391.0,0.2781579405186084
2020-06-17,Baden-Württemberg,38.8836,11103043.0,0.3502066955878672
2020-06-17,Bayern,59.9,13140183.0,0.45585362091228104
2020-06-17,Hessen,37.1247,6293154.0,0.5899220009553238
2020-06-17,Niedersachsen,54.832699999999996,8003421.0,0.685115777365704
2020-06-17,Nordrhein-Westfalen,328.427,17925570.0,1.8321704693351455
2020-06-17,Rheinland-Pfalz,7.8583,4098391.0,0.19174110034889302
2020-06-18,Baden-Württemberg,30.0247,11103043.0,0.27041865910093293
2020-06-18,Bayern,44.525000000000006,13140183.0,0.33884611804873654
2020-06-18,Hessen,27.058,6293154.0,0.42995928591609234
2020-06-18,Niedersachsen,48.5837,8003421.0,0.6070366659457249
2020-06-18,Nordrhein-Westfalen,280.647,17925570.0,1.565623854638932
2020-06-18,Rheinland-Pfalz,8.9833,4098391.0,0.2191908971105978
2020-06-19,Baden-Württemberg,41.3587,11103043.0,0.37249878254096647
2020-06-19,Bayern,64.825,13140183.0,0.49333407304905874
2020-06-19,Hessen,29.608700000000002,6293154.0,0.4704906315656665
2020-06-19,Niedersachsen,38.632999999999996,8003421.0,0.48270608281133776
2020-06-19,Nordrhein-Westfalen,282.40200000000004,17925570.0,1.5754143382888246
2020-06-19,Rheinland-Pfalz,11.475,4098391.0,0.27998792696938873
2020-06-20,Baden-Württemberg,35.683,11103043.0,0.3213803639236559
2020-06-20,Bayern,71.1747,13140183.0,0.5416568399389872
2020-06-20,Hessen,24.875,6293154.0,0.3952707974411559
2020-06-20,Niedersachsen,39.75,8003421.0,0.4966626146494105
2020-06-20,Nordrhein-Westfalen,214.68,17925570.0,1.1976188204893903
2020-06-20,Rheinland-Pfalz,10.36667,4098391.0,0.252944875196144
2020-06-21,Baden-Württemberg,25.45,11103043.0,0.22921644093425558
2020-06-21,Bayern,53.8583,13140183.0,0.4098748092016679
2020-06-21,Hessen,20.52467,6293154.0,0.32614282123081684
2020-06-21,Niedersachsen,27.549999999999997,8003421.0,0.34422779958720146
2020-06-21,Nordrhein-Westfalen,160.283,17925570.0,0.8941584563280274
2020-06-21,Rheinland-Pfalz,8.541699999999999,4098391.0,0.20841593688840326
2020-06-22,Baden-Württemberg,47.867000000000004,11103043.0,0.43111604629469596
2020-06-22,Bayern,67.816,13140183.0,0.516096313118318
2020-06-22,Hessen,29.191300000000002,6293154.0,0.4638580273103121
2020-06-22,Niedersachsen,29.5497,8003421.0,0.36921336513473424
2020-06-22,Nordrhein-Westfalen,197.96300000000002,17925570.0,1.1043609770846898
2020-06-22,Rheinland-Pfalz,13.433300000000001,4098391.0,0.32777009319023004
2020-06-23,Baden-Württemberg,42.749700000000004,11103043.0,0.38502687956806075
2020-06-23,Bayern,57.1253,13140183.0,0.4347374766394045
2020-06-23,Hessen,17.4497,6293154.0,0.27728067674809803
2020-06-23,Niedersachsen,35.7667,8003421.0,0.4468926475315993
2020-06-23,Nordrhein-Westfalen,196.39800000000002,17925570.0,1.0956304318356407
2020-06-23,Rheinland-Pfalz,14.1917,4098391.0,0.3462749161805206
2020-06-24,Baden-Württemberg,52.9913,11103043.0,0.477268258800763
2020-06-24,Bayern,63.299299999999995,13140183.0,0.4817231236429507
2020-06-24,Hessen,31.4163,6293154.0,0.4992139076844457
2020-06-24,Niedersachsen,33.783,8003421.0,0.42210699649562355
2020-06-24,Nordrhein-Westfalen,211.41899999999998,17925570.0,1.1794269303570264
2020-06-24,Rheinland-Pfalz,12.25003,4098391.0,0.2988985189553657
2020-06-25,Baden-Württemberg,30.425,11103043.0,0.2740239770304411
2020-06-25,Bayern,60.9917,13140183.0,0.46416172438389935
2020-06-25,Hessen,25.2583,6293154.0,0.40136154303549537
2020-06-25,Niedersachsen,25.1163,8003421.0,0.3138195529136853
2020-06-25,Nordrhein-Westfalen,201.33499999999998,17925570.0,1.1231720943880723
2020-06-25,Rheinland-Pfalz,14.42503,4098391.0,0.3519681260279949
2020-06-26,Baden-Württemberg,42.774699999999996,11103043.0,0.38525204306603156
2020-06-26,Bayern,73.6243,13140183.0,0.5602988938586321
2020-06-26,Hessen,24.0,6293154.0,0.3813667995412157
2020-06-26,Niedersachsen,29.592,8003421.0,0.36974188912466305
2020-06-26,Nordrhein-Westfalen,175.738,17925570.0,0.9803760773018655
2020-06-26,Rheinland-Pfalz,12.7501,4098391.0,0.3111001366145885
2020-06-27,Baden-Württemberg,26.725,11103043.0,0.24069977933076545
2020-06-27,Bayern,61.225300000000004,13140183.0,0.4659394774030164
2020-06-27,Hessen,20.4837,6293154.0,0.3254917963234334
2020-06-27,Niedersachsen,21.558,8003421.0,0.2693598150091067
2020-06-27,Nordrhein-Westfalen,152.25,17925570.0,0.8493453764650162
2020-06-27,Rheinland-Pfalz,10.68333,4098391.0,0.26067132198953197
2020-06-28,Baden-Württemberg,27.05,11103043.0,0.24362690480438562
2020-06-28,Bayern,58.40899999999999,13140183.0,0.4445067469760504
2020-06-28,Hessen,25.6247,6293154.0,0.4071837428418246
2020-06-28,Niedersachsen,18.96697,8003421.0,0.2369857839541366
2020-06-28,Nordrhein-Westfalen,130.658,17925570.0,0.7288917451439479
2020-06-28,Rheinland-Pfalz,9.05837,4098391.0,0.22102259154873216
2020-06-29,Baden-Württemberg,31.616600000000002,11103043.0,0.28475616999772047
2020-06-29,Bayern,80.84970000000001,13140183.0,0.6152859514970226
2020-06-29,Hessen,40.574999999999996,6293154.0,0.6447482454743678
2020-06-29,Niedersachsen,24.76637,8003421.0,0.30944729759936407
2020-06-29,Nordrhein-Westfalen,168.502,17925570.0,0.9400091600992325
2020-06-29,Rheinland-Pfalz,9.7583,4098391.0,0.2381007571019944
2020-06-30,Baden-Württemberg,32.491299999999995,11103043.0,0.2926341904647221
2020-06-30,Bayern,74.5667,13140183.0,0.5674707878878095
2020-06-30,Hessen,31.425,6293154.0,0.4993521531492794
2020-06-30,Niedersachsen,25.3753,8003421.0,0.31705566906951416
2020-06-30,Nordrhein-Westfalen,190.154,17925570.0,1.0607975088100405
2020-06-30,Rheinland-Pfalz,10.79167,4098391.0,0.26331479841723254
2020-07-01,Baden-Württemberg,32.692,11103043.0,0.2944418030264316
2020-07-01,Bayern,68.31700000000001,13140183.0,0.5199090454067498
2020-07-01,Hessen,29.6503,6293154.0,0.47115166735153785
2020-07-01,Niedersachsen,26.5,8003421.0,0.3311084097662737
2020-07-01,Nordrhein-Westfalen,171.517,17925570.0,0.9568287089336629
2020-07-01,Rheinland-Pfalz,16.8584,4098391.0,0.4113419144244656
2020-07-02,Baden-Württemberg,33.300399999999996,11103043.0,0.29992138191304846
2020-07-02,Bayern,62.3663,13140183.0,0.4746227659082069
2020-07-02,Hessen,33.783,6293154.0,0.5368214412042038
2020-07-02,Niedersachsen,19.85,8003421.0,0.2480189409003975
2020-07-02,Nordrhein-Westfalen,122.53300000000002,17925570.0,0.6835654319500023
2020-07-02,Rheinland-Pfalz,7.2751,4098391.0,0.17751112570762526
2020-07-03,Baden-Württemberg,33.7667,11103043.0,0.30412113147719955
2020-07-03,Bayern,84.75,13140183.0,0.6449681865161239
2020-07-03,Hessen,30.6587,6293154.0,0.48717542904559463
2020-07-03,Niedersachsen,17.8833,8003421.0,0.223445699032951
2020-07-03,Nordrhein-Westfalen,119.008,17925570.0,0.6639007853027825
2020-07-03,Rheinland-Pfalz,14.5084,4098391.0,0.3540023389666823
2020-07-04,Baden-Württemberg,33.917,11103043.0,0.30547481442699986
2020-07-04,Bayern,58.908300000000004,13140183.0,0.44830654184953134
2020-07-04,Hessen,25.24137,6293154.0,0.4010925205389857
2020-07-04,Niedersachsen,13.40803,8003421.0,0.16752873552447134
2020-07-04,Nordrhein-Westfalen,116.867,17925570.0,0.6519569531122302
2020-07-04,Rheinland-Pfalz,11.825000000000001,4098391.0,0.28852786373969685
2020-07-05,Baden-Württemberg,26.116300000000003,11103043.0,0.2352174984821729
2020-07-05,Bayern,55.9337,13140183.0,0.42566910978332645
2020-07-05,Hessen,31.333000000000002,6293154.0,0.49789024708437135
2020-07-05,Niedersachsen,12.1083,8003421.0,0.151289055017848
2020-07-05,Nordrhein-Westfalen,111.933,17925570.0,0.6244320264292851
2020-07-05,Rheinland-Pfalz,11.458400000000001,4098391.0,0.2795828899682827
2020-07-06,Baden-Württemberg,49.0834,11103043.0,0.44207160145196234
2020-07-06,Bayern,65.67429999999999,13140183.0,0.49979745335357956
2020-07-06,Hessen,28.0163,6293154.0,0.4451869444161068
2020-07-06,Niedersachsen,15.4837,8003421.0,0.19346352016219065
2020-07-06,Nordrhein-Westfalen,145.258,17925570.0,0.8103396433139923
2020-07-06,Rheinland-Pfalz,19.158,4098391.0,0.4674517389873246
2020-07-07,Baden-Württemberg,37.8253,11103043.0,0.3406750743917681
2020-07-07,Bayern,83.033,13140183.0,0.6319013974158503
2020-07-07,Hessen,32.867000000000004,6293154.0,0.5222659416883808
2020-07-07,Niedersachsen,11.8666,8003421.0,0.14826909642764013
2020-07-07,Nordrhein-Westfalen,146.892,17925570.0,0.8194551135612425
2020-07-07,Rheinland-Pfalz,15.00003,4098391.0,0.365998022150644
2020-07-08,Baden-Württemberg,40.9663,11103043.0,0.36896461627681704
2020-07-08,Bayern,72.0,13140183.0,0.5479375743853796
2020-07-08,Hessen,34.1503,6293154.0,0.5426579422655158
2020-07-08,Niedersachsen,12.700000000000001,8003421.0,0.15868214354836513
2020-07-08,Nordrhein-Westfalen,136.425,17925570.0,0.7610636649211155
2020-07-08,Rheinland-Pfalz,18.974700000000002,4098391.0,0.4629792521016175
2020-07-09,Baden-Württemberg,36.974599999999995,11103043.0,0.3330132108828183
2020-07-09,Bayern,73.684,13140183.0,0.5607532254307265
2020-07-09,Hessen,39.5333,6293154.0,0.6281953373459476
2020-07-09,Niedersachsen,25.7,8003421.0,0.3211126841884239
2020-07-09,Nordrhein-Westfalen,129.667,17925570.0,0.7233633295900772
2020-07-09,Rheinland-Pfalz,17.342,4098391.0,0.42314166705909706
2020-07-10,Baden-Württemberg,48.4003,11103043.0,0.43591923403340865
2020-07-10,Bayern,71.5167,13140183.0,0.5442595434173177
2020-07-10,Hessen,39.6834,6293154.0,0.6305804688714117
2020-07-10,Niedersachsen,29.192,8003421.0,0.36474402633573816
2020-07-10,Nordrhein-Westfalen,158.6,17925570.0,0.884769633545823
2020-07-10,Rheinland-Pfalz,27.25,4098391.0,0.664895077116849
2020-07-11,Baden-Württemberg,48.05,11103043.0,0.43276424309984207
2020-07-11,Bayern,71.083,13140183.0,0.5409589805560546
2020-07-11,Hessen,28.1583,6293154.0,0.4474433646467256
2020-07-11,Niedersachsen,20.0246,8003421.0,0.25020050800776317
2020-07-11,Nordrhein-Westfalen,147.291,17925570.0,0.8216809842030128
2020-07-11,Rheinland-Pfalz,22.8747,4098391.0,0.558138547542194
2020-07-12,Baden-Württemberg,41.883,11103043.0,0.37722091142040975
2020-07-12,Bayern,72.0913,13140183.0,0.5486323896706766
2020-07-12,Hessen,24.2,6293154.0,0.3845448562040592
2020-07-12,Niedersachsen,21.7164,8003421.0,0.271338968673521
2020-07-12,Nordrhein-Westfalen,143.00799999999998,17925570.0,0.7977877411987456
2020-07-12,Rheinland-Pfalz,14.249699999999999,4098391.0,0.3476901057024574
2020-07-13,Baden-Württemberg,84.1087,11103043.0,0.7575283640710029
2020-07-13,Bayern,94.1337,13140183.0,0.716380433971125
2020-07-13,Hessen,47.8,6293154.0,0.759555542419588
2020-07-13,Niedersachsen,37.7417,8003421.0,0.4715695950519159
2020-07-13,Nordrhein-Westfalen,186.286,17925570.0,1.0392193944181412
2020-07-13,Rheinland-Pfalz,26.1747,4098391.0,0.638657951376528
2020-07-14,Baden-Württemberg,59.5077,11103043.0,0.535958475527835
2020-07-14,Bayern,79.25,13140183.0,0.6031118440283518
2020-07-14,Hessen,38.8837,6293154.0,0.6178730093050321
2020-07-14,Niedersachsen,43.725300000000004,8003421.0,0.5463326245114433
2020-07-14,Nordrhein-Westfalen,203.81099999999998,17925570.0,1.1369847653380059
2020-07-14,Rheinland-Pfalz,20.2166,4098391.0,0.4932813877446051
2020-07-15,Baden-Württemberg,71.4837,11103043.0,0.6438207975957582
2020-07-15,Bayern,90.80799999999999,13140183.0,0.6910710452053827
2020-07-15,Hessen,47.10000000000001,6293154.0,0.748432344099636
2020-07-15,Niedersachsen,41.283,8003421.0,0.5158169237879652
2020-07-15,Nordrhein-Westfalen,216.661,17925570.0,1.2086700729739697
2020-07-15,Rheinland-Pfalz,18.2503,4098391.0,0.44530402296901395
2020-07-16,Baden-Württemberg,64.4583,11103043.0,0.580546252050001
2020-07-16,Bayern,79.108,13140183.0,0.6020311893677585
2020-07-16,Hessen,39.5083,6293154.0,0.6277980802630923
2020-07-16,Niedersachsen,32.392,8003421.0,0.40472692864713733
2020-07-16,Nordrhein-Westfalen,178.034,17925570.0,0.9931845960825793
2020-07-16,Rheinland-Pfalz,13.325,4098391.0,0.32512759275530323
2020-07-17,Baden-Württemberg,79.5333,11103043.0,0.7163198413263824
2020-07-17,Bayern,74.4,13140183.0,0.5662021601982257
2020-07-17,Hessen,45.867,6293154.0,0.728839624773206
2020-07-17,Niedersachsen,45.0083,8003421.0,0.5623632694069198
2020-07-17,Nordrhein-Westfalen,193.03199999999998,17925570.0,1.0768527862712316
2020-07-17,Rheinland-Pfalz,14.18333,4098391.0,0.3460706896926135
2020-07-18,Baden-Württemberg,66.041,11103043.0,0.5948009027795353
2020-07-18,Bayern,79.71700000000001,13140183.0,0.6066658280177681
2020-07-18,Hessen,32.874700000000004,6293154.0,0.5223882968699003
2020-07-18,Niedersachsen,27.2167,8003421.0,0.34006333041832987
2020-07-18,Nordrhein-Westfalen,201.093,17925570.0,1.1218220675827881
2020-07-18,Rheinland-Pfalz,14.61633,4098391.0,0.3566358114684519
2020-07-19,Baden-Württemberg,58.632999999999996,11103043.0,0.5280804550608333
2020-07-19,Bayern,81.0753,13140183.0,0.6170028225634301
2020-07-19,Hessen,42.167,6293154.0,0.6700455765106018
2020-07-19,Niedersachsen,31.2413,8003421.0,0.3903493268690976
2020-07-19,Nordrhein-Westfalen,202.24,17925570.0,1.1282207483499826
2020-07-19,Rheinland-Pfalz,15.3084,4098391.0,0.37352219444167234
2020-07-20,Baden-Württemberg,65.375,11103043.0,0.5888025471935937
2020-07-20,Bayern,114.42500000000001,13140183.0,0.8708021798478759
2020-07-20,Hessen,52.15,6293154.0,0.8286782748364334
2020-07-20,Niedersachsen,40.132999999999996,8003421.0,0.501448068269806
2020-07-20,Nordrhein-Westfalen,268.47,17925570.0,1.497692960391218
2020-07-20,Rheinland-Pfalz,19.817,4098391.0,0.4835312199348476
2020-07-21,Baden-Württemberg,70.258,11103043.0,0.6327814816172467
2020-07-21,Bayern,113.0257,13140183.0,0.8601531652945777
2020-07-21,Hessen,58.2413,6293154.0,0.9254707575883253
2020-07-21,Niedersachsen,34.4337,8003421.0,0.4302372697875071
2020-07-21,Nordrhein-Westfalen,286.524,17925570.0,1.598409422963956
2020-07-21,Rheinland-Pfalz,12.8667,4098391.0,0.3139451555500683
2020-07-22,Baden-Württemberg,76.425,11103043.0,0.6883248132966792
2020-07-22,Bayern,141.072,13140183.0,1.073592354079087
2020-07-22,Hessen,49.7836,6293154.0,0.7910755084016695
2020-07-22,Niedersachsen,33.7833,8003421.0,0.4221107448927152
2020-07-22,Nordrhein-Westfalen,289.85699999999997,17925570.0,1.6170029739640077
2020-07-22,Rheinland-Pfalz,22.525,4098391.0,0.5496059307176889
2020-07-23,Baden-Württemberg,85.89229999999999,11103043.0,0.7735924286702304
2020-07-23,Bayern,112.683,13140183.0,0.8575451346453851
2020-07-23,Hessen,55.05,6293154.0,0.8747600964476636
2020-07-23,Niedersachsen,34.5087,8003421.0,0.4311743690604305
2020-07-23,Nordrhein-Westfalen,256.08299999999997,17925570.0,1.4285905552794136
2020-07-23,Rheinland-Pfalz,16.0753,4098391.0,0.39223441589638464
2020-07-24,Baden-Württemberg,68.833,11103043.0,0.6199471622329121
2020-07-24,Bayern,100.57529999999998,13140183.0,0.7654025822928036
2020-07-24,Hessen,60.749700000000004,6293154.0,0.9653299442537081
2020-07-24,Niedersachsen,48.508700000000005,8003421.0,0.6060995666728015
2020-07-24,Nordrhein-Westfalen,263.389,17925570.0,1.4693479761034098
2020-07-24,Rheinland-Pfalz,23.308699999999998,4098391.0,0.5687280691373761
2020-07-25,Baden-Württemberg,61.224700000000006,11103043.0,0.5514227045684684
2020-07-25,Bayern,98.1833,13140183.0,0.7471988784326672
2020-07-25,Hessen,61.359,6293154.0,0.9750118938770607
2020-07-25,Niedersachsen,42.1,8003421.0,0.5260250585343442
2020-07-25,Nordrhein-Westfalen,242.03,17925570.0,1.350194163979165
2020-07-25,Rheinland-Pfalz,17.049699999999998,4098391.0,0.41600959986492253
2020-07-26,Baden-Württemberg,63.325,11103043.0,0.5703391403599896
2020-07-26,Bayern,89.625,13140183.0,0.6820681264484673
2020-07-26,Hessen,51.24999999999999,6293154.0,0.8143770198536376
2020-07-26,Niedersachsen,37.867,8003421.0,0.4731351755705466
2020-07-26,Nordrhein-Westfalen,247.005,17925570.0,1.3779478142117656
2020-07-26,Rheinland-Pfalz,16.79167,4098391.0,0.409713714479658
2020-07-27,Baden-Württemberg,75.14170000000001,11103043.0,0.6767667206188431
2020-07-27,Bayern,112.33299999999998,13140183.0,0.8548815492143449
2020-07-27,Hessen,68.6,6293154.0,1.090073435355308
2020-07-27,Niedersachsen,62.424699999999994,8003421.0,0.7799752130994982
2020-07-27,Nordrhein-Westfalen,351.101,17925570.0,1.9586601709178564
2020-07-27,Rheinland-Pfalz,21.508300000000002,4098391.0,0.524798634390911
2020-07-28,Baden-Württemberg,66.86699999999999,11103043.0,0.6022403047524898
2020-07-28,Bayern,111.3413,13140183.0,0.8473344701515954
2020-07-28,Hessen,66.8587,6293154.0,1.0624036850202616
2020-07-28,Niedersachsen,56.991299999999995,8003421.0,0.7120867439061371
2020-07-28,Nordrhein-Westfalen,299.392,17925570.0,1.6701951458168416
2020-07-28,Rheinland-Pfalz,27.209000000000003,4098391.0,0.6638946845237559
2020-07-29,Baden-Württemberg,60.1757,11103043.0,0.5419748441936143
2020-07-29,Bayern,104.0993,13140183.0,0.7922210824613325
2020-07-29,Hessen,63.7333,6293154.0,1.0127401935500069
2020-07-29,Niedersachsen,49.1003,8003421.0,0.6134914057376214
2020-07-29,Nordrhein-Westfalen,308.178,17925570.0,1.7192089289210888
2020-07-29,Rheinland-Pfalz,25.3167,4098391.0,0.6177229063796011
2020-07-30,Baden-Württemberg,63.6507,11103043.0,0.573272570411553
2020-07-30,Bayern,109.9,13140183.0,0.8363658253465724
2020-07-30,Hessen,79.50800000000001,6293154.0,1.2634046457467911
2020-07-30,Niedersachsen,49.9917,8003421.0,0.6246291429627405
2020-07-30,Nordrhein-Westfalen,291.225,17925570.0,1.624634530450078
2020-07-30,Rheinland-Pfalz,41.5663,4098391.0,1.0142102107875994
2020-07-31,Baden-Württemberg,64.2083,11103043.0,0.5782946170702932
2020-07-31,Bayern,107.6413,13140183.0,0.8191765670234578
2020-07-31,Hessen,65.117,6293154.0,1.0347275785718895
2020-07-31,Niedersachsen,59.733000000000004,8003421.0,0.7463433449271255
2020-07-31,Nordrhein-Westfalen,298.35299999999995,17925570.0,1.6643989563511785
2020-07-31,Rheinland-Pfalz,30.325300000000002,4098391.0,0.7399318415446452
2020-08-01,Baden-Württemberg,62.034000000000006,11103043.0,0.5587116973247785
2020-08-01,Bayern,114.084,13140183.0,0.8682070866136339
2020-08-01,Hessen,76.15830000000001,6293154.0,1.2101769637291573
2020-08-01,Niedersachsen,48.142,8003421.0,0.6015177759610546
2020-08-01,Nordrhein-Westfalen,330.5,17925570.0,1.843734955150659
2020-08-01,Rheinland-Pfalz,32.5246,4098391.0,0.7935943642273272
2020-08-02,Baden-Württemberg,66.9003,11103043.0,0.602540222531787
2020-08-02,Bayern,113.98299999999999,13140183.0,0.8674384519606765
2020-08-02,Hessen,107.0087,6293154.0,1.7003985600860871
2020-08-02,Niedersachsen,60.5913,8003421.0,0.7570675090064611
2020-08-02,Nordrhein-Westfalen,332.262,17925570.0,1.8535644891626877
2020-08-02,Rheinland-Pfalz,42.8667,4098391.0,1.0459397358621956
2020-08-03,Baden-Württemberg,85.32469999999999,11103043.0,0.7684803166123017
2020-08-03,Bayern,143.37800000000001,13140183.0,1.0911415769475967
2020-08-03,Hessen,106.74170000000001,6293154.0,1.6961558544411912
2020-08-03,Niedersachsen,84.5,8003421.0,1.055798514160382
2020-08-03,Nordrhein-Westfalen,408.852,17925570.0,2.28083123716568
2020-08-03,Rheinland-Pfalz,45.616,4098391.0,1.1130221591839333
2020-08-04,Baden-Württemberg,87.54199999999999,11103043.0,0.788450517574326
2020-08-04,Bayern,132.18,13140183.0,1.0059220636424926
2020-08-04,Hessen,121.5917,6293154.0,1.9321265616573184
2020-08-04,Niedersachsen,63.117,8003421.0,0.7886252641214301
2020-08-04,Nordrhein-Westfalen,378.457,17925570.0,2.111268986146605
2020-08-04,Rheinland-Pfalz,42.658699999999996,4098391.0,1.0408645734386983
2020-08-05,Baden-Württemberg,87.5753,11103043.0,0.7887504353536233
2020-08-05,Bayern,128.0087,13140183.0,0.9741774524753575
2020-08-05,Hessen,112.45,6293154.0,1.786862358683738
2020-08-05,Niedersachsen,70.2507,8003421.0,0.8777583985648136
2020-08-05,Nordrhein-Westfalen,354.39000000000004,17925570.0,1.9770082624987662
2020-08-05,Rheinland-Pfalz,47.458,4098391.0,1.157966626415098
2020-08-06,Baden-Württemberg,106.32499999999999,11103043.0,0.9576203568697337
2020-08-06,Bayern,122.8827,13140183.0,0.9351673412767539
2020-08-06,Hessen,102.11729999999999,6293154.0,1.6226728282829244
2020-08-06,Niedersachsen,65.6583,8003421.0,0.820377935885167
2020-08-06,Nordrhein-Westfalen,371.372,17925570.0,2.0717444410414845
2020-08-06,Rheinland-Pfalz,51.2253,4098391.0,1.2498880658287606
2020-08-07,Baden-Württemberg,112.42500000000001,11103043.0,1.0125602503746047
2020-08-07,Bayern,153.58,13140183.0,1.1687812871403696
2020-08-07,Hessen,109.3497,6293154.0,1.73759771332467
2020-08-07,Niedersachsen,77.7827,8003421.0,0.9718681548802695
2020-08-07,Nordrhein-Westfalen,373.58299999999997,17925570.0,2.0840787768533997
2020-08-07,Rheinland-Pfalz,49.3003,4098391.0,1.2029184135920659
2020-08-08,Baden-Württemberg,104.36699999999999,11103043.0,0.939985551708662
2020-08-08,Bayern,166.19,13140183.0,1.2647464650986977
2020-08-08,Hessen,107.058,6293154.0,1.701181951053478
2020-08-08,Niedersachsen,56.683,8003421.0,0.7082346411615733
2020-08-08,Nordrhein-Westfalen,349.063,17925570.0,1.9472909369130242
2020-08-08,Rheinland-Pfalz,46.7083,4098391.0,1.139674081853098
2020-08-09,Baden-Württemberg,127.6253,11103043.0,1.1494623591028152
2020-08-09,Bayern,180.173,13140183.0,1.3711605081907916
2020-08-09,Hessen,106.884,6293154.0,1.6984170417568043
2020-08-09,Niedersachsen,60.817299999999996,8003421.0,0.7598913014822036
2020-08-09,Nordrhein-Westfalen,338.209,17925570.0,1.8867405611090748
2020-08-09,Rheinland-Pfalz,49.183,4098391.0,1.2000563147830454
2020-08-10,Baden-Württemberg,174.5983,11103043.0,1.572526558710076
2020-08-10,Bayern,259.495,13140183.0,1.9748202897935287
2020-08-10,Hessen,138.9173,6293154.0,2.207435254246122
2020-08-10,Niedersachsen,94.091,8003421.0,1.1756347691818285
2020-08-10,Nordrhein-Westfalen,442.025,17925570.0,2.4658909033297127
2020-08-10,Rheinland-Pfalz,60.49199999999999,4098391.0,1.4759938717413734
2020-08-11,Baden-Württemberg,154.465,11103043.0,1.3911951885622706
2020-08-11,Bayern,237.38000000000002,13140183.0,1.806519741772242
2020-08-11,Hessen,141.17430000000002,6293154.0,2.243299623686311
2020-08-11,Niedersachsen,99.559,8003421.0,1.2439555535064317
2020-08-11,Nordrhein-Westfalen,415.32,17925570.0,2.316913771779642
2020-08-11,Rheinland-Pfalz,63.92499999999999,4098391.0,1.5597584515484244
2020-08-12,Baden-Württemberg,175.9797,11103043.0,1.5849681929539496
2020-08-12,Bayern,242.09699999999998,13140183.0,1.8424172631385725
2020-08-12,Hessen,151.837,6293154.0,2.4127329475808152
2020-08-12,Niedersachsen,94.1413,8003421.0,1.1762632504275359
2020-08-12,Nordrhein-Westfalen,403.828,17925570.0,2.252804234398125
2020-08-12,Rheinland-Pfalz,64.059,4098391.0,1.5630280273404855
2020-08-13,Baden-Württemberg,199.67630000000003,11103043.0,1.7983925667945269
2020-08-13,Bayern,282.202,13140183.0,2.147626102315318
2020-08-13,Hessen,148.89999999999998,6293154.0,2.366063185486959
2020-08-13,Niedersachsen,80.4577,8003421.0,1.0052913622812045
2020-08-13,Nordrhein-Westfalen,395.00700000000006,17925570.0,2.2035951994831966
2020-08-13,Rheinland-Pfalz,70.10900000000001,4098391.0,1.710646934370098
2020-08-14,Baden-Württemberg,187.723,11103043.0,1.6907346931827607
2020-08-14,Bayern,278.064,13140183.0,2.116134912276336
2020-08-14,Hessen,139.2333,6293154.0,2.212456583773415
2020-08-14,Niedersachsen,90.5583,8003421.0,1.1314948944957413
2020-08-14,Nordrhein-Westfalen,377.504,17925570.0,2.105952558272903
2020-08-14,Rheinland-Pfalz,57.9833,4098391.0,1.4147820449537392
2020-08-15,Baden-Württemberg,199.7453,11103043.0,1.7990140180489258
2020-08-15,Bayern,267.06,13140183.0,2.032391786324437
2020-08-15,Hessen,168.7,6293154.0,2.6806907951084624
2020-08-15,Niedersachsen,71.9747,8003421.0,0.89929918718508
2020-08-15,Nordrhein-Westfalen,274.755,17925570.0,1.532754606966473
2020-08-15,Rheinland-Pfalz,58.191700000000004,4098391.0,1.419866967304974
2020-08-16,Baden-Württemberg,219.178,11103043.0,1.9740354063295982
2020-08-16,Bayern,264.1137,13140183.0,2.0099697241659418
2020-08-16,Hessen,139.2633,6293154.0,2.212933292272841
2020-08-16,Niedersachsen,75.025,8003421.0,0.9374116393477241
2020-08-16,Nordrhein-Westfalen,242.152,17925570.0,1.3508747560049694
2020-08-16,Rheinland-Pfalz,64.6087,4098391.0,1.576440608033738
2020-08-17,Baden-Württemberg,259.558,11103043.0,2.3377194882520045
2020-08-17,Bayern,311.457,13140183.0,2.370263793129822
2020-08-17,Hessen,144.9923,6293154.0,2.3039687253799923
2020-08-17,Niedersachsen,113.2667,8003421.0,1.415228562885796
2020-08-17,Nordrhein-Westfalen,322.66999999999996,17925570.0,1.8000543357896008
2020-08-17,Rheinland-Pfalz,71.5753,4098391.0,1.7464243894738203
2020-08-18,Baden-Württemberg,246.75499999999997,11103043.0,2.2224087576712073
2020-08-18,Bayern,325.19000000000005,13140183.0,2.4747752751997445
2020-08-18,Hessen,159.24699999999999,6293154.0,2.5304799469391654
2020-08-18,Niedersachsen,102.984,8003421.0,1.286749753636601
2020-08-18,Nordrhein-Westfalen,343.66,17925570.0,1.9171496359669455
2020-08-18,Rheinland-Pfalz,61.5663,4098391.0,1.5022065976623509
2020-08-19,Baden-Württemberg,277.782,11103043.0,2.501854671732785
2020-08-19,Bayern,281.262,13140183.0,2.140472472871953
2020-08-19,Hessen,153.73,6293154.0,2.4428132538946286
2020-08-19,Niedersachsen,82.7583,8003421.0,1.034036570111706
2020-08-19,Nordrhein-Westfalen,284.943,17925570.0,1.5895896197443093
2020-08-19,Rheinland-Pfalz,60.6667,4098391.0,1.4802565201807245
2020-08-20,Baden-Württemberg,230.418,11103043.0,2.0752689150172614
2020-08-20,Bayern,259.30999999999995,13140183.0,1.9734123946371216
2020-08-20,Hessen,119.0673,6293154.0,1.8920131304589083
2020-08-20,Niedersachsen,79.3587,8003421.0,0.9915597342686334
2020-08-20,Nordrhein-Westfalen,244.78,17925570.0,1.3655353776755774
2020-08-20,Rheinland-Pfalz,51.775,4098391.0,1.2633006465220131
2020-08-21,Baden-Württemberg,237.28600000000003,11103043.0,2.137125831179795
2020-08-21,Bayern,285.471,13140183.0,2.172503990241232
2020-08-21,Hessen,125.975,6293154.0,2.0017784405085273
2020-08-21,Niedersachsen,78.5753,8003421.0,0.981771419996524
2020-08-21,Nordrhein-Westfalen,229.642,17925570.0,1.2810861802441986
2020-08-21,Rheinland-Pfalz,48.533300000000004,4098391.0,1.184203752155419
2020-08-22,Baden-Württemberg,232.42000000000002,11103043.0,2.0933000079347615
2020-08-22,Bayern,274.59499999999997,13140183.0,2.0897349755326844
2020-08-22,Hessen,89.6917,6293154.0,1.4252265239337858
2020-08-22,Niedersachsen,77.10900000000001,8003421.0,0.9634505044780227
2020-08-22,Nordrhein-Westfalen,235.77800000000002,17925570.0,1.3153166119682667
2020-08-22,Rheinland-Pfalz,48.3503,4098391.0,1.1797385852155151
2020-08-23,Baden-Württemberg,230.67,11103043.0,2.077538563076807
2020-08-23,Bayern,296.5063,13140183.0,2.2564853168331065
2020-08-23,Hessen,107.6917,6293154.0,1.7112516235896977
2020-08-23,Niedersachsen,81.4083,8003421.0,1.0171687831990845
2020-08-23,Nordrhein-Westfalen,236.067,17925570.0,1.3169288340621805
2020-08-23,Rheinland-Pfalz,49.9496,4098391.0,1.2187612162919546
2020-08-24,Baden-Württemberg,283.69,11103043.0,2.5550653095732403
2020-08-24,Bayern,339.062,13140183.0,2.580344581197994
2020-08-24,Hessen,129.066,6293154.0,2.050895306232773
2020-08-24,Niedersachsen,110.875,8003421.0,1.385345091805117
2020-08-24,Nordrhein-Westfalen,280.786,17925570.0,1.566399283258496
2020-08-24,Rheinland-Pfalz,61.5167,4098391.0,1.5009963666229016
2020-08-25,Baden-Württemberg,271.48,11103043.0,2.4450954571643106
2020-08-25,Bayern,325.835,13140183.0,2.4796838826369463
2020-08-25,Hessen,96.07469999999999,6293154.0,1.526654202328435
2020-08-25,Niedersachsen,94.7173,8003421.0,1.1834601728435878
2020-08-25,Nordrhein-Westfalen,257.86199999999997,17925570.0,1.4385149258852017
2020-08-25,Rheinland-Pfalz,64.808,4098391.0,1.5813034920289453
2020-08-26,Baden-Württemberg,241.72,11103043.0,2.1770608291798923
2020-08-26,Bayern,279.363,13140183.0,2.1260206193475386
2020-08-26,Hessen,94.65,6293154.0,1.5040153156906695
2020-08-26,Niedersachsen,78.2333,8003421.0,0.9774982473119932
2020-08-26,Nordrhein-Westfalen,230.813,17925570.0,1.2876187479672891
2020-08-26,Rheinland-Pfalz,57.0163,4098391.0,1.391187419648345
2020-08-27,Baden-Württemberg,234.845,11103043.0,2.1151408672379275
2020-08-27,Bayern,291.61,13140183.0,2.219223278701674
2020-08-27,Hessen,102.0257,6293154.0,1.6212172783313423
2020-08-27,Niedersachsen,79.9167,8003421.0,0.9985317528591837
2020-08-27,Nordrhein-Westfalen,242.97899999999998,17925570.0,1.355488277360218
2020-08-27,Rheinland-Pfalz,49.883,4098391.0,1.2171361883236615
2020-08-28,Baden-Württemberg,212.267,11103043.0,1.9117912089505553
2020-08-28,Bayern,266.857,13140183.0,2.030846906774434
2020-08-28,Hessen,100.95870000000001,6293154.0,1.6042623460350725
2020-08-28,Niedersachsen,77.44170000000001,8003421.0,0.967607476852711
2020-08-28,Nordrhein-Westfalen,236.637,17925570.0,1.3201086492647096
2020-08-28,Rheinland-Pfalz,51.21600000000001,4098391.0,1.2496611475088641
2020-08-29,Baden-Württemberg,189.964,11103043.0,1.7109183491408617
2020-08-29,Bayern,230.33869999999996,13140183.0,1.7529337300705778
2020-08-29,Hessen,88.80069999999999,6293154.0,1.4110682815008182
2020-08-29,Niedersachsen,64.191,8003421.0,0.8020445257096934
2020-08-29,Nordrhein-Westfalen,199.23899999999998,17925570.0,1.1114793002398249
2020-08-29,Rheinland-Pfalz,32.4003,4098391.0,0.7905614666829007
2020-08-30,Baden-Württemberg,195.904,11103043.0,1.7644171962587194
2020-08-30,Bayern,260.306,13140183.0,1.980992197749453
2020-08-30,Hessen,94.45870000000001,6293154.0,1.5009755044926598
2020-08-30,Niedersachsen,67.01599999999999,8003421.0,0.8373419316564753
2020-08-30,Nordrhein-Westfalen,190.72899999999998,17925570.0,1.0640052171283814
2020-08-30,Rheinland-Pfalz,37.8997,4098391.0,0.9247458331818512
2020-08-31,Baden-Württemberg,263.52299999999997,11103043.0,2.37343041903017
2020-08-31,Bayern,339.79499999999996,13140183.0,2.585922890115
2020-08-31,Hessen,107.10799999999999,6293154.0,1.7019764652191887
2020-08-31,Niedersachsen,90.617,8003421.0,1.132228330860016
2020-08-31,Nordrhein-Westfalen,272.615,17925570.0,1.520816353399083
2020-08-31,Rheinland-Pfalz,55.874700000000004,4098391.0,1.363332585885534
2020-09-01,Baden-Württemberg,280.805,11103043.0,2.529081441907412
2020-09-01,Bayern,418.515,13140183.0,3.185001304776349
2020-09-01,Hessen,102.30069999999999,6293154.0,1.625587106242752
2020-09-01,Niedersachsen,112.192,8003421.0,1.401800555037652
2020-09-01,Nordrhein-Westfalen,257.108,17925570.0,1.4343086440208037
2020-09-01,Rheinland-Pfalz,53.590999999999994,4098391.0,1.3076107184502404
2020-09-02,Baden-Württemberg,239.155,11103043.0,2.1539590542880904
2020-09-02,Bayern,382.923,13140183.0,2.914137497171843
2020-09-02,Hessen,97.2997,6293154.0,1.5461197993883513
2020-09-02,Niedersachsen,83.584,8003421.0,1.0443534083737442
2020-09-02,Nordrhein-Westfalen,249.11399999999998,17925570.0,1.3897131304611232
2020-09-02,Rheinland-Pfalz,47.9337,4098391.0,1.169573620476914
2020-09-03,Baden-Württemberg,225.56900000000002,11103043.0,2.0315962029508485
2020-09-03,Bayern,335.872,13140183.0,2.5560679025550863
2020-09-03,Hessen,96.35,6293154.0,1.531028797324839
2020-09-03,Niedersachsen,83.85,8003421.0,1.047676987128379
2020-09-03,Nordrhein-Westfalen,245.825,17925570.0,1.371365038880214
2020-09-03,Rheinland-Pfalz,60.233,4098391.0,1.4696743185313457
2020-09-04,Baden-Württemberg,230.67,11103043.0,2.077538563076807
2020-09-04,Bayern,351.78999999999996,13140183.0,2.6772077679587873
2020-09-04,Hessen,97.99199999999999,6293154.0,1.5571206425267836
2020-09-04,Niedersachsen,104.267,8003421.0,1.3027803985320776
2020-09-04,Nordrhein-Westfalen,235.278,17925570.0,1.3125273003871007
2020-09-04,Rheinland-Pfalz,43.2253,4098391.0,1.0546895110788599
2020-09-05,Baden-Württemberg,210.75300000000001,11103043.0,1.8981553075134447
2020-09-05,Bayern,316.636,13140183.0,2.409677247265126
2020-09-05,Hessen,90.492,6293154.0,1.437943517670154
2020-09-05,Niedersachsen,78.6997,8003421.0,0.9833257553238798
2020-09-05,Nordrhein-Westfalen,230.653,17925570.0,1.286726168261316
2020-09-05,Rheinland-Pfalz,43.167,4098391.0,1.05326700161112
2020-09-06,Baden-Württemberg,209.155,11103043.0,1.8837628567231524
2020-09-06,Bayern,345.012,13140183.0,2.6256255335256746
2020-09-06,Hessen,91.31700000000001,6293154.0,1.4510530014043832
2020-09-06,Niedersachsen,94.25800000000001,8003421.0,1.177721376896205
2020-09-06,Nordrhein-Westfalen,296.77,17925570.0,1.6555679958852076
2020-09-06,Rheinland-Pfalz,51.066599999999994,4098391.0,1.2460158144989093
2020-09-07,Baden-Württemberg,264.812,11103043.0,2.385039848985544
2020-09-07,Bayern,409.505,13140183.0,3.1164330055372895
2020-09-07,Hessen,114.23400000000001,6293154.0,1.8152106241163015
2020-09-07,Niedersachsen,118.01700000000001,8003421.0,1.4745819319013709
2020-09-07,Nordrhein-Westfalen,369.356,17925570.0,2.0604979367462235
2020-09-07,Rheinland-Pfalz,65.97500000000001,4098391.0,1.609778081203087
2020-09-08,Baden-Württemberg,247.89499999999998,11103043.0,2.2326762131786753
2020-09-08,Bayern,407.86800000000005,13140183.0,3.1039750359641114
2020-09-08,Hessen,105.475,6293154.0,1.676027632567072
2020-09-08,Niedersachsen,109.908,8003421.0,1.373262758512891
2020-09-08,Nordrhein-Westfalen,367.672,17925570.0,2.051103535340857
2020-09-08,Rheinland-Pfalz,49.3916,4098391.0,1.205146117098149
2020-09-09,Baden-Württemberg,244.62300000000002,11103043.0,2.20320681456426
2020-09-09,Bayern,395.144,13140183.0,3.0071422901796727
2020-09-09,Hessen,111.60900000000001,6293154.0,1.773498630416481
2020-09-09,Niedersachsen,126.583,8003421.0,1.5816111635261971
2020-09-09,Nordrhein-Westfalen,357.542,17925570.0,1.9945920827064356
2020-09-09,Rheinland-Pfalz,54.44969999999999,4098391.0,1.3285628433207077
2020-09-10,Baden-Württemberg,248.914,11103043.0,2.2418538773559646
2020-09-10,Bayern,390.73,13140183.0,2.9735506727722134
2020-09-10,Hessen,99.89099999999999,6293154.0,1.5872962905404826
2020-09-10,Niedersachsen,103.35000000000001,8003421.0,1.2913227980884674
2020-09-10,Nordrhein-Westfalen,401.492,17925570.0,2.239772570690918
2020-09-10,Rheinland-Pfalz,60.4087,4098391.0,1.4739613667900402
2020-09-11,Baden-Württemberg,233.25300000000001,11103043.0,2.1008024556871483
2020-09-11,Bayern,396.615,13140183.0,3.0183369592341296
2020-09-11,Hessen,114.142,6293154.0,1.8137487180513936
2020-09-11,Niedersachsen,127.125,8003421.0,1.5883832676051903
2020-09-11,Nordrhein-Westfalen,401.02200000000005,17925570.0,2.2371506178046223
2020-09-11,Rheinland-Pfalz,48.725300000000004,4098391.0,1.1888885174694166
2020-09-12,Baden-Württemberg,258.376,11103043.0,2.3270737580679457
2020-09-12,Bayern,350.905,13140183.0,2.6704727019403003
2020-09-12,Hessen,103.033,6293154.0,1.6372235607137533
2020-09-12,Niedersachsen,114.091,8003421.0,1.425527908628073
2020-09-12,Nordrhein-Westfalen,378.659,17925570.0,2.1123958680253963
2020-09-12,Rheinland-Pfalz,49.391999999999996,4098391.0,1.2051558770258866
2020-09-13,Baden-Württemberg,246.39100000000002,11103043.0,2.2191303771407536
2020-09-13,Bayern,368.46099999999996,13140183.0,2.804078147161268
2020-09-13,Hessen,111.958,6293154.0,1.779044339293143
2020-09-13,Niedersachsen,119.45,8003421.0,1.492486775342694
2020-09-13,Nordrhein-Westfalen,391.125,17925570.0,2.1819389843670245
2020-09-13,Rheinland-Pfalz,49.999599999999994,4098391.0,1.2199812072591412
2020-09-14,Baden-Württemberg,285.457,11103043.0,2.5709798656098153
2020-09-14,Bayern,481.84700000000004,13140183.0,3.666973283401
2020-09-14,Hessen,140.642,6293154.0,2.2348412258781525
2020-09-14,Niedersachsen,162.962,8003421.0,2.036154289521943
2020-09-14,Nordrhein-Westfalen,537.092,17925570.0,2.99623387150311
2020-09-14,Rheinland-Pfalz,59.967,4098391.0,1.4631839665859114
2020-09-15,Baden-Württemberg,298.853,11103043.0,2.6916314743624787
2020-09-15,Bayern,422.728,13140183.0,3.2170632631219824
2020-09-15,Hessen,127.11699999999999,6293154.0,2.019925144053363
2020-09-15,Niedersachsen,178.56199999999998,8003421.0,2.2310709382900136
2020-09-15,Nordrhein-Westfalen,484.10299999999995,17925570.0,2.70062820875431
2020-09-15,Rheinland-Pfalz,54.85,4098391.0,1.3383300910040061
2020-09-16,Baden-Württemberg,248.88000000000002,11103043.0,2.2415476549987248
2020-09-16,Bayern,391.08,13140183.0,2.976214258203253
2020-09-16,Hessen,126.441,6293154.0,2.0091833125329526
2020-09-16,Niedersachsen,137.15,8003421.0,1.7136422037526202
2020-09-16,Nordrhein-Westfalen,502.497,17925570.0,2.8032414032022412
2020-09-16,Rheinland-Pfalz,56.9673,4098391.0,1.3899918285005017
2020-09-17,Baden-Württemberg,241.53300000000002,11103043.0,2.175376606215071
2020-09-17,Bayern,371.253,13140183.0,2.8253259486568796
2020-09-17,Hessen,112.17500000000001,6293154.0,1.7824925307723285
2020-09-17,Niedersachsen,147.341,8003421.0,1.8409752529574541
2020-09-17,Nordrhein-Westfalen,429.536,17925570.0,2.396219478655351
2020-09-17,Rheinland-Pfalz,53.6664,4098391.0,1.3094504648287584
2020-09-18,Baden-Württemberg,224.66199999999998,11103043.0,2.0234272712444685
2020-09-18,Bayern,335.927,13140183.0,2.556486465979964
2020-09-18,Hessen,122.742,6293154.0,1.9504051545536627
2020-09-18,Niedersachsen,110.45899999999999,8003421.0,1.3801473145046348
2020-09-18,Nordrhein-Westfalen,459.98,17925570.0,2.56605508220938
2020-09-18,Rheinland-Pfalz,60.283699999999996,4098391.0,1.470911389372073
2020-09-19,Baden-Württemberg,204.14,11103043.0,1.8385950590302136
2020-09-19,Bayern,278.01,13140183.0,2.115723959095547
2020-09-19,Hessen,115.134,6293154.0,1.8295118790990972
2020-09-19,Niedersachsen,106.33330000000001,8003421.0,1.3285981082339664
2020-09-19,Nordrhein-Westfalen,400.375,17925570.0,2.2335412486185935
2020-09-19,Rheinland-Pfalz,43.757999999999996,4098391.0,1.067687294843269
2020-09-20,Baden-Württemberg,223.34,11103043.0,2.011520625471774
2020-09-20,Bayern,273.713,13140183.0,2.0830227402464643
2020-09-20,Hessen,137.908,6293154.0,2.1913971912970824
2020-09-20,Niedersachsen,114.81599999999999,8003421.0,1.4345865349329991
2020-09-20,Nordrhein-Westfalen,438.612,17925570.0,2.446851062476674
2020-09-20,Rheinland-Pfalz,41.175,4098391.0,1.0046625614783946
2020-09-21,Baden-Württemberg,272.26,11103043.0,2.452120558300999
2020-09-21,Bayern,360.193,13140183.0,2.741156649036014
2020-09-21,Hessen,183.937,6293154.0,2.9228110419671918
2020-09-21,Niedersachsen,172.212,8003421.0,2.151729866515831
2020-09-21,Nordrhein-Westfalen,626.91,17925570.0,3.4972946466974273
2020-09-21,Rheinland-Pfalz,71.6747,4098391.0,1.7488497315165878
2020-09-22,Baden-Württemberg,295.63,11103043.0,2.662603396204086
2020-09-22,Bayern,336.355,13140183.0,2.5597436504499216
2020-09-22,Hessen,173.74800000000002,6293154.0,2.760904945278632
2020-09-22,Niedersachsen,160.841,8003421.0,2.009653122083669
2020-09-22,Nordrhein-Westfalen,626.338,17925570.0,3.4941036742485734
2020-09-22,Rheinland-Pfalz,76.1417,4098391.0,1.8578437245250636
2020-09-23,Baden-Württemberg,289.185,11103043.0,2.6045562464272183
2020-09-23,Bayern,320.275,13140183.0,2.437370925503853
2020-09-23,Hessen,169.14000000000001,6293154.0,2.687682519766718
2020-09-23,Niedersachsen,144.25900000000001,8003421.0,1.802466720168788
2020-09-23,Nordrhein-Westfalen,575.1070000000001,17925570.0,3.2083052310191533
2020-09-23,Rheinland-Pfalz,86.033,4098391.0,2.099189657599775
2020-09-24,Baden-Württemberg,291.057,11103043.0,2.6214164891552705
2020-09-24,Bayern,325.064,13140183.0,2.47381638444457
2020-09-24,Hessen,152.855,6293154.0,2.4289092559946885
2020-09-24,Niedersachsen,155.45000000000002,8003421.0,1.942294426345934
2020-09-24,Nordrhein-Westfalen,587.3,17925570.0,3.2763253832374644
2020-09-24,Rheinland-Pfalz,71.7,4098391.0,1.7494670469459843
2020-09-25,Baden-Württemberg,280.37,11103043.0,2.5251635970427206
2020-09-25,Bayern,297.17,13140183.0,2.2615362358347673
2020-09-25,Hessen,188.214,6293154.0,2.990773783702099
2020-09-25,Niedersachsen,182.32500000000002,8003421.0,2.2780883324768246
2020-09-25,Nordrhein-Westfalen,662.187,17925570.0,3.694091735995006
2020-09-25,Rheinland-Pfalz,68.2923,4098391.0,1.6663197825683298
2020-09-26,Baden-Württemberg,247.735,11103043.0,2.2312351667916626
2020-09-26,Bayern,278.18100000000004,13140183.0,2.1170253108347126
2020-09-26,Hessen,173.15,6293154.0,2.751402555856729
2020-09-26,Niedersachsen,141.475,8003421.0,1.7676815951578706
2020-09-26,Nordrhein-Westfalen,554.24,17925570.0,3.0918961014907755
2020-09-26,Rheinland-Pfalz,60.167,4098391.0,1.468063930454659
2020-09-27,Baden-Württemberg,243.061,11103043.0,2.189138599211045
2020-09-27,Bayern,271.435,13140183.0,2.0656866042124373
2020-09-27,Hessen,156.08800000000002,6293154.0,2.4802825419495536
2020-09-27,Niedersachsen,159.54500000000002,8003421.0,1.9934600466475525
2020-09-27,Nordrhein-Westfalen,531.258,17925570.0,2.9636881839740665
2020-09-27,Rheinland-Pfalz,80.575,4098391.0,1.9660154436216555
2020-09-28,Baden-Württemberg,328.201,11103043.0,2.955955407900339
2020-09-28,Bayern,383.331,13140183.0,2.917242476760027
2020-09-28,Hessen,243.008,6293154.0,3.861465967621323
2020-09-28,Niedersachsen,216.85500000000002,8003421.0,2.7095288377307654
2020-09-28,Nordrhein-Westfalen,720.398,17925570.0,4.018828968897502
2020-09-28,Rheinland-Pfalz,86.5257,4098391.0,2.1112114485904345
2020-09-29,Baden-Württemberg,338.27500000000003,11103043.0,3.0466872910426446
2020-09-29,Bayern,364.60400000000004,13140183.0,2.774725435711208
2020-09-29,Hessen,262.157,6293154.0,4.165749002805271
2020-09-29,Niedersachsen,215.08100000000002,8003421.0,2.6873633162618833
2020-09-29,Nordrhein-Westfalen,805.84,17925570.0,4.495477689133455
2020-09-29,Rheinland-Pfalz,101.73299999999999,4098391.0,2.4822668212964545
2020-09-30,Baden-Württemberg,360.02299999999997,11103043.0,3.2425615211973873
2020-09-30,Bayern,388.388,13140183.0,2.955727481116511
2020-09-30,Hessen,253.16000000000003,6293154.0,4.022784123827258
2020-09-30,Niedersachsen,217.47,8003421.0,2.7172130517687374
2020-09-30,Nordrhein-Westfalen,771.1899999999999,17925570.0,4.302178396558659
2020-09-30,Rheinland-Pfalz,102.32600000000001,4098391.0,2.4967359141672913
2020-10-01,Baden-Württemberg,405.595,11103043.0,3.6530075583783654
2020-10-01,Bayern,409.647,13140183.0,3.1175136601978832
2020-10-01,Hessen,259.358,6293154.0,4.121272099808777
2020-10-01,Niedersachsen,233.517,8003421.0,2.9177148122034313
2020-10-01,Nordrhein-Westfalen,827.09,17925570.0,4.614023431333006
2020-10-01,Rheinland-Pfalz,119.566,4098391.0,2.9173887996533274
2020-10-02,Baden-Württemberg,474.081,11103043.0,4.269829451259443
2020-10-02,Bayern,458.313,13140183.0,3.4878737990178674
2020-10-02,Hessen,303.178,6293154.0,4.817584314637779
2020-10-02,Niedersachsen,232.545,8003421.0,2.905570005626344
2020-10-02,Nordrhein-Westfalen,922.76,17925570.0,5.14773030927329
2020-10-02,Rheinland-Pfalz,117.42500000000001,4098391.0,2.8651487864383856
2020-10-03,Baden-Württemberg,462.88,11103043.0,4.168947197628614
2020-10-03,Bayern,465.562,13140183.0,3.543040458416751
2020-10-03,Hessen,280.90999999999997,6293154.0,4.463739485796787
2020-10-03,Niedersachsen,261.024,8003421.0,3.2614053415408235
2020-10-03,Nordrhein-Westfalen,916.55,17925570.0,5.113087059435209
2020-10-03,Rheinland-Pfalz,133.267,4098391.0,3.251690724481876
2020-10-04,Baden-Württemberg,496.578,11103043.0,4.47244957981339
2020-10-04,Bayern,488.05699999999996,13140183.0,3.7142328991917384
2020-10-04,Hessen,310.23699999999997,6293154.0,4.929753824552839
2020-10-04,Niedersachsen,226.535,8003421.0,2.8304771172227476
2020-10-04,Nordrhein-Westfalen,899.12,17925570.0,5.015851657715766
2020-10-04,Rheinland-Pfalz,142.645,4098391.0,3.4805122302874474
2020-10-05,Baden-Württemberg,642.6800000000001,11103043.0,5.788323075034476
2020-10-05,Bayern,671.64,13140183.0,5.111344339724949
2020-10-05,Hessen,375.947,6293154.0,5.973904341130059
2020-10-05,Niedersachsen,366.972,8003421.0,4.585189258443358
2020-10-05,Nordrhein-Westfalen,1287.71,17925570.0,7.183648832366279
2020-10-05,Rheinland-Pfalz,168.724,4098391.0,4.116835118952779
2020-10-06,Baden-Württemberg,661.977,11103043.0,5.962122275848162
2020-10-06,Bayern,705.5799999999999,13140183.0,5.369636024094946
2020-10-06,Hessen,419.155,6293154.0,6.660491702570762
2020-10-06,Niedersachsen,352.297,8003421.0,4.401830167374676
2020-10-06,Nordrhein-Westfalen,1301.58,17925570.0,7.2610243356278215
2020-10-06,Rheinland-Pfalz,184.245,4098391.0,4.49554471498693
2020-10-07,Baden-Württemberg,702.13,11103043.0,6.323761873208993
2020-10-07,Bayern,677.88,13140183.0,5.158832262838349
2020-10-07,Hessen,453.12,6293154.0,7.200205175338153
2020-10-07,Niedersachsen,350.202,8003421.0,4.375653861017683
2020-10-07,Nordrhein-Westfalen,1367.2,17925570.0,7.627093587540034
2020-10-07,Rheinland-Pfalz,203.203,4098391.0,4.958116490105508
2020-10-08,Baden-Württemberg,709.11,11103043.0,6.386627521842436
2020-10-08,Bayern,706.49,13140183.0,5.3765613462156505
2020-10-08,Hessen,454.33299999999997,6293154.0,7.219480088998298
2020-10-08,Niedersachsen,394.89399999999995,8003421.0,4.934065070424259
2020-10-08,Nordrhein-Westfalen,1349.63,17925570.0,7.529077178577864
2020-10-08,Rheinland-Pfalz,168.75900000000001,4098391.0,4.11768911262981
2020-10-09,Baden-Württemberg,763.79,11103043.0,6.879105124604129
2020-10-09,Bayern,782.3199999999999,13140183.0,5.953646155460697
2020-10-09,Hessen,476.19700000000006,6293154.0,7.566905243380347
2020-10-09,Niedersachsen,439.47299999999996,8003421.0,5.491064383592965
2020-10-09,Nordrhein-Westfalen,1426.43,17925570.0,7.957515437444946
2020-10-09,Rheinland-Pfalz,208.269,4098391.0,5.081725974900881
2020-10-10,Baden-Württemberg,783.6899999999999,11103043.0,7.058335268988871
2020-10-10,Bayern,811.1800000000001,13140183.0,6.17327779986017
2020-10-10,Hessen,466.83000000000004,6293154.0,7.418060959576074
2020-10-10,Niedersachsen,365.97400000000005,8003421.0,4.572719590784992
2020-10-10,Nordrhein-Westfalen,1390.34,17925570.0,7.756182927516392
2020-10-10,Rheinland-Pfalz,200.897,4098391.0,4.901850506698849
2020-10-11,Baden-Württemberg,775.52,11103043.0,6.98475183785202
2020-10-11,Bayern,850.82,13140183.0,6.474947875535675
2020-10-11,Hessen,526.979,6293154.0,8.373845610642931
2020-10-11,Niedersachsen,374.555,8003421.0,4.679936242264402
2020-10-11,Nordrhein-Westfalen,1422.02,17925570.0,7.932913709299063
2020-10-11,Rheinland-Pfalz,206.63299999999998,4098391.0,5.041807870454527
2020-10-12,Baden-Württemberg,1000.51,11103043.0,9.011133254189865
2020-10-12,Bayern,1159.1599999999999,13140183.0,8.821490537841063
2020-10-12,Hessen,739.59,6293154.0,11.75229463636199
2020-10-12,Niedersachsen,529.7049999999999,8003421.0,6.618482271518641
2020-10-12,Nordrhein-Westfalen,1996.3199999999997,17925570.0,11.136716991426212
2020-10-12,Rheinland-Pfalz,272.75,4098391.0,6.655050726004425
2020-10-13,Baden-Württemberg,1037.0,11103043.0,9.339781895828018
2020-10-13,Bayern,1294.5700000000002,13140183.0,9.851993689890012
2020-10-13,Hessen,760.3000000000001,6293154.0,12.08138240379943
2020-10-13,Niedersachsen,517.1949999999999,8003421.0,6.462174112795015
2020-10-13,Nordrhein-Westfalen,2080.02,17925570.0,11.603647750113385
2020-10-13,Rheinland-Pfalz,316.325,4098391.0,7.71827285390779
2020-10-14,Baden-Württemberg,1106.18,11103043.0,9.962854327412764
2020-10-14,Bayern,1398.1100000000001,13140183.0,10.639958362832543
2020-10-14,Hessen,802.89,6293154.0,12.758149570151947
2020-10-14,Niedersachsen,559.0049999999999,8003421.0,6.9845757208073875
2020-10-14,Nordrhein-Westfalen,2251.99,17925570.0,12.563003575339582
2020-10-14,Rheinland-Pfalz,353.557,4098391.0,8.626726927713827
2020-10-15,Baden-Württemberg,1153.29,11103043.0,10.387152422988905
2020-10-15,Bayern,1446.7,13140183.0,11.009740123101786
2020-10-15,Hessen,851.3,6293154.0,13.527398185393206
2020-10-15,Niedersachsen,596.533,8003421.0,7.453475207664322
2020-10-15,Nordrhein-Westfalen,2303.24,17925570.0,12.848908012409087
2020-10-15,Rheinland-Pfalz,351.689,4098391.0,8.581148065179725
2020-10-16,Baden-Württemberg,1286.1200000000001,11103043.0,11.583491120407263
2020-10-16,Bayern,1611.4699999999998,13140183.0,12.263680041594547
2020-10-16,Hessen,919.23,6293154.0,14.606825130927989
2020-10-16,Niedersachsen,559.7850000000001,8003421.0,6.994321553245794
2020-10-16,Nordrhein-Westfalen,2556.55,17925570.0,14.262029045659359
2020-10-16,Rheinland-Pfalz,402.229,4098391.0,9.814314934812222
2020-10-17,Baden-Württemberg,1263.95,11103043.0,11.383816130406773
2020-10-17,Bayern,1603.2699999999998,13140183.0,12.201276040067324
2020-10-17,Hessen,933.47,6293154.0,14.833102765322444
2020-10-17,Niedersachsen,523.311,8003421.0,6.538591434837677
2020-10-17,Nordrhein-Westfalen,2486.35,17925570.0,13.870409699663664
2020-10-17,Rheinland-Pfalz,388.79499999999996,4098391.0,9.48652776174845
2020-10-18,Baden-Württemberg,1435.56,11103043.0,12.929428445877406
2020-10-18,Bayern,1774.65,13140183.0,13.505519671986303
2020-10-18,Hessen,1012.2700000000001,6293154.0,16.08525709048277
2020-10-18,Niedersachsen,666.14,8003421.0,8.323190795536059
2020-10-18,Nordrhein-Westfalen,2801.72,17925570.0,15.629740086368244
2020-10-18,Rheinland-Pfalz,452.70799999999997,4098391.0,11.045993415464752
2020-10-19,Baden-Württemberg,1844.3000000000002,11103043.0,16.610761572300497
2020-10-19,Bayern,2280.56,13140183.0,17.35561825889335
2020-10-19,Hessen,1389.83,6293154.0,22.08479245859866
2020-10-19,Niedersachsen,902.73,8003421.0,11.279301688615407
2020-10-19,Nordrhein-Westfalen,3781.4100000000003,17925570.0,21.095061412273086
2020-10-19,Rheinland-Pfalz,560.802,4098391.0,13.683467487606721
2020-10-20,Baden-Württemberg,1958.9099999999999,11103043.0,17.643001112397744
2020-10-20,Bayern,2493.63,13140183.0,18.97713296686964
2020-10-20,Hessen,1460.56,6293154.0,23.208712197413252
2020-10-20,Niedersachsen,978.87,8003421.0,12.230644870487257
2020-10-20,Nordrhein-Westfalen,4027.77,17925570.0,22.469411014545145
2020-10-20,Rheinland-Pfalz,610.667,4098391.0,14.900164479182196
2020-10-21,Baden-Württemberg,1988.54,11103043.0,17.909864890192715
2020-10-21,Bayern,2603.9700000000003,13140183.0,19.816847299615237
2020-10-21,Hessen,1489.3700000000001,6293154.0,23.666511259695852
2020-10-21,Niedersachsen,1027.9,8003421.0,12.843257901839728
2020-10-21,Nordrhein-Westfalen,4332.58,17925570.0,24.1698311406555
2020-10-21,Rheinland-Pfalz,680.03,4098391.0,16.592609148321866
2020-10-22,Baden-Württemberg,1941.35,11103043.0,17.48484627142307
2020-10-22,Bayern,2607.54,13140183.0,19.84401587101184
2020-10-22,Hessen,1438.89,6293154.0,22.86436975799416
2020-10-22,Niedersachsen,990.02,8003421.0,12.36996029572854
2020-10-22,Nordrhein-Westfalen,4143.13,17925570.0,23.11296098255174
2020-10-22,Rheinland-Pfalz,635.313,4098391.0,15.501522426727952
2020-10-23,Baden-Württemberg,2088.62,11103043.0,18.811239405269347
2020-10-23,Bayern,2673.2200000000003,13140183.0,20.343856702756728
2020-10-23,Hessen,1560.59,6293154.0,24.798217237334413
2020-10-23,Niedersachsen,1116.1999999999998,8003421.0,13.946536112494892
2020-10-23,Nordrhein-Westfalen,4340.6,17925570.0,24.214571698417405
2020-10-23,Rheinland-Pfalz,653.557,4098391.0,15.9466727308351
2020-10-24,Baden-Württemberg,1996.48,11103043.0,17.981376817148234
2020-10-24,Bayern,2598.28,13140183.0,19.773545010750613
2020-10-24,Hessen,1477.92,6293154.0,23.484567515748065
2020-10-24,Niedersachsen,973.21,8003421.0,12.15992511202397
2020-10-24,Nordrhein-Westfalen,4099.5599999999995,17925570.0,22.869900371368942
2020-10-24,Rheinland-Pfalz,673.31,4098391.0,16.42864236233195
2020-10-25,Baden-Württemberg,2051.98,11103043.0,18.48123978264337
2020-10-25,Bayern,2769.54,13140183.0,21.076875413378946
2020-10-25,Hessen,1411.94,6293154.0,22.436126622676007
2020-10-25,Niedersachsen,1033.2,8003421.0,12.909479583792981
2020-10-25,Nordrhein-Westfalen,4278.54,17925570.0,23.86836234496309
2020-10-25,Rheinland-Pfalz,678.32,4098391.0,16.550885457244075
2020-10-26,Baden-Württemberg,2437.75,11103043.0,21.955692687130906
2020-10-26,Bayern,3260.7000000000003,13140183.0,24.814722899977877
2020-10-26,Hessen,1712.18,6293154.0,27.207025284936616
2020-10-26,Niedersachsen,1363.81,8003421.0,17.04033812540912
2020-10-26,Nordrhein-Westfalen,5169.429999999999,17925570.0,28.83830193405286
2020-10-26,Rheinland-Pfalz,781.6400000000001,4098391.0,19.071874791839043
2020-10-27,Baden-Württemberg,2412.87,11103043.0,21.731609973950384
2020-10-27,Bayern,3186.92,13140183.0,24.253239091114636
2020-10-27,Hessen,1675.71,6293154.0,26.62750665246711
2020-10-27,Niedersachsen,1231.03,8003421.0,15.381297572625506
2020-10-27,Nordrhein-Westfalen,4915.76,17925570.0,27.423172596464156
2020-10-27,Rheinland-Pfalz,768.4300000000001,4098391.0,18.74955317830827
2020-10-28,Baden-Württemberg,2346.44,11103043.0,21.133305527142422
2020-10-28,Bayern,3175.16,13140183.0,24.16374262063169
2020-10-28,Hessen,1599.6200000000001,6293154.0,25.418414995088312
2020-10-28,Niedersachsen,1277.15,8003421.0,15.957551152188547
2020-10-28,Nordrhein-Westfalen,4841.400000000001,17925570.0,27.008346178113168
2020-10-28,Rheinland-Pfalz,739.99,4098391.0,18.05562231617237
2020-10-29,Baden-Württemberg,2166.1499999999996,11103043.0,19.509516445176335
2020-10-29,Bayern,2934.0499999999997,13140183.0,22.328836668408652
2020-10-29,Hessen,1428.3,6293154.0,22.696091657696602
2020-10-29,Niedersachsen,1183.36,8003421.0,14.78567727475538
2020-10-29,Nordrhein-Westfalen,4534.7,17925570.0,25.297382454226003
2020-10-29,Rheinland-Pfalz,690.83,4098391.0,16.856127197234233
2020-10-30,Baden-Württemberg,2232.21,11103043.0,20.104488472214328
2020-10-30,Bayern,3115.21,13140183.0,23.707508487514975
2020-10-30,Hessen,1493.72,6293154.0,23.7356339921127
2020-10-30,Niedersachsen,1238.04,8003421.0,15.468885118001415
2020-10-30,Nordrhein-Westfalen,4447.28,17925570.0,24.809699217374956
2020-10-30,Rheinland-Pfalz,730.52,4098391.0,17.824556026987175
2020-10-31,Baden-Württemberg,2098.32,11103043.0,18.898602842482013
2020-10-31,Bayern,2889.83,13140183.0,21.992311674806963
2020-10-31,Hessen,1351.79,6293154.0,21.480326081325835
2020-10-31,Niedersachsen,1077.2,8003421.0,13.459244490574719
2020-10-31,Nordrhein-Westfalen,3908.69,17925570.0,21.805108568374674
2020-10-31,Rheinland-Pfalz,704.223,4098391.0,17.18291397770491
2020-11-01,Baden-Württemberg,2239.17,11103043.0,20.167173990049395
2020-11-01,Bayern,3117.55,13140183.0,23.7253164586825
2020-11-01,Hessen,1420.04,6293154.0,22.564837917521167
2020-11-01,Niedersachsen,1128.29,8003421.0,14.09759651529015
2020-11-01,Nordrhein-Westfalen,4012.46,17925570.0,22.384002293929843
2020-11-01,Rheinland-Pfalz,743.52,4098391.0,18.141753678455764
2020-11-02,Baden-Württemberg,2592.26,11103043.0,23.347293169989527
2020-11-02,Bayern,3764.6499999999996,13140183.0,28.649905408471096
2020-11-02,Hessen,1838.98,6293154.0,29.221913209179373
2020-11-02,Niedersachsen,1485.7200000000003,8003421.0,18.56356175690371
2020-11-02,Nordrhein-Westfalen,5399.04,17925570.0,30.11920959835587
2020-11-02,Rheinland-Pfalz,872.3299999999999,4098391.0,21.2846944081226
2020-11-03,Baden-Württemberg,2511.96,11103043.0,22.624068014507372
2020-11-03,Bayern,3584.9999999999995,13140183.0,27.282725057938688
2020-11-03,Hessen,1681.8700000000001,6293154.0,26.72539079768269
2020-11-03,Niedersachsen,1304.9,8003421.0,16.30427788317021
2020-11-03,Nordrhein-Westfalen,4574.5,17925570.0,25.51941165608681
2020-11-03,Rheinland-Pfalz,792.12,4098391.0,19.327584898561412
2020-11-04,Baden-Württemberg,2356.0299999999997,11103043.0,21.219678244964012
2020-11-04,Bayern,3519.3900000000003,13140183.0,26.783416943280017
2020-11-04,Hessen,1545.26,6293154.0,24.55461919412746
2020-11-04,Niedersachsen,1214.13,8003421.0,15.17013786979343
2020-11-04,Nordrhein-Westfalen,4349.22,17925570.0,24.2626594300767
2020-11-04,Rheinland-Pfalz,770.88,4098391.0,18.809332735700426
2020-11-05,Baden-Württemberg,2092.4,11103043.0,18.84528412616253
2020-11-05,Bayern,3218.7,13140183.0,24.495092648253074
2020-11-05,Hessen,1429.62,6293154.0,22.717066831671367
2020-11-05,Niedersachsen,1171.89,8003421.0,14.642363559282963
2020-11-05,Nordrhein-Westfalen,3989.67,17925570.0,22.2568654720603
2020-11-05,Rheinland-Pfalz,741.88,4098391.0,18.101737974732035
2020-11-06,Baden-Württemberg,2059.0,11103043.0,18.544465692873565
2020-11-06,Bayern,3122.55,13140183.0,23.76336767912593
2020-11-06,Hessen,1380.46,6293154.0,21.935900503944445
2020-11-06,Niedersachsen,1126.91,8003421.0,14.08035388866836
2020-11-06,Nordrhein-Westfalen,3972.5800000000004,17925570.0,22.161526802216056
2020-11-06,Rheinland-Pfalz,748.81,4098391.0,18.270828722784138
2020-11-07,Baden-Württemberg,1948.89,11103043.0,17.552755582411056
2020-11-07,Bayern,2960.3900000000003,13140183.0,22.52929049770464
2020-11-07,Hessen,1292.41,6293154.0,20.536761058127613
2020-11-07,Niedersachsen,1061.26,8003421.0,13.26007965843606
2020-11-07,Nordrhein-Westfalen,3498.99,17925570.0,19.519546658767336
2020-11-07,Rheinland-Pfalz,714.91,4098391.0,17.44367484703143
2020-11-08,Baden-Württemberg,1948.61,11103043.0,17.550233751233783
2020-11-08,Bayern,2876.2,13140183.0,21.888584047878176
2020-11-08,Hessen,1273.67,6293154.0,20.238977148819178
2020-11-08,Niedersachsen,988.9499999999999,8003421.0,12.356591012768165
2020-11-08,Nordrhein-Westfalen,3609.05,17925570.0,20.133529924013573
2020-11-08,Rheinland-Pfalz,761.98,4098391.0,18.59217434354116
2020-11-09,Baden-Württemberg,2458.15,11103043.0,22.139426101475063
2020-11-09,Bayern,3506.42,13140183.0,26.68471207744976
2020-11-09,Hessen,1614.6299999999999,6293154.0,25.656928147634716
2020-11-09,Niedersachsen,1313.76,8003421.0,16.414980543944896
2020-11-09,Nordrhein-Westfalen,4598.26,17925570.0,25.651959742423813
2020-11-09,Rheinland-Pfalz,879.02,4098391.0,21.447929199532208
2020-11-10,Baden-Württemberg,2384.79,11103043.0,21.478706333029603
2020-11-10,Bayern,3423.93,13140183.0,26.056943042574066
2020-11-10,Hessen,1593.23,6293154.0,25.316876084710465
2020-11-10,Niedersachsen,1259.59,8003421.0,15.738144975754741
2020-11-10,Nordrhein-Westfalen,4378.62,17925570.0,24.426670951049257
2020-11-10,Rheinland-Pfalz,875.6100000000001,4098391.0,21.364725815570065
2020-11-11,Baden-Württemberg,2249.96,11103043.0,20.264354555773583
2020-11-11,Bayern,3330.02,13140183.0,25.342265020205577
2020-11-11,Hessen,1566.5,6293154.0,24.892128811721435
2020-11-11,Niedersachsen,1209.46,8003421.0,15.111787821732731
2020-11-11,Nordrhein-Westfalen,4389.33,17925570.0,24.48641800511783
2020-11-11,Rheinland-Pfalz,813.75,4098391.0,19.855352990966455
2020-11-12,Baden-Württemberg,2211.24,11103043.0,19.915621330116434
2020-11-12,Bayern,3278.93,13140183.0,24.95345764971462
2020-11-12,Hessen,1553.08,6293154.0,24.67888120964464
2020-11-12,Niedersachsen,1115.72,8003421.0,13.940538677148185
2020-11-12,Nordrhein-Westfalen,4309.47,17925570.0,24.04090915937401
2020-11-12,Rheinland-Pfalz,797.75,4098391.0,19.464955881466654
2020-11-13,Baden-Württemberg,2312.54,11103043.0,20.827983823894044
2020-11-13,Bayern,3394.42,13140183.0,25.832364739516947
2020-11-13,Hessen,1603.5899999999997,6293154.0,25.48149941984575
2020-11-13,Niedersachsen,1208.98,8003421.0,15.105790386386023
2020-11-13,Nordrhein-Westfalen,4482.48,17925570.0,25.006066752689033
2020-11-13,Rheinland-Pfalz,809.5699999999999,4098391.0,19.753361746109633
2020-11-14,Baden-Württemberg,2085.73,11103043.0,18.785210504903926
2020-11-14,Bayern,3104.3999999999996,13140183.0,23.625241748916277
2020-11-14,Hessen,1488.34,6293154.0,23.650144267882208
2020-11-14,Niedersachsen,989.9100000000001,8003421.0,12.368585883461586
2020-11-14,Nordrhein-Westfalen,3753.92,17925570.0,20.94170506154058
2020-11-14,Rheinland-Pfalz,723.745,4098391.0,17.659247250933355
2020-11-15,Baden-Württemberg,2102.0,11103043.0,18.93174690938331
2020-11-15,Bayern,3150.34,13140183.0,23.974856362350508
2020-11-15,Hessen,1456.42,6293154.0,23.142926424492394
2020-11-15,Niedersachsen,1010.23,8003421.0,12.622477313138969
2020-11-15,Nordrhein-Westfalen,3787.37,17925570.0,21.12831000632058
2020-11-15,Rheinland-Pfalz,739.57,4098391.0,18.045374392048
2020-11-16,Baden-Württemberg,2579.84,11103043.0,23.23543194419764
2020-11-16,Bayern,3829.09,13140183.0,29.140309537546013
2020-11-16,Hessen,1731.54,6293154.0,27.514661169899863
2020-11-16,Niedersachsen,1357.73,8003421.0,16.964370611017465
2020-11-16,Nordrhein-Westfalen,4834.219999999999,17925570.0,26.96829166380762
2020-11-16,Rheinland-Pfalz,856.55,4098391.0,20.89966525887842
2020-11-17,Baden-Württemberg,2381.24,11103043.0,21.44673311631775
2020-11-17,Bayern,3790.62,13140183.0,28.84754344745427
2020-11-17,Hessen,1629.35,6293154.0,25.890833118019994
2020-11-17,Niedersachsen,1187.01,8003421.0,14.831282772704322
2020-11-17,Nordrhein-Westfalen,4522.44,17925570.0,25.228988534255812
2020-11-17,Rheinland-Pfalz,867.66,4098391.0,21.170747251787347
2020-11-18,Baden-Württemberg,2252.5299999999997,11103043.0,20.287501363364978
2020-11-18,Bayern,3640.44,13140183.0,27.704636990215434
2020-11-18,Hessen,1569.08,6293154.0,24.933125742672118
2020-11-18,Niedersachsen,1229.3000000000002,8003421.0,15.359681816063407
2020-11-18,Nordrhein-Westfalen,4221.84,17925570.0,23.552054411658876
2020-11-18,Rheinland-Pfalz,809.5,4098391.0,19.75165375875557
2020-11-19,Baden-Württemberg,2090.3199999999997,11103043.0,18.82655052313136
2020-11-19,Bayern,3341.4,13140183.0,25.428869597934824
2020-11-19,Hessen,1416.84,6293154.0,22.513989010915672
2020-11-19,Niedersachsen,1101.95,8003421.0,13.768487250639446
2020-11-19,Nordrhein-Westfalen,3813.8,17925570.0,21.27575301650101
2020-11-19,Rheinland-Pfalz,762.12,4098391.0,18.595590318249283
2020-11-20,Baden-Württemberg,2040.46,11103043.0,18.377484442778435
2020-11-20,Bayern,3217.34,13140183.0,24.48474271629246
2020-11-20,Hessen,1423.25,6293154.0,22.615845726959805
2020-11-20,Niedersachsen,1075.72,8003421.0,13.440752398255697
2020-11-20,Nordrhein-Westfalen,3682.24,17925570.0,20.54182935326464
2020-11-20,Rheinland-Pfalz,750.365,4098391.0,18.308770441863647
2020-11-21,Baden-Württemberg,1850.77,11103043.0,16.66903388557533
2020-11-21,Bayern,2855.27,13140183.0,21.729301639101983
2020-11-21,Hessen,1220.66,6293154.0,19.39663323033252
2020-11-21,Niedersachsen,840.99,8003421.0,10.50788156714485
2020-11-21,Nordrhein-Westfalen,3100.82,17925570.0,17.298306274221684
2020-11-21,Rheinland-Pfalz,639.215,4098391.0,15.596730521807217
2020-11-22,Baden-Württemberg,1909.4,11103043.0,17.197087321016408
2020-11-22,Bayern,2860.2,13140183.0,21.766820142459203
2020-11-22,Hessen,1165.82,6293154.0,18.52521009338084
2020-11-22,Niedersachsen,814.95,8003421.0,10.18252069958584
2020-11-22,Nordrhein-Westfalen,3146.3900000000003,17925570.0,17.552524131729147
2020-11-22,Rheinland-Pfalz,615.1120000000001,4098391.0,15.008621676165111
2020-11-23,Baden-Württemberg,2391.82,11103043.0,21.54202230865899
2020-11-23,Bayern,3490.3,13140183.0,26.562034942740144
2020-11-23,Hessen,1438.57,6293154.0,22.859284867333614
2020-11-23,Niedersachsen,1151.6899999999998,8003421.0,14.389971488442253
2020-11-23,Nordrhein-Westfalen,4004.2000000000003,17925570.0,22.337922866608984
2020-11-23,Rheinland-Pfalz,772.45,4098391.0,18.84764045207009
2020-11-24,Baden-Württemberg,2265.34,11103043.0,20.402875139725207
2020-11-24,Bayern,3398.2200000000003,13140183.0,25.861283667053954
2020-11-24,Hessen,1374.3600000000001,6293154.0,21.83896977572772
2020-11-24,Niedersachsen,930.33,8003421.0,11.624154221051223
2020-11-24,Nordrhein-Westfalen,3765.58,17925570.0,21.00675180761337
2020-11-24,Rheinland-Pfalz,749.4920000000001,4098391.0,18.28746939957657
2020-11-25,Baden-Württemberg,2277.55,11103043.0,20.51284499213414
2020-11-25,Bayern,3315.54,13140183.0,25.23206868580141
2020-11-25,Hessen,1286.52,6293154.0,20.44316728940687
2020-11-25,Niedersachsen,961.92,8003421.0,12.018860434806566
2020-11-25,Nordrhein-Westfalen,3518.73,17925570.0,19.629668679991767
2020-11-25,Rheinland-Pfalz,725.733,4098391.0,17.707754091788704
2020-11-26,Baden-Württemberg,2116.2799999999997,11103043.0,19.060360299424218
2020-11-26,Bayern,3139.38,13140183.0,23.891448087138514
2020-11-26,Hessen,1206.81,6293154.0,19.176552806430607
2020-11-26,Niedersachsen,815.85,8003421.0,10.19376589086092
2020-11-26,Nordrhein-Westfalen,3379.77,17925570.0,18.85446320535414
2020-11-26,Rheinland-Pfalz,691.322,4098391.0,16.86813190835135
2020-11-27,Baden-Württemberg,2158.6800000000003,11103043.0,19.442237591982668
2020-11-27,Bayern,3131.49,13140183.0,23.83140326127878
2020-11-27,Hessen,1239.92,6293154.0,19.702680086964342
2020-11-27,Niedersachsen,883.7299999999999,8003421.0,11.041903206141471
2020-11-27,Nordrhein-Westfalen,3363.7200000000003,17925570.0,18.764926303598713
2020-11-27,Rheinland-Pfalz,738.212,4098391.0,18.012239437379204
2020-11-28,Baden-Württemberg,2193.63,11103043.0,19.75701616214582
2020-11-28,Bayern,2997.22,13140183.0,22.809575787490935
2020-11-28,Hessen,1165.5700000000002,6293154.0,18.521237522552287
2020-11-28,Niedersachsen,774.02,8003421.0,9.6711143897091
2020-11-28,Nordrhein-Westfalen,3082.62,17925570.0,17.196775332667247
2020-11-28,Rheinland-Pfalz,679.745,4098391.0,16.5856551998089
2020-11-29,Baden-Württemberg,2089.6,11103043.0,18.820065814389803
2020-11-29,Bayern,2974.08,13140183.0,22.633474739278746
2020-11-29,Hessen,1119.1599999999999,6293154.0,17.783769473939458
2020-11-29,Niedersachsen,794.73,8003421.0,9.929878735605687
2020-11-29,Nordrhein-Westfalen,3038.5,17925570.0,16.950646478745167
2020-11-29,Rheinland-Pfalz,723.143,4098391.0,17.644558559688424
2020-11-30,Baden-Württemberg,2722.6,11103043.0,24.52120558300999
2020-11-30,Bayern,3681.9599999999996,13140183.0,28.020614324777664
2020-11-30,Hessen,1564.24,6293154.0,24.856216771431306
2020-11-30,Niedersachsen,1113.07,8003421.0,13.907427836171557
2020-11-30,Nordrhein-Westfalen,4253.48,17925570.0,23.72856204851505
2020-11-30,Rheinland-Pfalz,880.27,4098391.0,21.47842897371188
2020-12-01,Baden-Württemberg,2811.91,11103043.0,25.32557966316081
2020-12-01,Bayern,3751.83,13140183.0,28.552342079254146
2020-12-01,Hessen,1584.73,6293154.0,25.181808676539617
2020-12-01,Niedersachsen,1090.6599999999999,8003421.0,13.627422573422038
2020-12-01,Nordrhein-Westfalen,4196.33,17925570.0,23.409743734787792
2020-12-01,Rheinland-Pfalz,923.8399999999999,4098391.0,22.54152910251852
2020-12-02,Baden-Württemberg,2872.17,11103043.0,25.868313758669583
2020-12-02,Bayern,3775.03,13140183.0,28.728899742111658
2020-12-02,Hessen,1561.88,6293154.0,24.81871570280975
2020-12-02,Niedersachsen,1040.24,8003421.0,12.997441968878059
2020-12-02,Nordrhein-Westfalen,4081.37,17925570.0,22.76842521604613
2020-12-02,Rheinland-Pfalz,888.5600000000001,4098391.0,21.680703476071464
2020-12-03,Baden-Württemberg,2879.96,11103043.0,25.93847470463728
2020-12-03,Bayern,3753.43,13140183.0,28.564518469796045
2020-12-03,Hessen,1600.0900000000001,6293154.0,25.425883428245996
2020-12-03,Niedersachsen,1030.82,8003421.0,12.879742300198878
2020-12-03,Nordrhein-Westfalen,4230.13,17925570.0,23.59830119767461
2020-12-03,Rheinland-Pfalz,904.0799999999999,4098391.0,22.05938867228627
2020-12-04,Baden-Württemberg,2960.5699999999997,11103043.0,26.664491887494265
2020-12-04,Bayern,3842.4000000000005,13140183.0,29.24160188636643
2020-12-04,Hessen,1614.1,6293154.0,25.648506297478182
2020-12-04,Niedersachsen,1151.82,8003421.0,14.391595793848655
2020-12-04,Nordrhein-Westfalen,4316.28,17925570.0,24.07889958310949
2020-12-04,Rheinland-Pfalz,952.6700000000001,4098391.0,23.24497589419848
2020-12-05,Baden-Württemberg,2861.61,11103043.0,25.773204697126726
2020-12-05,Bayern,3754.93,13140183.0,28.575933835929074
2020-12-05,Hessen,1568.3,6293154.0,24.920731321687025
2020-12-05,Niedersachsen,975.41,8003421.0,12.187413357363058
2020-12-05,Nordrhein-Westfalen,3944.1899999999996,17925570.0,22.00314969063745
2020-12-05,Rheinland-Pfalz,922.26,4098391.0,22.50297738795542
2020-12-06,Baden-Württemberg,2919.25,11103043.0,26.29234165804816
2020-12-06,Bayern,3775.6400000000003,13140183.0,28.73354199100576
2020-12-06,Hessen,1538.01,6293154.0,24.439414640099383
2020-12-06,Niedersachsen,982.55,8003421.0,12.276625208145367
2020-12-06,Nordrhein-Westfalen,4014.3,17925570.0,22.394266960548535
2020-12-06,Rheinland-Pfalz,981.0900000000001,4098391.0,23.938418759947506
2020-12-07,Baden-Württemberg,3571.98,11103043.0,32.171180459266886
2020-12-07,Bayern,4492.96,13140183.0,34.19252228070187
2020-12-07,Hessen,1898.0700000000002,6293154.0,30.160870050216477
2020-12-07,Niedersachsen,1340.75,8003421.0,16.752211335627603
2020-12-07,Nordrhein-Westfalen,5319.3099999999995,17925570.0,29.67442597362315
2020-12-07,Rheinland-Pfalz,1136.59,4098391.0,27.73259066789869
2020-12-08,Baden-Württemberg,3487.13,11103043.0,31.406975547154055
2020-12-08,Bayern,4529.889999999999,13140183.0,34.47356859489704
2020-12-08,Hessen,1940.52,6293154.0,30.835412576905
2020-12-08,Niedersachsen,1372.04,8003421.0,17.14316915229125
2020-12-08,Nordrhein-Westfalen,5139.59,17925570.0,28.671835818888884
2020-12-08,Rheinland-Pfalz,1154.8799999999999,4098391.0,28.17886336369565
2020-12-09,Baden-Württemberg,3524.7799999999997,11103043.0,31.746071775098052
2020-12-09,Bayern,4303.77,13140183.0,32.752740201563405
2020-12-09,Hessen,1927.21,6293154.0,30.623912905992768
2020-12-09,Niedersachsen,1311.15,8003421.0,16.382369489247164
2020-12-09,Nordrhein-Westfalen,5011.57,17925570.0,27.957660481647167
2020-12-09,Rheinland-Pfalz,1056.4299999999998,4098391.0,25.776701149304685
2020-12-10,Baden-Württemberg,3329.55,11103043.0,29.987724986744624
2020-12-10,Bayern,4201.31,13140183.0,31.972994592236656
2020-12-10,Hessen,1840.1399999999999,6293154.0,29.240345937823864
2020-12-10,Niedersachsen,1205.75,8003421.0,15.065432644365453
2020-12-10,Nordrhein-Westfalen,5027.43,17925570.0,28.046137445001747
2020-12-10,Rheinland-Pfalz,1036.04,4098391.0,25.279188832885882
2020-12-11,Baden-Württemberg,3355.5099999999998,11103043.0,30.221534763037486
2020-12-11,Bayern,4269.58,13140183.0,32.492545956171234
2020-12-11,Hessen,1757.7000000000003,6293154.0,27.930350981399794
2020-12-11,Niedersachsen,1301.95,8003421.0,16.267418645101888
2020-12-11,Nordrhein-Westfalen,4800.43,17925570.0,26.77978998715243
2020-12-11,Rheinland-Pfalz,1021.8800000000001,4098391.0,24.933687390978562
2020-12-12,Baden-Württemberg,3168.85,11103043.0,28.54037402178844
2020-12-12,Bayern,4071.93,13140183.0,30.98838121204248
2020-12-12,Hessen,1746.3,6293154.0,27.74920175161771
2020-12-12,Niedersachsen,1144.19,8003421.0,14.296261561149914
2020-12-12,Nordrhein-Westfalen,4444.68,17925570.0,24.795194797152895
2020-12-12,Rheinland-Pfalz,922.567,4098391.0,22.510468132493948
2020-12-13,Baden-Württemberg,3046.23,11103043.0,27.43599209694135
2020-12-13,Bayern,3757.94,13140183.0,28.59884067063602
2020-12-13,Hessen,1663.33,6293154.0,26.4307849450371
2020-12-13,Niedersachsen,1184.38,8003421.0,14.798421824867143
2020-12-13,Nordrhein-Westfalen,4316.26,17925570.0,24.078788010646246
2020-12-13,Rheinland-Pfalz,935.98,4098391.0,22.837742909351498
2020-12-14,Baden-Württemberg,3798.46,11103043.0,34.21098162008379
2020-12-14,Bayern,4485.38,13140183.0,34.13483663050964
2020-12-14,Hessen,2122.7799999999997,6293154.0,33.731575613754245
2020-12-14,Niedersachsen,1551.37,8003421.0,19.383835987136003
2020-12-14,Nordrhein-Westfalen,5683.82,17925570.0,31.707889902524716
2020-12-14,Rheinland-Pfalz,1091.83,4098391.0,26.640454754073
2020-12-15,Baden-Württemberg,3749.8199999999997,11103043.0,33.77290351843184
2020-12-15,Bayern,4270.77,13140183.0,32.50160214663678
2020-12-15,Hessen,2028.4299999999998,6293154.0,32.232327383057836
2020-12-15,Niedersachsen,1497.67,8003421.0,18.712872907722836
2020-12-15,Nordrhein-Westfalen,5301.879999999999,17925570.0,29.577190571903706
2020-12-15,Rheinland-Pfalz,1026.8999999999999,4098391.0,25.056174484084117
2020-12-16,Baden-Württemberg,3495.31,11103043.0,31.480649043690093
2020-12-16,Bayern,4063.3900000000003,13140183.0,30.92338972752511
2020-12-16,Hessen,1903.6200000000001,6293154.0,30.249061122610378
2020-12-16,Niedersachsen,1424.4299999999998,8003421.0,17.797764231070683
2020-12-16,Nordrhein-Westfalen,5075.59,17925570.0,28.314803936499647
2020-12-16,Rheinland-Pfalz,1004.7099999999999,4098391.0,24.51474249284658
2020-12-17,Baden-Württemberg,3148.45,11103043.0,28.356640607444284
2020-12-17,Bayern,3671.59,13140183.0,27.941696093577995
2020-12-17,Hessen,1686.23,6293154.0,26.794672432932675
2020-12-17,Niedersachsen,1301.8500000000001,8003421.0,16.26616917940466
2020-12-17,Nordrhein-Westfalen,4747.03,17925570.0,26.481891510283912
2020-12-17,Rheinland-Pfalz,964.6500000000001,4098391.0,23.53728572993646
2020-12-18,Baden-Württemberg,2987.26,11103043.0,26.90487643792787
2020-12-18,Bayern,3702.1699999999996,13140183.0,28.174417357810004
2020-12-18,Hessen,1650.43,6293154.0,26.225800290283697
2020-12-18,Niedersachsen,1342.92,8003421.0,16.77932474125752
2020-12-18,Nordrhein-Westfalen,4556.25,17925570.0,25.417601783374252
2020-12-18,Rheinland-Pfalz,948.18,4098391.0,23.135420705345098
2020-12-19,Baden-Württemberg,2750.03,11103043.0,24.76825497298353
2020-12-19,Bayern,3417.38,13140183.0,26.00709594379317
2020-12-19,Hessen,1456.75,6293154.0,23.148170217986085
2020-12-19,Niedersachsen,1173.12,8003421.0,14.657731987358904
2020-12-19,Nordrhein-Westfalen,3871.0299999999997,17925570.0,21.595017620081258
2020-12-19,Rheinland-Pfalz,840.932,4098391.0,20.51858888036793
2020-12-20,Baden-Württemberg,2564.1200000000003,11103043.0,23.093849136673615
2020-12-20,Bayern,3282.55,13140183.0,24.981006733315663
2020-12-20,Hessen,1495.47,6293154.0,23.76344198791258
2020-12-20,Niedersachsen,1225.97,8003421.0,15.318074608345606
2020-12-20,Nordrhein-Westfalen,3623.15,17925570.0,20.212188510602452
2020-12-20,Rheinland-Pfalz,808.133,4098391.0,19.718299205712682
2020-12-21,Baden-Württemberg,2849.45,11103043.0,25.663685171713738
2020-12-21,Bayern,3646.8999999999996,13140183.0,27.75379916702834
2020-12-21,Hessen,1641.9099999999999,6293154.0,26.090415076446565
2020-12-21,Niedersachsen,1322.2,8003421.0,16.52043544879121
2020-12-21,Nordrhein-Westfalen,4500.43,17925570.0,25.106203038452893
2020-12-21,Rheinland-Pfalz,883.328,4098391.0,21.55304362126503
2020-12-22,Baden-Württemberg,2498.4300000000003,11103043.0,22.50220952940559
2020-12-22,Bayern,3431.88,13140183.0,26.117444483079115
2020-12-22,Hessen,1513.5,6293154.0,24.049943796067918
2020-12-22,Niedersachsen,1175.68,8003421.0,14.689718309208025
2020-12-22,Nordrhein-Westfalen,3903.34,17925570.0,21.775262934456197
2020-12-22,Rheinland-Pfalz,836.9549999999999,4098391.0,20.421550798837885
2020-12-23,Baden-Württemberg,2240.24,11103043.0,20.17681098776254
2020-12-23,Bayern,3106.7200000000003,13140183.0,23.642897515202034
2020-12-23,Hessen,1356.868,6293154.0,21.56101693999543
2020-12-23,Niedersachsen,1102.13,8003421.0,13.770736288894463
2020-12-23,Nordrhein-Westfalen,3538.42,17925570.0,19.73951177005808
2020-12-23,Rheinland-Pfalz,748.9499999999999,4098391.0,18.27424469749226
2020-12-24,Baden-Württemberg,2015.3600000000001,11103043.0,18.15142029081577
2020-12-24,Bayern,2899.1400000000003,13140183.0,22.063163047272635
2020-12-24,Hessen,1184.618,6293154.0,18.823915639121495
2020-12-24,Niedersachsen,1001.3,8003421.0,12.510900026376222
2020-12-24,Nordrhein-Westfalen,3013.59,17925570.0,16.811682975771483
2020-12-24,Rheinland-Pfalz,676.892,4098391.0,16.516042515221216
2020-12-25,Baden-Württemberg,1847.2399999999998,11103043.0,16.637240799661857
2020-12-25,Bayern,2554.1099999999997,13140183.0,19.437400529353358
2020-12-25,Hessen,1083.1979999999999,6293154.0,17.212323105393573
2020-12-25,Niedersachsen,834.29,8003421.0,10.424167365430359
2020-12-25,Nordrhein-Westfalen,2724.65,17925570.0,15.199795599247333
2020-12-25,Rheinland-Pfalz,637.9970000000001,4098391.0,15.567011541846545
2020-12-26,Baden-Württemberg,2064.14,11103043.0,18.59075930805636
2020-12-26,Bayern,2821.33,13140183.0,21.471009954731986
2020-12-26,Hessen,1183.328,6293154.0,18.803417173646157
2020-12-26,Niedersachsen,1002.3199999999999,8003421.0,12.52364457648798
2020-12-26,Nordrhein-Westfalen,2912.37,17925570.0,16.247014739280257
2020-12-26,Rheinland-Pfalz,661.937,4098391.0,16.151143216935623
2020-12-27,Baden-Württemberg,2225.0600000000004,11103043.0,20.040091711794688
2020-12-27,Bayern,3052.26,13140183.0,23.228443622132204
2020-12-27,Hessen,1281.5,6293154.0,20.3633980671695
2020-12-27,Niedersachsen,1219.22,8003421.0,15.2337356737825
2020-12-27,Nordrhein-Westfalen,3178.2000000000003,17925570.0,17.72998013452292
2020-12-27,Rheinland-Pfalz,729.335,4098391.0,17.795642241064847
2020-12-28,Baden-Württemberg,2521.9399999999996,11103043.0,22.713953282897307
2020-12-28,Bayern,3655.12,13140183.0,27.81635537343734
2020-12-28,Hessen,1661.87,6293154.0,26.407585131398342
2020-12-28,Niedersachsen,1396.0,8003421.0,17.442541133347852
2020-12-28,Nordrhein-Westfalen,4052.9500000000003,17925570.0,22.60988074577266
2020-12-28,Rheinland-Pfalz,914.7930000000001,4098391.0,22.320783936915735
2020-12-29,Baden-Württemberg,2064.79,11103043.0,18.5966135590036
2020-12-29,Bayern,3169.9300000000003,13140183.0,24.123941044047864
2020-12-29,Hessen,1317.6999999999998,6293154.0,20.938626323144163
2020-12-29,Niedersachsen,1154.58,8003421.0,14.426081047092238
2020-12-29,Nordrhein-Westfalen,3358.41,17925570.0,18.73530381460673
2020-12-29,Rheinland-Pfalz,765.968,4098391.0,18.689480823083986
2020-12-30,Baden-Württemberg,1847.1799999999998,11103043.0,16.636700407266726
2020-12-30,Bayern,2720.37,13140183.0,20.702679711538263
2020-12-30,Hessen,1130.878,6293154.0,17.96997181381546
2020-12-30,Niedersachsen,1094.17,8003421.0,13.671278819394857
2020-12-30,Nordrhein-Westfalen,2966.71,17925570.0,16.550157121921366
2020-12-30,Rheinland-Pfalz,661.472,4098391.0,16.139797300940785
2020-12-31,Baden-Württemberg,1696.24,11103043.0,15.277253271918338
2020-12-31,Bayern,2365.5600000000004,13140183.0,18.00248900643165
2020-12-31,Hessen,1068.55,6293154.0,16.97956223540692
2020-12-31,Niedersachsen,964.81,8003421.0,12.054969993456549
2020-12-31,Nordrhein-Westfalen,2681.52,17925570.0,14.959189582255961
2020-12-31,Rheinland-Pfalz,594.3050000000001,4098391.0,14.500934635079963
2021-01-01,Baden-Württemberg,1694.0100000000002,11103043.0,15.257168687899346
2021-01-01,Bayern,2349.77,13140183.0,17.882323252271295
2021-01-01,Hessen,1089.0900000000001,6293154.0,17.305948654680947
2021-01-01,Niedersachsen,998.41,8003421.0,12.474790467726239
2021-01-01,Nordrhein-Westfalen,2798.0699999999997,17925570.0,15.609378111825732
2021-01-01,Rheinland-Pfalz,633.38,4098391.0,15.454357575936507
2021-01-02,Baden-Württemberg,1869.55,11103043.0,16.838176705250984
2021-01-02,Bayern,2480.6400000000003,13140183.0,18.878275896157614
2021-01-02,Hessen,1155.76,6293154.0,18.365353843239813
2021-01-02,Niedersachsen,1046.83,8003421.0,13.079781758325597
2021-01-02,Nordrhein-Westfalen,3053.45,17925570.0,17.034046895022026
2021-01-02,Rheinland-Pfalz,658.4870000000001,4098391.0,16.06696384019973
2021-01-03,Baden-Württemberg,1950.51,11103043.0,17.567346177079564
2021-01-03,Bayern,2614.66,13140183.0,19.898200808923285
2021-01-03,Hessen,1308.0700000000002,6293154.0,20.785602894828255
2021-01-03,Niedersachsen,1195.8799999999999,8003421.0,14.94211038004873
2021-01-03,Nordrhein-Westfalen,3247.36,17925570.0,18.115797712429785
2021-01-03,Rheinland-Pfalz,691.862,4098391.0,16.88130781079697
2021-01-04,Baden-Württemberg,2278.29,11103043.0,20.519509831674075
2021-01-04,Bayern,3251.67,13140183.0,24.746002395857044
2021-01-04,Hessen,1475.21,6293154.0,23.441504847966538
2021-01-04,Niedersachsen,1440.99,8003421.0,18.00467575053218
2021-01-04,Nordrhein-Westfalen,4017.96,17925570.0,22.41468472132267
2021-01-04,Rheinland-Pfalz,831.5999999999999,4098391.0,20.290889766252167
2021-01-05,Baden-Württemberg,2233.74,11103043.0,20.118268478290137
2021-01-05,Bayern,3076.9700000000003,13140183.0,23.41649275356363
2021-01-05,Hessen,1345.6999999999998,6293154.0,21.383554255942247
2021-01-05,Niedersachsen,1385.8899999999999,8003421.0,17.316220151357776
2021-01-05,Nordrhein-Westfalen,3474.1800000000003,17925570.0,19.381141018109883
2021-01-05,Rheinland-Pfalz,731.415,4098391.0,17.84639386529982
2021-01-06,Baden-Württemberg,1969.29,11103043.0,17.736488996755213
2021-01-06,Bayern,2681.83,13140183.0,20.40938090436031
2021-01-06,Hessen,1201.75,6293154.0,19.096147972860667
2021-01-06,Niedersachsen,1293.21,8003421.0,16.158215343163878
2021-01-06,Nordrhein-Westfalen,3136.4700000000003,17925570.0,17.497184189958812
2021-01-06,Rheinland-Pfalz,653.308,4098391.0,15.94059717581851
2021-01-07,Baden-Württemberg,1807.24,11103043.0,16.27697920290861
2021-01-07,Bayern,2585.83,13140183.0,19.678797471846472
2021-01-07,Hessen,1040.25,6293154.0,16.52986721761457
2021-01-07,Niedersachsen,1053.67,8003421.0,13.165245212016211
2021-01-07,Nordrhein-Westfalen,2884.66,17925570.0,16.092431091452042
2021-01-07,Rheinland-Pfalz,639.585,4098391.0,15.6057584549644
2021-01-08,Baden-Württemberg,1822.42,11103043.0,16.413698478876466
2021-01-08,Bayern,2517.1,13140183.0,19.155745395631097
2021-01-08,Hessen,1005.74,6293154.0,15.98149354044093
2021-01-08,Niedersachsen,1105.8,8003421.0,13.816591679982848
2021-01-08,Nordrhein-Westfalen,2840.12,17925570.0,15.843959215801785
2021-01-08,Rheinland-Pfalz,613.5219999999999,4098391.0,14.969825963408566
2021-01-09,Baden-Württemberg,1561.73,11103043.0,14.065783587436345
2021-01-09,Bayern,2195.3,13140183.0,16.706768847892
2021-01-09,Hessen,937.572,6293154.0,14.898284707477364
2021-01-09,Niedersachsen,926.1600000000001,8003421.0,11.572051501476682
2021-01-09,Nordrhein-Westfalen,2469.33,17925570.0,13.775461533440778
2021-01-09,Rheinland-Pfalz,537.443,4098391.0,13.113512107556355
2021-01-10,Baden-Württemberg,1611.4099999999999,11103043.0,14.513228490603883
2021-01-10,Bayern,2198.15,13140183.0,16.72845804354475
2021-01-10,Hessen,974.645,6293154.0,15.487385180785342
2021-01-10,Niedersachsen,936.41,8003421.0,11.700121735442881
2021-01-10,Nordrhein-Westfalen,2529.82,17925570.0,14.11291244853023
2021-01-10,Rheinland-Pfalz,504.832,4098391.0,12.31780959893773
2021-01-11,Baden-Württemberg,1879.94,11103043.0,16.93175465500764
2021-01-11,Bayern,2652.71,13140183.0,20.18777059649778
2021-01-11,Hessen,1202.03,6293154.0,19.10059725218865
2021-01-11,Niedersachsen,1189.02,8003421.0,14.85639703321867
2021-01-11,Nordrhein-Westfalen,3280.57,17925570.0,18.301063787650826
2021-01-11,Rheinland-Pfalz,631.66,4098391.0,15.412389886665279
2021-01-12,Baden-Württemberg,1684.48,11103043.0,15.171336362472882
2021-01-12,Bayern,2361.37,13140183.0,17.97060208370005
2021-01-12,Hessen,1086.9099999999999,6293154.0,17.271307837055947
2021-01-12,Niedersachsen,1150.95,8003421.0,14.380725442282744
2021-01-12,Nordrhein-Westfalen,2999.13,17925570.0,16.731016084844164
2021-01-12,Rheinland-Pfalz,598.533,4098391.0,14.604097071265285
2021-01-13,Baden-Württemberg,1567.36,11103043.0,14.116490407179365
2021-01-13,Bayern,2230.2200000000003,13140183.0,16.972518571468907
2021-01-13,Hessen,1028.31,6293154.0,16.340137234842814
2021-01-13,Niedersachsen,1129.43,8003421.0,14.111840424238585
2021-01-13,Nordrhein-Westfalen,2910.94,17925570.0,16.23903730815812
2021-01-13,Rheinland-Pfalz,585.02,4098391.0,14.274382312473358
2021-01-14,Baden-Württemberg,1473.54,11103043.0,13.271496831994616
2021-01-14,Bayern,2141.88,13140183.0,16.3002296086744
2021-01-14,Hessen,955.1329999999999,6293154.0,15.177333972758332
2021-01-14,Niedersachsen,1008.84,8003421.0,12.605109739947455
2021-01-14,Nordrhein-Westfalen,2650.9700000000003,17925570.0,14.788762644646727
2021-01-14,Rheinland-Pfalz,605.5219999999999,4098391.0,14.774627408658665
2021-01-15,Baden-Württemberg,1451.56,11103043.0,13.073533084578704
2021-01-15,Bayern,2100.8999999999996,13140183.0,15.988361805920052
2021-01-15,Hessen,975.398,6293154.0,15.499350564120949
2021-01-15,Niedersachsen,1001.79,8003421.0,12.517022408292654
2021-01-15,Nordrhein-Westfalen,2592.12,17925570.0,14.4604606715435
2021-01-15,Rheinland-Pfalz,573.373,4098391.0,13.990197616576848
2021-01-16,Baden-Württemberg,1319.31,11103043.0,11.882418180313271
2021-01-16,Bayern,1846.29,13140183.0,14.050717558499755
2021-01-16,Hessen,897.287,6293154.0,14.258144644164119
2021-01-16,Niedersachsen,874.2,8003421.0,10.922829125195339
2021-01-16,Nordrhein-Westfalen,2394.7799999999997,17925570.0,13.35957517668894
2021-01-16,Rheinland-Pfalz,526.0530000000001,4098391.0,12.835598165231186
2021-01-17,Baden-Württemberg,1270.1399999999999,11103043.0,11.439566612504336
2021-01-17,Bayern,1847.12,13140183.0,14.057034061093365
2021-01-17,Hessen,976.36,6293154.0,15.514637016669225
2021-01-17,Niedersachsen,857.69,8003421.0,10.716542338582464
2021-01-17,Nordrhein-Westfalen,2236.52,17925570.0,12.476702275018312
2021-01-17,Rheinland-Pfalz,549.895,4098391.0,13.417338658024576
2021-01-18,Baden-Württemberg,1605.86,11103043.0,14.463242194054368
2021-01-18,Bayern,2223.14,13140183.0,16.91863804332101
2021-01-18,Hessen,1101.04,6293154.0,17.49583754028584
2021-01-18,Niedersachsen,1154.98,8003421.0,14.431078909881162
2021-01-18,Nordrhein-Westfalen,3059.9700000000003,17925570.0,17.07041951804043
2021-01-18,Rheinland-Pfalz,679.638,4098391.0,16.58304441913912
2021-01-19,Baden-Württemberg,1455.75,11103043.0,13.111270486838608
2021-01-19,Bayern,2111.98,13140183.0,16.072683310422693
2021-01-19,Hessen,1062.1,6293154.0,16.877069908030215
2021-01-19,Niedersachsen,1138.1399999999999,8003421.0,14.220668886467422
2021-01-19,Nordrhein-Westfalen,2705.9300000000003,17925570.0,15.095363773648481
2021-01-19,Rheinland-Pfalz,657.462,4098391.0,16.041954025372394
2021-01-20,Baden-Württemberg,1390.76,11103043.0,12.525935457513764
2021-01-20,Bayern,1980.6399999999999,13140183.0,15.073153851814697
2021-01-20,Hessen,972.8700000000001,6293154.0,15.459179927902609
2021-01-20,Niedersachsen,1049.02,8003421.0,13.107145057094959
2021-01-20,Nordrhein-Westfalen,2637.0099999999998,17925570.0,14.710885065300571
2021-01-20,Rheinland-Pfalz,595.068,4098391.0,14.519551697239233
2021-01-21,Baden-Württemberg,1238.0500000000002,11103043.0,11.150546746509043
2021-01-21,Bayern,1778.8899999999999,13140183.0,13.537787106922332
2021-01-21,Hessen,805.8800000000001,6293154.0,12.805661517261457
2021-01-21,Niedersachsen,874.35,8003421.0,10.924703323741186
2021-01-21,Nordrhein-Westfalen,2326.34,17925570.0,12.977774207458953
2021-01-21,Rheinland-Pfalz,536.213,4098391.0,13.083500329763558
2021-01-22,Baden-Württemberg,1227.01,11103043.0,11.051114545805145
2021-01-22,Bayern,1781.85,13140183.0,13.560313429424841
2021-01-22,Hessen,806.468,6293154.0,12.815005003850215
2021-01-22,Niedersachsen,864.13,8003421.0,10.797007929484154
2021-01-22,Nordrhein-Westfalen,2263.96,17925570.0,12.629779694592697
2021-01-22,Rheinland-Pfalz,518.935,4098391.0,12.661920251142458
2021-01-23,Baden-Württemberg,1178.1299999999999,11103043.0,10.610874874572673
2021-01-23,Bayern,1632.18,13140183.0,12.421288196671233
2021-01-23,Hessen,776.858,6293154.0,12.34449371491624
2021-01-23,Niedersachsen,758.192,8003421.0,9.473348959151343
2021-01-23,Nordrhein-Westfalen,1955.9099999999999,17925570.0,10.911284829436386
2021-01-23,Rheinland-Pfalz,460.73499999999996,4098391.0,11.241850765336931
2021-01-24,Baden-Württemberg,1113.73,11103043.0,10.03085370379994
2021-01-24,Bayern,1532.92,13140183.0,11.665895368428279
2021-01-24,Hessen,745.428,6293154.0,11.84506211035039
2021-01-24,Niedersachsen,767.1020000000001,8003421.0,9.584676352774647
2021-01-24,Nordrhein-Westfalen,1896.8899999999999,17925570.0,10.582034490395564
2021-01-24,Rheinland-Pfalz,400.052,4098391.0,9.761196528100905
2021-01-25,Baden-Württemberg,1311.5500000000002,11103043.0,11.812527430543142
2021-01-25,Bayern,1970.0700000000002,13140183.0,14.99271357179729
2021-01-25,Hessen,913.9949999999999,6293154.0,14.52363949777806
2021-01-25,Niedersachsen,1008.3700000000001,8003421.0,12.59923725117047
2021-01-25,Nordrhein-Westfalen,2466.8,17925570.0,13.76134761684008
2021-01-25,Rheinland-Pfalz,541.0219999999999,4098391.0,13.20083906098759
2021-01-26,Baden-Württemberg,1204.38,11103043.0,10.847296547441996
2021-01-26,Bayern,1729.2299999999998,13140183.0,13.15986238547819
2021-01-26,Hessen,837.832,6293154.0,13.313387849717328
2021-01-26,Niedersachsen,969.71,8003421.0,12.116193812620878
2021-01-26,Nordrhein-Westfalen,2231.12,17925570.0,12.446577709941721
2021-01-26,Rheinland-Pfalz,483.14300000000003,4098391.0,11.788601917191405
2021-01-27,Baden-Württemberg,1105.65,11103043.0,9.958080861255786
2021-01-27,Bayern,1621.71,13140183.0,12.341608941062693
2021-01-27,Hessen,754.307,6293154.0,11.986151935897325
2021-01-27,Niedersachsen,856.89,8003421.0,10.706546613004614
2021-01-27,Nordrhein-Westfalen,2135.0699999999997,17925570.0,11.910750955199749
2021-01-27,Rheinland-Pfalz,448.512,4098391.0,10.943611773498429
2021-01-28,Baden-Württemberg,1069.3600000000001,11103043.0,9.631233527601399
2021-01-28,Bayern,1604.8,13140183.0,12.212919713523016
2021-01-28,Hessen,716.945,6293154.0,11.392459170711538
2021-01-28,Niedersachsen,852.35,8003421.0,10.649820870350316
2021-01-28,Nordrhein-Westfalen,1971.09,17925570.0,10.995968329040583
2021-01-28,Rheinland-Pfalz,432.142,4098391.0,10.544186730841444
2021-01-29,Baden-Württemberg,1109.9699999999998,11103043.0,9.996989113705133
2021-01-29,Bayern,1509.5,13140183.0,11.487663451871256
2021-01-29,Hessen,711.175,6293154.0,11.300772235988504
2021-01-29,Niedersachsen,739.9599999999999,8003421.0,9.245546373232145
2021-01-29,Nordrhein-Westfalen,1897.6200000000001,17925570.0,10.586106885304066
2021-01-29,Rheinland-Pfalz,408.403,4098391.0,9.964959419440458
2021-01-30,Baden-Württemberg,907.92,11103043.0,8.177217723105278
2021-01-30,Bayern,1324.72,13140183.0,10.081442549163889
2021-01-30,Hessen,628.272,6293154.0,9.983420078389948
2021-01-30,Niedersachsen,701.232,8003421.0,8.761653298008438
2021-01-30,Nordrhein-Westfalen,1618.6,17925570.0,9.029559450550247
2021-01-30,Rheinland-Pfalz,338.027,4098391.0,8.247797733305582
2021-01-31,Baden-Württemberg,877.838,11103043.0,7.906282989266996
2021-01-31,Bayern,1263.76,13140183.0,9.617522069517602
2021-01-31,Hessen,645.663,6293154.0,10.259767995507499
2021-01-31,Niedersachsen,625.492,8003421.0,7.815307978925511
2021-01-31,Nordrhein-Westfalen,1577.5100000000002,17925570.0,8.800333824810036
2021-01-31,Rheinland-Pfalz,340.47,4098391.0,8.307406491962334
2021-02-01,Baden-Württemberg,1062.13,11103043.0,9.56611624398825
2021-02-01,Bayern,1584.9699999999998,13140183.0,12.062008573244373
2021-02-01,Hessen,820.915,6293154.0,13.044571926890713
2021-02-01,Niedersachsen,887.8100000000001,8003421.0,11.092881406588507
2021-02-01,Nordrhein-Westfalen,2165.05,17925570.0,12.077998077606459
2021-02-01,Rheinland-Pfalz,441.418,4098391.0,10.770519455073954
2021-02-02,Baden-Württemberg,967.4,11103043.0,8.712926717477362
2021-02-02,Bayern,1501.3,13140183.0,11.425259450344033
2021-02-02,Hessen,694.4449999999999,6293154.0,11.034927796141648
2021-02-02,Niedersachsen,904.65,8003421.0,11.303291430002245
2021-02-02,Nordrhein-Westfalen,1983.01,17925570.0,11.062465517135578
2021-02-02,Rheinland-Pfalz,372.265,4098391.0,9.08319874799647
2021-02-03,Baden-Württemberg,964.1800000000001,11103043.0,8.683925658938724
2021-02-03,Bayern,1322.17,13140183.0,10.062036426737741
2021-02-03,Hessen,612.125,6293154.0,9.72683967371528
2021-02-03,Niedersachsen,817.12,8003421.0,10.209634105215757
2021-02-03,Nordrhein-Westfalen,1783.66,17925570.0,9.950366989724735
2021-02-03,Rheinland-Pfalz,355.052,4098391.0,8.663204657632715
2021-02-04,Baden-Württemberg,808.54,11103043.0,7.282147785971827
2021-02-04,Bayern,1200.57,13140183.0,9.136630745553544
2021-02-04,Hessen,579.392,6293154.0,9.206703029991004
2021-02-04,Niedersachsen,776.06,8003421.0,9.696603489932617
2021-02-04,Nordrhein-Westfalen,1555.45,17925570.0,8.677269397848994
2021-02-04,Rheinland-Pfalz,333.122,4098391.0,8.12811661942455
2021-02-05,Baden-Württemberg,886.755,11103043.0,7.986594305723215
2021-02-05,Bayern,1162.19,13140183.0,8.844549577429781
2021-02-05,Hessen,534.333,6293154.0,8.490702754135684
2021-02-05,Niedersachsen,729.78,8003421.0,9.118350765254009
2021-02-05,Nordrhein-Westfalen,1535.58,17925570.0,8.566422155613461
2021-02-05,Rheinland-Pfalz,342.92,4098391.0,8.36718604935449
2021-02-06,Baden-Württemberg,767.31,11103043.0,6.9108081451184145
2021-02-06,Bayern,1062.6,13140183.0,8.086645368637559
2021-02-06,Hessen,486.677,6293154.0,7.7334354125133435
2021-02-06,Niedersachsen,631.758,8003421.0,7.893599499514021
2021-02-06,Nordrhein-Westfalen,1363.6499999999999,17925570.0,7.607289475313756
2021-02-06,Rheinland-Pfalz,287.36699999999996,4098391.0,7.011702885351836
2021-02-07,Baden-Württemberg,713.812,11103043.0,6.42897627254078
2021-02-07,Bayern,977.8499999999999,13140183.0,7.441677182121435
2021-02-07,Hessen,465.588,6293154.0,7.398325227699814
2021-02-07,Niedersachsen,655.24,8003421.0,8.186999034537855
2021-02-07,Nordrhein-Westfalen,1224.9499999999998,17925570.0,6.833534442698334
2021-02-07,Rheinland-Pfalz,268.12,4098391.0,6.54207956244292
2021-02-08,Baden-Württemberg,838.607,11103043.0,7.552947421711327
2021-02-08,Bayern,1215.83,13140183.0,9.252763070346889
2021-02-08,Hessen,596.8679999999999,6293154.0,9.484401621190264
2021-02-08,Niedersachsen,841.04,8003421.0,10.508506299993465
2021-02-08,Nordrhein-Westfalen,1648.45,17925570.0,9.196081351945852
2021-02-08,Rheinland-Pfalz,334.168,4098391.0,8.1536388304581
2021-02-09,Baden-Württemberg,814.3999999999999,11103043.0,7.334926109896178
2021-02-09,Bayern,1222.6,13140183.0,9.30428442282729
2021-02-09,Hessen,530.0029999999999,6293154.0,8.421897827385122
2021-02-09,Niedersachsen,860.09,8003421.0,10.746529515316013
2021-02-09,Nordrhein-Westfalen,1583.96,17925570.0,8.836315944207074
2021-02-09,Rheinland-Pfalz,292.462,4098391.0,7.13601996490818
2021-02-10,Baden-Württemberg,702.6379999999999,11103043.0,6.328337195487758
2021-02-10,Bayern,1104.99,13140183.0,8.409243615556953
2021-02-10,Hessen,511.837,6293154.0,8.133234940699051
2021-02-10,Niedersachsen,831.51,8003421.0,10.38943221904733
2021-02-10,Nordrhein-Westfalen,1588.13,17925570.0,8.859578802793997
2021-02-10,Rheinland-Pfalz,305.382,4098391.0,7.451265630829269
2021-02-11,Baden-Württemberg,654.935,11103043.0,5.8986982217397514
2021-02-11,Bayern,1009.01,13140183.0,7.678812387924887
2021-02-11,Hessen,481.03299999999996,6293154.0,7.6437506534879
2021-02-11,Niedersachsen,777.8100000000001,8003421.0,9.718469139634164
2021-02-11,Nordrhein-Westfalen,1391.99,17925570.0,7.765387655734239
2021-02-11,Rheinland-Pfalz,269.584,4098391.0,6.577800897962152
2021-02-12,Baden-Württemberg,683.4580000000001,11103043.0,6.155591759844577
2021-02-12,Bayern,993.9300000000001,13140183.0,7.5640499070675045
2021-02-12,Hessen,494.253,6293154.0,7.853820198901854
2021-02-12,Niedersachsen,815.0,8003421.0,10.183145432434456
2021-02-12,Nordrhein-Westfalen,1384.92,17925570.0,7.725946789976553
2021-02-12,Rheinland-Pfalz,286.105,4098391.0,6.98091031334004
2021-02-13,Baden-Württemberg,638.087,11103043.0,5.7469560371872825
2021-02-13,Bayern,991.57,13140183.0,7.546089731018205
2021-02-13,Hessen,473.58200000000005,6293154.0,7.525352152513669
2021-02-13,Niedersachsen,663.92,8003421.0,8.295452657057524
2021-02-13,Nordrhein-Westfalen,1324.19,17925570.0,7.387157005328143
2021-02-13,Rheinland-Pfalz,278.822,4098391.0,6.803206429059599
2021-02-14,Baden-Württemberg,646.543,11103043.0,5.82311533874092
2021-02-14,Bayern,937.87,13140183.0,7.137419623455777
2021-02-14,Hessen,527.7379999999999,6293154.0,8.38590633567842
2021-02-14,Niedersachsen,677.758,8003421.0,8.468353720240382
2021-02-14,Nordrhein-Westfalen,1394.81,17925570.0,7.7811193730520145
2021-02-14,Rheinland-Pfalz,264.53999999999996,4098391.0,6.454728209192338
2021-02-15,Baden-Württemberg,856.9399999999999,11103043.0,7.718064318043261
2021-02-15,Bayern,1278.3200000000002,13140183.0,9.728327223448868
2021-02-15,Hessen,626.8,6293154.0,9.960029581351417
2021-02-15,Niedersachsen,889.99,8003421.0,11.120119758788148
2021-02-15,Nordrhein-Westfalen,1790.63,17925570.0,9.989249993166187
2021-02-15,Rheinland-Pfalz,326.413,4098391.0,7.964418231447414
2021-02-16,Baden-Württemberg,812.88,11103043.0,7.321236169219556
2021-02-16,Bayern,1185.15,13140183.0,9.019280781706009
2021-02-16,Hessen,584.54,6293154.0,9.288506208492594
2021-02-16,Niedersachsen,872.48,8003421.0,10.901338315202961
2021-02-16,Nordrhein-Westfalen,1666.6200000000001,17925570.0,9.297444934805421
2021-02-16,Rheinland-Pfalz,369.565,4098391.0,9.017319235768378
2021-02-17,Baden-Württemberg,769.23,11103043.0,6.92810070176257
2021-02-17,Bayern,1188.35,13140183.0,9.043633562789802
2021-02-17,Hessen,584.2550000000001,6293154.0,9.283977477748042
2021-02-17,Niedersachsen,832.18,8003421.0,10.397803639218779
2021-02-17,Nordrhein-Westfalen,1754.54,17925570.0,9.787917483237631
2021-02-17,Rheinland-Pfalz,345.36499999999995,4098391.0,8.426843607649927
2021-02-18,Baden-Württemberg,807.8900000000001,11103043.0,7.276293535024589
2021-02-18,Bayern,1147.39,13140183.0,8.731917964917233
2021-02-18,Hessen,514.283,6293154.0,8.172102573685628
2021-02-18,Niedersachsen,802.08,8003421.0,10.021714464352181
2021-02-18,Nordrhein-Westfalen,1671.98,17925570.0,9.32734635495552
2021-02-18,Rheinland-Pfalz,347.89300000000003,4098391.0,8.488526350950897
