scenario,family,method,evaluation,metric,n,mean,std,median,q1,q3,ci95_low,ci95_high
delay_light,delay,Arrival interpolation,retrospective reconstruction,rmse,20,1.5639417171524044,0.877905983302492,1.298668357384236,1.0028700271168902,2.131476413591357,1.2400117809249969,1.9706992980314972
delay_light,delay,Arrival interpolation,retrospective reconstruction,mae,20,0.32133378064314083,0.09579913712898426,0.3064928141129155,0.24650405524626412,0.372245110668923,0.28278408138861816,0.36263550355579216
delay_light,delay,Arrival interpolation,retrospective reconstruction,r2,20,-19.153012729435243,27.40013620511328,-9.701203144916072,-27.809954042543716,-5.378221141038606,-32.351318333270285,-10.248730043422306
delay_light,delay,Arrival interpolation,retrospective reconstruction,pearson_r,20,0.2941583548892951,0.13557952136690213,0.3144955532098879,0.19367196198242448,0.3714051137543465,0.2359715799639014,0.35179233152359884
delay_light,delay,Arrival interpolation,retrospective reconstruction,runtime_seconds,20,0.01895680084996906,0.007840202537381151,0.01644424500000235,0.01566895750022465,0.024125700499894223,0.01573821944619107,0.022476551456165852
delay_light,delay,Arrival interpolation,retrospective reconstruction,peak_memory_mb,20,0.3388671875,0.6621766893471727,0.0,0.0,0.25,0.0875,0.6478857421874995
delay_light,delay,Delay backprojection,retrospective reconstruction,rmse,20,1.280649968384223,0.683006113882052,1.0188031173087848,0.8373582512744056,1.6468606908299028,1.0248221291199815,1.59408861702034
delay_light,delay,Delay backprojection,retrospective reconstruction,mae,20,0.35004512540172544,0.09523657905368169,0.3528691507515098,0.2700971378699569,0.41901737549985185,0.31109291540369277,0.3917427301841231
delay_light,delay,Delay backprojection,retrospective reconstruction,r2,20,-12.21026472667823,16.034430146705542,-5.597749726291013,-16.25332906281502,-3.4561134039575205,-19.817690118636275,-6.677590081615745
delay_light,delay,Delay backprojection,retrospective reconstruction,pearson_r,20,0.3465464259096165,0.1554374404352461,0.37415274352868266,0.20479817584664825,0.44009863073078664,0.27855056507500875,0.41264912566946466
delay_light,delay,Delay backprojection,retrospective reconstruction,runtime_seconds,20,0.10799651560000707,0.040590781867000846,0.09901069700003964,0.09375220725019058,0.1316370374998996,0.09100152354254643,0.12499485643995678
delay_light,delay,Delay backprojection,retrospective reconstruction,peak_memory_mb,20,0.175,0.3961160117148032,0.0,0.0,0.0,0.025,0.35625
delay_light,delay,Delay-aware state-space (internal),retrospective reconstruction,rmse,20,0.7874931193418125,0.3300511331463031,0.6273520248701614,0.5593233256445216,1.0090763863587129,0.6530942589441691,0.9314606638129591
delay_light,delay,Delay-aware state-space (internal),retrospective reconstruction,mae,20,0.3532333472325645,0.09209226941771431,0.35099748084282045,0.27957872958593805,0.40956334079320256,0.31544592685928013,0.3935678508311056
delay_light,delay,Delay-aware state-space (internal),retrospective reconstruction,r2,20,-3.588713321151649,3.8768065574013346,-1.4960417382217757,-5.476053511663624,-0.9846116307894637,-5.317518096109207,-2.0791775934444763
delay_light,delay,Delay-aware state-space (internal),retrospective reconstruction,pearson_r,20,0.4820811431445974,0.18568867328658045,0.5100150227478359,0.38748378961803975,0.6194132250145361,0.39969983332287157,0.5595365309677459
delay_light,delay,Delay-aware state-space (internal),retrospective reconstruction,runtime_seconds,20,0.10121040789999822,0.041332905571566506,0.1015260039998793,0.08446736674966353,0.13200329374990355,0.08362724444499174,0.11905548842497635
delay_light,delay,Delay-aware state-space (internal),retrospective reconstruction,peak_memory_mb,20,0.0884765625,0.23702678507204897,0.0,0.0,0.0,0.0072265625,0.2072265625
delay_light,delay,Kalman/RTS smoother (internal),retrospective reconstruction,rmse,20,0.746887963017042,0.32252966558153306,0.654612452775482,0.5297281017550011,0.8623093453376597,0.624751363349278,0.8926364779165636
delay_light,delay,Kalman/RTS smoother (internal),retrospective reconstruction,mae,20,0.34620798582287077,0.08860354615048474,0.3559921152649266,0.2712114350971656,0.38334907974493393,0.31063268689145623,0.38411153286419303
delay_light,delay,Kalman/RTS smoother (internal),retrospective reconstruction,r2,20,-3.164062493974543,4.203000970640294,-1.718747547661345,-3.7294489258952206,-0.7794255163445019,-5.186192910999485,-1.7187058269411806
delay_light,delay,Kalman/RTS smoother (internal),retrospective reconstruction,pearson_r,20,0.5013137178588524,0.17059089443858452,0.5474040944228089,0.4129250451307685,0.6236336634920241,0.42619473673679437,0.572715466151292
delay_light,delay,Kalman/RTS smoother (internal),retrospective reconstruction,runtime_seconds,20,0.04081818199992989,0.02136998746128174,0.036955103499849346,0.026384429749896222,0.05860990099984058,0.03181021265750126,0.050002270241172306
delay_light,delay,Kalman/RTS smoother (internal),retrospective reconstruction,peak_memory_mb,20,0.43125,0.6900073893578396,0.0,0.0,0.78125,0.1625,0.75
delay_light,delay,No-delay ablation,retrospective reconstruction,rmse,20,0.3087755558859637,0.10595050451178216,0.28221815600470646,0.2532468778205964,0.3113127986156256,0.2737930636415381,0.35887131269765854
delay_light,delay,No-delay ablation,retrospective reconstruction,mae,20,0.2427716455397177,0.03955255729870887,0.24078828636977329,0.21403710249176058,0.25647588215874206,0.22712264984693628,0.2603793162982854
delay_light,delay,No-delay ablation,retrospective reconstruction,r2,20,0.32778888171519727,0.6433206264419511,0.49493203191087326,0.3854124031399465,0.5933091374939212,0.0251514997173672,0.5181989704901074
delay_light,delay,No-delay ablation,retrospective reconstruction,pearson_r,20,0.8222026286452391,0.06598945528115867,0.8382210365077325,0.8043071993263198,0.871468467958049,0.7924396234834311,0.8472152779524662
delay_light,delay,No-delay ablation,retrospective reconstruction,runtime_seconds,20,29.787103086199977,8.202964175798133,31.95575762199951,24.537454981249766,36.455616792,26.18084920508225,33.11029316619746
delay_light,delay,No-delay ablation,retrospective reconstruction,peak_memory_mb,20,0.92265625,1.3930827722726888,0.0,0.0,2.8359375,0.33671875,1.53359375
delay_light,delay,No-delay ablation,retrospective reconstruction,delay_mae,20,0.7174513159298697,0.019327725554868173,0.7117326867804556,0.7042412779843175,0.7283372835839115,0.7096107780805515,0.7260069638401244
delay_light,delay,No-robustness ablation,retrospective reconstruction,rmse,20,0.6546680580921219,0.28132655541615287,0.5427760695183206,0.47299118653386785,0.6806573936714311,0.5476316167723976,0.783364457353994
delay_light,delay,No-robustness ablation,retrospective reconstruction,mae,20,0.4133151649337033,0.08077767626936817,0.394848248916974,0.36315542105224996,0.4533056163455583,0.38099065241393465,0.4490393092155007
delay_light,delay,No-robustness ablation,retrospective reconstruction,r2,20,-2.1945654202307425,3.0889517743881005,-0.8695890172018071,-1.9565738723988946,-0.41961085598805037,-3.634226008514365,-1.0550854401414487
delay_light,delay,No-robustness ablation,retrospective reconstruction,pearson_r,20,0.5764831321248021,0.17777203975598355,0.6273006746553309,0.4306416939286305,0.69633980336203,0.49527349420362454,0.6480384448282008
delay_light,delay,No-robustness ablation,retrospective reconstruction,runtime_seconds,20,31.921798874199887,9.111790965152073,31.810165174999838,23.46656650724981,38.12746715125013,28.129115852263567,35.776419906923685
delay_light,delay,No-robustness ablation,retrospective reconstruction,peak_memory_mb,20,0.9314453125,1.4187919980189405,0.0,0.0,2.9580078125,0.3318359375,1.5451171875
delay_light,delay,No-robustness ablation,retrospective reconstruction,delay_mae,20,0.8205742740281161,0.01449088282978539,0.8184583319771216,0.8112429147641802,0.8333619179605454,0.8145539143326516,0.826780986789095
delay_light,delay,Proposed revised,retrospective reconstruction,rmse,20,0.31045589006817037,0.06609545245019559,0.29888673556926476,0.26891873578362435,0.3236834472507367,0.2861545286594396,0.34014932685169436
delay_light,delay,Proposed revised,retrospective reconstruction,mae,20,0.2530060724694624,0.037803369758826554,0.2551707469079434,0.22221023301732737,0.27491598471758477,0.23754535629861862,0.2688599515994028
delay_light,delay,Proposed revised,retrospective reconstruction,r2,20,0.3624978061015143,0.3165411224583674,0.4334782928519861,0.33561748536467095,0.5413815935476427,0.214657901833648,0.47401258367468896
delay_light,delay,Proposed revised,retrospective reconstruction,pearson_r,20,0.8216721305080712,0.06585559046113348,0.832053588831565,0.79669527772807,0.8731641141558515,0.7909724244262899,0.846993406604501
delay_light,delay,Proposed revised,retrospective reconstruction,runtime_seconds,20,26.64492887114998,5.3711704143325925,26.632704309500014,23.02479507599981,31.740670418500258,24.37411701560373,28.925404768970026
delay_light,delay,Proposed revised,retrospective reconstruction,peak_memory_mb,20,1.04921875,0.919970783668849,1.4375,0.0,1.658203125,0.659375,1.4455126953125
delay_light,delay,Proposed revised,retrospective reconstruction,delay_mae,20,0.8142235792745934,0.01196206050040629,0.814398758479582,0.8078969526559301,0.8194993120706663,0.8091120781907194,0.8194357278711014
delay_light,delay,Robust median smoother,retrospective reconstruction,rmse,20,0.5726970799386729,0.4007934290592913,0.42389366824614716,0.3249369400212073,0.6256024687510272,0.41460821688522126,0.7528604848575914
delay_light,delay,Robust median smoother,retrospective reconstruction,mae,20,0.14500900469276745,0.042540570905395717,0.13066247455481844,0.11994938082964576,0.16613739345680148,0.12775419009292027,0.16337155964329209
delay_light,delay,Robust median smoother,retrospective reconstruction,r2,20,-2.0474990913093998,4.326765777047932,-0.1415842173782616,-1.4848066101793096,0.3304683758033799,-4.00380870541856,-0.4085426660679507
delay_light,delay,Robust median smoother,retrospective reconstruction,pearson_r,20,0.6197626465629871,0.22126006475845808,0.6973626562962514,0.4313653167710537,0.782157753998937,0.5252950021688461,0.7128102452991133
delay_light,delay,Robust median smoother,retrospective reconstruction,runtime_seconds,20,0.020948218650005346,0.010374803380189335,0.01690557599977175,0.015729324750282075,0.02446288974977045,0.016749882602510927,0.02549712170249614
delay_light,delay,Robust median smoother,retrospective reconstruction,peak_memory_mb,20,0.13828125,0.4438283207847288,0.0,0.0,0.0,0.0,0.3640625
delay_moderate,delay,Arrival interpolation,retrospective reconstruction,rmse,20,1.3581710243296734,0.5582138311116444,1.202196413060226,0.9281167116587039,1.726180358437577,1.1306903672875475,1.595255150337695
delay_moderate,delay,Arrival interpolation,retrospective reconstruction,mae,20,0.345741309903686,0.08888185049430904,0.30994601441403913,0.2783729429253739,0.41534708434567646,0.3097954366375617,0.3854250627606587
delay_moderate,delay,Arrival interpolation,retrospective reconstruction,r2,20,-12.574341182841653,10.83011302339152,-8.17382397107302,-17.998032687152012,-4.463204574775862,-17.25800717693038,-8.303080131232683
delay_moderate,delay,Arrival interpolation,retrospective reconstruction,pearson_r,20,0.30894252614645556,0.12635308498048953,0.3020590102097799,0.2199886905759466,0.3772833215499075,0.2550699966387512,0.36236545569837214
delay_moderate,delay,Arrival interpolation,retrospective reconstruction,runtime_seconds,20,0.024768461599887763,0.012605053089838308,0.02420853449984855,0.01551241250001565,0.037921479249689555,0.01938298280859211,0.03016445081115473
delay_moderate,delay,Arrival interpolation,retrospective reconstruction,peak_memory_mb,20,0.00625,0.027950849718747367,0.0,0.0,0.0,0.0,0.01875
delay_moderate,delay,Delay backprojection,retrospective reconstruction,rmse,20,1.019878768609058,0.45384071754542393,0.8283505209965611,0.6946062675766234,1.1667110712042947,0.8411963410955758,1.2186902157096515
delay_moderate,delay,Delay backprojection,retrospective reconstruction,mae,20,0.3663637537403569,0.09123777614151604,0.35981818517656605,0.3034168475256883,0.41821009166464396,0.32940349661766977,0.4075526532187235
delay_moderate,delay,Delay backprojection,retrospective reconstruction,r2,20,-6.836642576289792,7.145598735362825,-3.3513507614298836,-7.7659201605205475,-2.059513628742814,-10.010027523163524,-4.071287384523593
delay_moderate,delay,Delay backprojection,retrospective reconstruction,pearson_r,20,0.4027203770903333,0.15208519703503603,0.39771747999625623,0.3032619508690086,0.4970297256502794,0.33553726443365733,0.46617495743362997
delay_moderate,delay,Delay backprojection,retrospective reconstruction,runtime_seconds,20,0.14758329724995742,0.12249651995465462,0.10399895899990945,0.09624706850001982,0.1530471977498564,0.10324701196869222,0.20724555675619794
delay_moderate,delay,Delay backprojection,retrospective reconstruction,peak_memory_mb,20,0.01875,0.04579344356656541,0.0,0.0,0.0,0.0,0.0375
delay_moderate,delay,Delay-aware state-space (internal),retrospective reconstruction,rmse,20,0.726829018887399,0.29794559324450265,0.5936406387966316,0.5485933201890821,0.8502259149942449,0.6078608150208522,0.8577850705657767
delay_moderate,delay,Delay-aware state-space (internal),retrospective reconstruction,mae,20,0.346505006775841,0.08731530104396908,0.33576859968190964,0.28153719991634596,0.40277948536450864,0.31110272611410844,0.38514118902124916
delay_moderate,delay,Delay-aware state-space (internal),retrospective reconstruction,r2,20,-2.8847169747700114,3.2681248600688706,-1.2348388244241404,-3.6750836212394624,-0.9085069480154412,-4.340432303854237,-1.5995426588403558
delay_moderate,delay,Delay-aware state-space (internal),retrospective reconstruction,pearson_r,20,0.5073581765987576,0.1725231501315859,0.5156417360472754,0.42629513731807994,0.63166169150808,0.4306305384181102,0.578174097458308
delay_moderate,delay,Delay-aware state-space (internal),retrospective reconstruction,runtime_seconds,20,0.10481381060005786,0.031692752478365054,0.10081411099986326,0.09362403875002195,0.1340659892499616,0.09137226582132311,0.1182397752400254
delay_moderate,delay,Delay-aware state-space (internal),retrospective reconstruction,peak_memory_mb,20,0.0125,0.055901699437494734,0.0,0.0,0.0,0.0,0.0375
delay_moderate,delay,Kalman/RTS smoother (internal),retrospective reconstruction,rmse,20,0.6869841304199389,0.24216939903700319,0.6393032514096894,0.5236511033150262,0.8223768426961311,0.5876385745859489,0.7900255955066222
delay_moderate,delay,Kalman/RTS smoother (internal),retrospective reconstruction,mae,20,0.3402192664423092,0.08015449875941444,0.33699823461915257,0.2924444989453693,0.3942204335080007,0.30673052956863184,0.3742975246418005
delay_moderate,delay,Kalman/RTS smoother (internal),retrospective reconstruction,r2,20,-2.346014362404777,2.3277802479490393,-1.591734194432519,-3.2888291202356896,-0.7391440072353573,-3.372782142787785,-1.4201731714295287
delay_moderate,delay,Kalman/RTS smoother (internal),retrospective reconstruction,pearson_r,20,0.5113731188284965,0.18156310735380782,0.5735917454000337,0.4098762902703236,0.6260413702273405,0.4297140401658334,0.5850400453372919
delay_moderate,delay,Kalman/RTS smoother (internal),retrospective reconstruction,runtime_seconds,20,0.03750212199993254,0.014078217850929761,0.03760528649991095,0.025215191499796626,0.046682846499948,0.03159867467364105,0.043578729641336
delay_moderate,delay,Kalman/RTS smoother (internal),retrospective reconstruction,peak_memory_mb,20,0.025,0.07694837640638656,0.0,0.0,0.0,0.0,0.0625
delay_moderate,delay,No-delay ablation,retrospective reconstruction,rmse,20,0.30071261342317024,0.05059503314009534,0.2901101566226143,0.2669652863249879,0.31406608955856796,0.28060426126845944,0.3224780609344968
delay_moderate,delay,No-delay ablation,retrospective reconstruction,mae,20,0.2441639800598164,0.03278900335558754,0.23799576184096166,0.21787853256236123,0.26639464587120193,0.23068193193037753,0.2579323453303294
delay_moderate,delay,No-delay ablation,retrospective reconstruction,r2,20,0.4111546129081285,0.2091150026953892,0.46623111854532856,0.37449401489527345,0.5480572134620655,0.31974287978462235,0.4930169777267598
delay_moderate,delay,No-delay ablation,retrospective reconstruction,pearson_r,20,0.8186267672899424,0.05998583128940845,0.8363635104053868,0.80095669243699,0.8511554496851589,0.7901048245632705,0.8409916437406215
delay_moderate,delay,No-delay ablation,retrospective reconstruction,runtime_seconds,20,27.721259719050067,5.850896297185923,29.824722580000525,25.94891132450016,31.31271741024989,25.024768411557467,30.033273672567564
delay_moderate,delay,No-delay ablation,retrospective reconstruction,peak_memory_mb,20,0.0375,0.09158688713313082,0.0,0.0,0.0,0.00625,0.08125
delay_moderate,delay,No-delay ablation,retrospective reconstruction,delay_mae,20,1.5809889145393041,0.032995588784501734,1.5770180650800492,1.557491404390373,1.5952126676387834,1.5676306919283745,1.595930156751818
delay_moderate,delay,No-robustness ablation,retrospective reconstruction,rmse,20,0.6869558168774578,0.3115488795921858,0.5592226022560713,0.49754577859359506,0.7150558920940739,0.5681423739789727,0.8315393289942538
delay_moderate,delay,No-robustness ablation,retrospective reconstruction,mae,20,0.4282680848985606,0.0866114981803767,0.41394706590273966,0.37720364558029745,0.46925716097035064,0.39433784110688264,0.4668143560911365
delay_moderate,delay,No-robustness ablation,retrospective reconstruction,r2,20,-2.5771959397450264,3.626428868033179,-0.9831052833500521,-2.2890182279391227,-0.5697864365047774,-4.2740181360341944,-1.215148259134191
delay_moderate,delay,No-robustness ablation,retrospective reconstruction,pearson_r,20,0.5689510031749143,0.17402473210366315,0.5754800701496177,0.45979517427292715,0.6856852772583897,0.4896324205925376,0.6378611184350123
delay_moderate,delay,No-robustness ablation,retrospective reconstruction,runtime_seconds,20,26.842729382749987,4.751950202366804,27.095006546999684,24.36973797175051,30.01421087674953,24.763261414326216,28.81622971167877
delay_moderate,delay,No-robustness ablation,retrospective reconstruction,peak_memory_mb,20,0.01875,0.06117006061619911,0.0,0.0,0.0,0.0,0.05
delay_moderate,delay,No-robustness ablation,retrospective reconstruction,delay_mae,20,1.3386379260913923,0.02365843811376755,1.3347149591054308,1.3218110494778545,1.3570727730396812,1.3289352024220835,1.349078596267808
delay_moderate,delay,Proposed revised,retrospective reconstruction,rmse,20,0.31965463187992094,0.0514800376708633,0.31448286554840554,0.2818386888541786,0.3397689298349069,0.2988768305359762,0.3424113462884605
delay_moderate,delay,Proposed revised,retrospective reconstruction,mae,20,0.2614991250093132,0.03587107288456249,0.2657978222270395,0.23353515764608795,0.29010054491612014,0.24638597713614319,0.27651152252500116
delay_moderate,delay,Proposed revised,retrospective reconstruction,r2,20,0.3360946736290683,0.22453481212081283,0.37284570957086427,0.26786456739940223,0.49629599786368844,0.2343288931258766,0.4238422008450447
delay_moderate,delay,Proposed revised,retrospective reconstruction,pearson_r,20,0.8182481343515835,0.06746153933863915,0.834717338689618,0.804618278697178,0.86502990340908,0.7860844443332897,0.843171688289923
delay_moderate,delay,Proposed revised,retrospective reconstruction,runtime_seconds,20,31.58999430215001,7.211744735454257,32.43215242950009,26.96380271050009,35.2564530085001,28.51773228067001,34.666414225226234
delay_moderate,delay,Proposed revised,retrospective reconstruction,peak_memory_mb,20,0.025,0.08698154674230742,0.0,0.0,0.0,0.0,0.06875
delay_moderate,delay,Proposed revised,retrospective reconstruction,delay_mae,20,1.3235377187373196,0.019571589168608287,1.3235137213698254,1.3116094471346176,1.3278946790600668,1.3156240334842866,1.3324722896184669
delay_moderate,delay,Robust median smoother,retrospective reconstruction,rmse,20,0.6664715607763589,0.454468741851983,0.4941338857469623,0.3514532887270123,0.8086405069430889,0.487242738760623,0.8646065469148098
delay_moderate,delay,Robust median smoother,retrospective reconstruction,mae,20,0.19671337446778958,0.06573068714747862,0.18041242171889466,0.15043973694183246,0.23888689420659964,0.16972593439601272,0.22627234757060521
delay_moderate,delay,Robust median smoother,retrospective reconstruction,r2,20,-3.060912020820561,5.713394048063386,-0.557413630767792,-3.297796561406377,0.21589565934883598,-5.692213407545918,-0.9773326145538472
delay_moderate,delay,Robust median smoother,retrospective reconstruction,pearson_r,20,0.5716077633076914,0.2181694045712085,0.6157529747947332,0.40189014742704676,0.7658718789489004,0.4756839744614743,0.6622772989937181
delay_moderate,delay,Robust median smoother,retrospective reconstruction,runtime_seconds,20,0.024814985900024983,0.0145950749629423,0.01840571100001395,0.016146885500006623,0.03990787775001075,0.018727020601282292,0.031142897108767855
delay_moderate,delay,Robust median smoother,retrospective reconstruction,peak_memory_mb,20,0.0125,0.055901699437494734,0.0,0.0,0.0,0.0,0.0375
delay_severe,delay,Arrival interpolation,retrospective reconstruction,rmse,20,1.4853548864748753,0.9470123931652205,1.212730091345333,0.8596499020258154,1.8387269397941837,1.1389040776106332,1.9216762179254336
delay_severe,delay,Arrival interpolation,retrospective reconstruction,mae,20,0.3821005078566606,0.1205154565098692,0.36959952847546773,0.28002576804206253,0.45234828830498974,0.33371469033920165,0.43705576111109284
delay_severe,delay,Arrival interpolation,retrospective reconstruction,r2,20,-18.393165314200253,28.846038478945893,-8.350618904096189,-20.70361050972051,-3.689093029051314,-32.15637643263045,-8.863680753122091
delay_severe,delay,Arrival interpolation,retrospective reconstruction,pearson_r,20,0.30267346871905054,0.14211601485009331,0.2925706486920343,0.2086599039452685,0.3699124133309987,0.24167735356605563,0.3652676865720803
delay_severe,delay,Arrival interpolation,retrospective reconstruction,runtime_seconds,20,0.027399351250050996,0.018252268082762254,0.0172206085001107,0.015757891749899427,0.04087873125013175,0.01995426437004476,0.03556022395385009
delay_severe,delay,Arrival interpolation,retrospective reconstruction,peak_memory_mb,20,0.01875,0.08385254915624213,0.0,0.0,0.0,0.0,0.05625
delay_severe,delay,Delay backprojection,retrospective reconstruction,rmse,20,0.9089376655419482,0.3995282304859591,0.8117245837626619,0.6512701743698754,1.2230203866903748,0.7531531675242316,1.0912643439335725
delay_severe,delay,Delay backprojection,retrospective reconstruction,mae,20,0.3841462438957486,0.09404715274635445,0.3846844270092613,0.31554900097246186,0.4407053806037259,0.34546015732455343,0.4250911116251278
delay_severe,delay,Delay backprojection,retrospective reconstruction,r2,20,-5.200504983602729,5.922036614988773,-3.17907533864571,-8.485075238545608,-1.689924552656446,-8.01177619084693,-3.021677122741785
delay_severe,delay,Delay backprojection,retrospective reconstruction,pearson_r,20,0.426663368600972,0.16104410124019022,0.3990853922794714,0.35555124286482104,0.5380835457748028,0.3552050332091684,0.49370844979922207
delay_severe,delay,Delay backprojection,retrospective reconstruction,runtime_seconds,20,0.13551806815003142,0.07658476529138411,0.0992262084998856,0.08883888900015788,0.20566030725001375,0.10373095258507699,0.16925652864625074
delay_severe,delay,Delay backprojection,retrospective reconstruction,peak_memory_mb,20,0.0,0.0,0.0,0.0,0.0,0.0,0.0
delay_severe,delay,Delay-aware state-space (internal),retrospective reconstruction,rmse,20,0.7144404451338242,0.30299620742486,0.6182248527672555,0.5036647462527264,0.9806634597479136,0.5935193424252094,0.8514945201134908
delay_severe,delay,Delay-aware state-space (internal),retrospective reconstruction,mae,20,0.3566762926417926,0.09319832412956021,0.3525189443811676,0.287676899147722,0.41074814059863285,0.3185377076529921,0.39699398270262587
delay_severe,delay,Delay-aware state-space (internal),retrospective reconstruction,r2,20,-2.789776824600164,3.3883788192046667,-1.425608495051521,-5.101768227977595,-0.6090874547582706,-4.370670652823773,-1.5168092022177033
delay_severe,delay,Delay-aware state-space (internal),retrospective reconstruction,pearson_r,20,0.5047276464168612,0.17680352321616954,0.4739992810269291,0.43924808409711474,0.6583679744294473,0.424617747704068,0.5779753589728711
delay_severe,delay,Delay-aware state-space (internal),retrospective reconstruction,runtime_seconds,20,0.14756887370006094,0.15036877117633587,0.10009804350011105,0.0947010222503195,0.1554573382497892,0.09817647749390229,0.22344707276131087
delay_severe,delay,Delay-aware state-space (internal),retrospective reconstruction,peak_memory_mb,20,0.0,0.0,0.0,0.0,0.0,0.0,0.0
delay_severe,delay,Kalman/RTS smoother (internal),retrospective reconstruction,rmse,20,0.7455586035220353,0.38312485365133286,0.6022802447584552,0.4776564512766245,0.854345720170649,0.6028942468485897,0.922989147841353
delay_severe,delay,Kalman/RTS smoother (internal),retrospective reconstruction,mae,20,0.35761186192001754,0.11246371924353385,0.34470526921754624,0.27986016939562247,0.40976203337437334,0.3138348833969005,0.4087889487343157
delay_severe,delay,Kalman/RTS smoother (internal),retrospective reconstruction,r2,20,-3.4090701886825543,5.4886143977970585,-1.3006574066336274,-3.6559219407731374,-0.44688196886957027,-6.0606195960003015,-1.5727807275999823
delay_severe,delay,Kalman/RTS smoother (internal),retrospective reconstruction,pearson_r,20,0.48938681727903643,0.1846321409177689,0.5188387416300528,0.38504073739024397,0.6396488891006868,0.4073053847662892,0.566569200541401
delay_severe,delay,Kalman/RTS smoother (internal),retrospective reconstruction,runtime_seconds,20,0.050679201549905836,0.03320738455424341,0.0477022340000985,0.027611056249611448,0.05890128400005773,0.03774131457864935,0.06613351005237629
delay_severe,delay,Kalman/RTS smoother (internal),retrospective reconstruction,peak_memory_mb,20,0.0,0.0,0.0,0.0,0.0,0.0,0.0
delay_severe,delay,No-delay ablation,retrospective reconstruction,rmse,20,0.33909067834936735,0.12126409843050076,0.2932174365645601,0.2642504864953692,0.3640362817674893,0.2939605254543717,0.3937149026208744
delay_severe,delay,No-delay ablation,retrospective reconstruction,mae,20,0.25265957598654654,0.049068881022255637,0.24556356899842696,0.21670501253498015,0.26905191150773644,0.23360134221468856,0.27443203037293734
delay_severe,delay,No-delay ablation,retrospective reconstruction,r2,20,0.1822854940106914,0.7008329927691525,0.45403318856678343,0.1588730548376054,0.5572005959126997,-0.13765341095371836,0.4329953415292748
delay_severe,delay,No-delay ablation,retrospective reconstruction,pearson_r,20,0.7853623847856965,0.07981455926681902,0.8092717598506596,0.7405077330952277,0.8471237974133505,0.7501807683516639,0.8172821383145854
delay_severe,delay,No-delay ablation,retrospective reconstruction,runtime_seconds,20,26.346294458949934,5.280463371865518,26.875318400499964,23.707112986750644,29.27830284425022,24.06055297948625,28.551618700473657
delay_severe,delay,No-delay ablation,retrospective reconstruction,peak_memory_mb,20,0.0125,0.03847418820319328,0.0,0.0,0.0,0.0,0.03125
delay_severe,delay,No-delay ablation,retrospective reconstruction,delay_mae,20,2.9433153509469205,0.04985377308800569,2.9314971578129474,2.9082223187994463,2.9614150567936273,2.9231420226458615,2.965839268684406
delay_severe,delay,No-robustness ablation,retrospective reconstruction,rmse,20,0.7341126026720849,0.332846422095185,0.6068679461762211,0.5141098917063096,0.842695110472563,0.6064684299098752,0.8893271497996299
delay_severe,delay,No-robustness ablation,retrospective reconstruction,mae,20,0.44791117543095715,0.0911102582171133,0.433651624351884,0.3891924641370161,0.49457053877286644,0.4110663072120915,0.487959794665662
delay_severe,delay,No-robustness ablation,retrospective reconstruction,r2,20,-3.084816078893046,4.174582902554528,-1.335400663585544,-3.5089033628497424,-0.6760416499635002,-5.065461069567193,-1.5581571623450259
delay_severe,delay,No-robustness ablation,retrospective reconstruction,pearson_r,20,0.5442780571947539,0.1766741994346193,0.5550466710827006,0.4596869953076206,0.6624163416395594,0.46783653141164333,0.6175700309541656
delay_severe,delay,No-robustness ablation,retrospective reconstruction,runtime_seconds,20,29.407529142899875,6.862213032815667,29.20172733499976,27.34275570024988,30.83295063924993,26.544008559135037,32.33312790235226
delay_severe,delay,No-robustness ablation,retrospective reconstruction,peak_memory_mb,20,0.05,0.09424212936563149,0.0,0.0,0.03125,0.0125,0.09375
delay_severe,delay,No-robustness ablation,retrospective reconstruction,delay_mae,20,1.9461801220324795,0.032205080150061995,1.9395000761394559,1.919628149814949,1.95988543677405,1.9331921880783711,1.9603222164728804
delay_severe,delay,Proposed revised,retrospective reconstruction,rmse,20,0.34397999626776293,0.0860061067711866,0.32015698267168835,0.2933221719844803,0.3587980737462162,0.3124386657910006,0.3842315587866204
delay_severe,delay,Proposed revised,retrospective reconstruction,mae,20,0.2735006522922979,0.04141214867833219,0.2722205650694864,0.2438336720357806,0.2955219955861096,0.25625384814720004,0.2908396681856588
delay_severe,delay,Proposed revised,retrospective reconstruction,r2,20,0.2051315487412111,0.4748199093026465,0.35002160638018326,0.18319999437233891,0.4543322853026489,-0.0177686404884134,0.3719451669951373
delay_severe,delay,Proposed revised,retrospective reconstruction,pearson_r,20,0.7938666862761572,0.09072535614168997,0.8129498780365947,0.7747191350899445,0.8472332346186863,0.7522381369532763,0.8283737902580363
delay_severe,delay,Proposed revised,retrospective reconstruction,runtime_seconds,20,35.15465374770006,9.56136456849335,33.98915102650017,27.875118700750022,40.87685628850022,31.113371281820097,39.252112880533836
delay_severe,delay,Proposed revised,retrospective reconstruction,peak_memory_mb,20,0.0,0.0,0.0,0.0,0.0,0.0,0.0
delay_severe,delay,Proposed revised,retrospective reconstruction,delay_mae,20,1.9140360419462106,0.02704340393137771,1.9084852593419255,1.8970471469078323,1.929149511268922,1.9034604266132642,1.9262202137511968
delay_severe,delay,Robust median smoother,retrospective reconstruction,rmse,20,0.6664515102869717,0.4214861842100668,0.5271229943700271,0.38661123593359886,0.925553163431882,0.5014227718067665,0.855734750594635
delay_severe,delay,Robust median smoother,retrospective reconstruction,mae,20,0.2185750790297131,0.07169820391182859,0.212079526371231,0.16306436508954691,0.2620209979457907,0.1894655532006871,0.2503309248170593
delay_severe,delay,Robust median smoother,retrospective reconstruction,r2,20,-2.8866971380661264,5.203395772598723,-0.7620050135087496,-4.447154940225383,0.05076861307326442,-5.336632309421741,-0.9954255141683898
delay_severe,delay,Robust median smoother,retrospective reconstruction,pearson_r,20,0.5541424458239627,0.20231789611832485,0.5968110587642169,0.3491166087054793,0.6791002532852235,0.46564820806043583,0.640082924051946
delay_severe,delay,Robust median smoother,retrospective reconstruction,runtime_seconds,20,0.025736148400005692,0.015826425333765246,0.0183866369998213,0.01458438725001085,0.037496908750313175,0.01919039992876772,0.03286308117001166
delay_severe,delay,Robust median smoother,retrospective reconstruction,peak_memory_mb,20,0.0,0.0,0.0,0.0,0.0,0.0,0.0
missing_00,missingness,Arrival interpolation,retrospective reconstruction,rmse,20,1.3520817186597993,0.5676888182090634,1.1371573494196079,0.9598986670968984,1.8074060491189878,1.1236755014827502,1.5944666950288935
missing_00,missingness,Arrival interpolation,retrospective reconstruction,mae,20,0.34420056941939353,0.08245341771772322,0.3334604647572275,0.2817701851599026,0.396305602706501,0.31109746678148,0.3802181877521025
missing_00,missingness,Arrival interpolation,retrospective reconstruction,r2,20,-12.533953693973917,11.081209685644545,-7.200554099154399,-19.762216185694474,-4.849003215120275,-17.365285673514048,-8.183794697468773
missing_00,missingness,Arrival interpolation,retrospective reconstruction,pearson_r,20,0.30160046413365754,0.12068470496793599,0.30846342462909604,0.23059728006963254,0.3613416522125993,0.25031379123242375,0.35299239570050056
missing_00,missingness,Arrival interpolation,retrospective reconstruction,runtime_seconds,20,0.02366447169999896,0.0134920158661235,0.01674903200000695,0.015601903499827974,0.0290020557501975,0.01819100769880716,0.029638117550024892
missing_00,missingness,Arrival interpolation,retrospective reconstruction,peak_memory_mb,20,0.0,0.0,0.0,0.0,0.0,0.0,0.0
missing_00,missingness,Delay backprojection,retrospective reconstruction,rmse,20,0.9800108380346846,0.41958781825957137,0.8223832602462912,0.6917134631754144,1.191788169085398,0.8172429219074189,1.1627829453774912
missing_00,missingness,Delay backprojection,retrospective reconstruction,mae,20,0.3653884246218509,0.08464161252951304,0.36412376437403254,0.28793146683414644,0.4100706061627679,0.33112075199894,0.40312055644153205
missing_00,missingness,Delay backprojection,retrospective reconstruction,r2,20,-6.150820225161256,6.30472117207093,-3.2922134327783033,-8.007035397907487,-2.0356093598593072,-8.940962698954342,-3.7335468717940827
missing_00,missingness,Delay backprojection,retrospective reconstruction,pearson_r,20,0.40093407645696966,0.14995362685920932,0.4120240492149533,0.29675697097544407,0.5122095649157987,0.3348814813392464,0.46286615378858775
missing_00,missingness,Delay backprojection,retrospective reconstruction,runtime_seconds,20,0.11202444220007232,0.04057759466597894,0.12648735300012953,0.0682621660001814,0.1441217935000622,0.09478468930253368,0.12909402111510013
missing_00,missingness,Delay backprojection,retrospective reconstruction,peak_memory_mb,20,0.0,0.0,0.0,0.0,0.0,0.0,0.0
missing_00,missingness,Delay-aware state-space (internal),retrospective reconstruction,rmse,20,0.6992822496302196,0.27131883084583186,0.6171541621338161,0.5234510577123427,0.8177802451706434,0.5932468965729404,0.8173863778437903
missing_00,missingness,Delay-aware state-space (internal),retrospective reconstruction,mae,20,0.3432307775730349,0.08039424029326735,0.34462230960402934,0.28726418987626845,0.38375605861270445,0.31049171645974155,0.37813524796702075
missing_00,missingness,Delay-aware state-space (internal),retrospective reconstruction,r2,20,-2.5442914319398398,2.8297534254532395,-1.4155451562998065,-3.2628572530542708,-0.7375958624106063,-3.796498513445012,-1.4492860420562654
missing_00,missingness,Delay-aware state-space (internal),retrospective reconstruction,pearson_r,20,0.505695981904781,0.1716104806522336,0.49288499060901253,0.41393170519940686,0.6352769270245124,0.4289921608397519,0.5756378904582857
missing_00,missingness,Delay-aware state-space (internal),retrospective reconstruction,runtime_seconds,20,0.10460426444994933,0.04428271938512092,0.10372191500027836,0.06669628724978335,0.14538396225009365,0.0854199624973637,0.1235445758736483
missing_00,missingness,Delay-aware state-space (internal),retrospective reconstruction,peak_memory_mb,20,0.0,0.0,0.0,0.0,0.0,0.0,0.0
missing_00,missingness,Kalman/RTS smoother (internal),retrospective reconstruction,rmse,20,0.6802695744868457,0.22381288788745965,0.6206112426833741,0.5184874990734709,0.858546496181049,0.5888694772652316,0.7754062729573491
missing_00,missingness,Kalman/RTS smoother (internal),retrospective reconstruction,mae,20,0.3398606532339392,0.07249149600831296,0.32148111841354243,0.30156822166410663,0.40530950965532914,0.3099813300524825,0.37034126393023487
missing_00,missingness,Kalman/RTS smoother (internal),retrospective reconstruction,r2,20,-2.236269262933323,2.0911113683845106,-1.442544336908746,-3.677040376761558,-0.7047092307090577,-3.1463151705473527,-1.405012599938383
missing_00,missingness,Kalman/RTS smoother (internal),retrospective reconstruction,pearson_r,20,0.5003343076537057,0.17784860949468892,0.5579450970464532,0.37573362501973634,0.6303471733132597,0.4218461349086397,0.573248106343814
missing_00,missingness,Kalman/RTS smoother (internal),retrospective reconstruction,runtime_seconds,20,0.04089429795005795,0.019485559009782435,0.03898082200021235,0.0203683830002319,0.0595713975001217,0.0324750331325691,0.04933937878626121
missing_00,missingness,Kalman/RTS smoother (internal),retrospective reconstruction,peak_memory_mb,20,0.0,0.0,0.0,0.0,0.0,0.0,0.0
missing_00,missingness,No-delay ablation,retrospective reconstruction,rmse,20,0.2823082771621606,0.038887072555343356,0.2837365972532572,0.2514038341223538,0.2946004248117797,0.2667010421601586,0.2994817939463407
missing_00,missingness,No-delay ablation,retrospective reconstruction,mae,20,0.2302574411337083,0.02698577807247801,0.2361356821441712,0.20992110440812023,0.2460137190533311,0.21880804028676107,0.24171550623432117
missing_00,missingness,No-delay ablation,retrospective reconstruction,r2,20,0.48550785464346813,0.14818834212781323,0.4894884003889126,0.4496393994029161,0.599201919425671,0.4191178457034914,0.5436356443238475
missing_00,missingness,No-delay ablation,retrospective reconstruction,pearson_r,20,0.8254032398236573,0.053550106312546926,0.8327212731893522,0.8133764980195196,0.8580868832295838,0.8004251203225656,0.845615173845285
missing_00,missingness,No-delay ablation,retrospective reconstruction,runtime_seconds,20,33.85495636560013,4.487485065036595,34.090285171500454,31.53445186875024,35.84652759725009,31.94732710767632,35.808878251291475
missing_00,missingness,No-delay ablation,retrospective reconstruction,peak_memory_mb,20,0.0,0.0,0.0,0.0,0.0,0.0,0.0
missing_00,missingness,No-delay ablation,retrospective reconstruction,delay_mae,20,1.5776466787938674,0.028906034543613693,1.5680198256164242,1.5582231516459795,1.5987147437381848,1.5657525370253285,1.590608619770732
missing_00,missingness,No-robustness ablation,retrospective reconstruction,rmse,20,0.673694057727561,0.29476461238249246,0.5591843593857213,0.46442312867273294,0.7509517094057371,0.5606634093526646,0.807158384291386
missing_00,missingness,No-robustness ablation,retrospective reconstruction,mae,20,0.42021018260039555,0.08559255129333317,0.4146023729484749,0.35689700494951554,0.46028495418693743,0.38633128780134385,0.45736684305178066
missing_00,missingness,No-robustness ablation,retrospective reconstruction,r2,20,-2.4014660486896884,3.286591737753609,-0.9847451022756437,-2.593068833628098,-0.3677456689569996,-3.907660576547807,-1.1490293499994968
missing_00,missingness,No-robustness ablation,retrospective reconstruction,pearson_r,20,0.5598814519262114,0.1731412779453743,0.5510454371808,0.465438018372308,0.6821009696672348,0.4808128838637833,0.6294860097885878
missing_00,missingness,No-robustness ablation,retrospective reconstruction,runtime_seconds,20,32.10456163080003,7.5265002886360275,33.92873496250013,26.136933840000665,37.4878050132495,28.81333650973748,35.21834942901383
missing_00,missingness,No-robustness ablation,retrospective reconstruction,peak_memory_mb,20,0.025,0.06539354547257463,0.0,0.0,0.0,0.0,0.05625
missing_00,missingness,No-robustness ablation,retrospective reconstruction,delay_mae,20,1.3379967007151221,0.02081486390523361,1.3342777249283495,1.3178094258259168,1.3541703022360188,1.3294426505313173,1.3469367960543888
missing_00,missingness,Proposed revised,retrospective reconstruction,rmse,20,0.29987930911910915,0.04377982722328909,0.2887838827488436,0.27297427192523616,0.31933494937258483,0.28236324645782257,0.3192111773118008
missing_00,missingness,Proposed revised,retrospective reconstruction,mae,20,0.2474898665166409,0.0319763873568701,0.23927305469294208,0.22951741112225235,0.2757584315454573,0.23409595173862735,0.261196996482692
missing_00,missingness,Proposed revised,retrospective reconstruction,r2,20,0.41820288451082427,0.17814116050711437,0.4711594942748104,0.3530508164070893,0.5274768950549171,0.3388932565019248,0.4883066952740825
missing_00,missingness,Proposed revised,retrospective reconstruction,pearson_r,20,0.8269761894472263,0.0628923495045702,0.8424815757463338,0.8172964719762287,0.862328809494225,0.7961792651648285,0.8491494761236862
missing_00,missingness,Proposed revised,retrospective reconstruction,runtime_seconds,20,30.194397931049956,8.281585789259985,33.80766956949992,24.74796011249998,36.77424854849994,26.624451420040007,33.594750514352455
missing_00,missingness,Proposed revised,retrospective reconstruction,peak_memory_mb,20,0.0875,0.10016433864825397,0.125,0.0,0.125,0.05,0.13125
missing_00,missingness,Proposed revised,retrospective reconstruction,delay_mae,20,1.3213613033342475,0.0180050698611844,1.3186536702798342,1.3076724406781959,1.3297934285516253,1.3140805344334416,1.3295435855851434
missing_00,missingness,Robust median smoother,retrospective reconstruction,rmse,20,0.5843048999293529,0.44374702224982293,0.44307388654840024,0.33327387357369953,0.7195712698765192,0.4152633036837869,0.7811445196390635
missing_00,missingness,Robust median smoother,retrospective reconstruction,mae,20,0.17668198463545678,0.06480492162476652,0.16127168963031946,0.13985990442000173,0.19223835670076722,0.15110843723959977,0.20525815486990284
missing_00,missingness,Robust median smoother,retrospective reconstruction,r2,20,-2.351196106607998,5.586896775865569,-0.25245538145619767,-2.2840185821127936,0.289819652669269,-4.994440014272653,-0.41189792326588276
missing_00,missingness,Robust median smoother,retrospective reconstruction,pearson_r,20,0.6183687702974494,0.21555690524112786,0.6586752012012747,0.4874150354038953,0.7595656814225327,0.5240708420524647,0.7070686805379205
missing_00,missingness,Robust median smoother,retrospective reconstruction,runtime_seconds,20,0.01803682690003821,0.010991587608599574,0.01572801400016025,0.009654634499725,0.01867976300013645,0.013877309767472609,0.02328361058498042
missing_00,missingness,Robust median smoother,retrospective reconstruction,peak_memory_mb,20,0.04375,0.10938674748942757,0.0,0.0,0.0,0.0,0.09375
missing_10,missingness,Arrival interpolation,retrospective reconstruction,rmse,20,1.3581710243296734,0.5582138311116444,1.202196413060226,0.9281167116587039,1.726180358437577,1.1306903672875475,1.595255150337695
missing_10,missingness,Arrival interpolation,retrospective reconstruction,mae,20,0.345741309903686,0.08888185049430904,0.30994601441403913,0.2783729429253739,0.41534708434567646,0.3097954366375617,0.3854250627606587
missing_10,missingness,Arrival interpolation,retrospective reconstruction,r2,20,-12.574341182841653,10.83011302339152,-8.17382397107302,-17.998032687152012,-4.463204574775862,-17.25800717693038,-8.303080131232683
missing_10,missingness,Arrival interpolation,retrospective reconstruction,pearson_r,20,0.30894252614645556,0.12635308498048953,0.3020590102097799,0.2199886905759466,0.3772833215499075,0.2550699966387512,0.36236545569837214
missing_10,missingness,Arrival interpolation,retrospective reconstruction,runtime_seconds,20,0.02226468349999773,0.013704031775014168,0.018501104000051748,0.013574103749988273,0.024231940000049676,0.01709265798253563,0.02870852399747203
missing_10,missingness,Arrival interpolation,retrospective reconstruction,peak_memory_mb,20,0.0,0.0,0.0,0.0,0.0,0.0,0.0
missing_10,missingness,Delay backprojection,retrospective reconstruction,rmse,20,1.019878768609058,0.45384071754542393,0.8283505209965611,0.6946062675766234,1.1667110712042947,0.8411963410955758,1.2186902157096515
missing_10,missingness,Delay backprojection,retrospective reconstruction,mae,20,0.3663637537403569,0.09123777614151604,0.35981818517656605,0.3034168475256883,0.41821009166464396,0.32940349661766977,0.4075526532187235
missing_10,missingness,Delay backprojection,retrospective reconstruction,r2,20,-6.836642576289792,7.145598735362825,-3.3513507614298836,-7.7659201605205475,-2.059513628742814,-10.010027523163524,-4.071287384523593
missing_10,missingness,Delay backprojection,retrospective reconstruction,pearson_r,20,0.4027203770903333,0.15208519703503603,0.39771747999625623,0.3032619508690086,0.4970297256502794,0.33553726443365733,0.46617495743362997
missing_10,missingness,Delay backprojection,retrospective reconstruction,runtime_seconds,20,0.12034814819999151,0.03810551587306018,0.12541112300004895,0.09106452850005547,0.15638541675025402,0.10359166678871244,0.13710642922495306
missing_10,missingness,Delay backprojection,retrospective reconstruction,peak_memory_mb,20,0.0125,0.055901699437494734,0.0,0.0,0.0,0.0,0.0375
missing_10,missingness,Delay-aware state-space (internal),retrospective reconstruction,rmse,20,0.726829018887399,0.29794559324450265,0.5936406387966316,0.5485933201890821,0.8502259149942449,0.6078608150208522,0.8577850705657767
missing_10,missingness,Delay-aware state-space (internal),retrospective reconstruction,mae,20,0.346505006775841,0.08731530104396908,0.33576859968190964,0.28153719991634596,0.40277948536450864,0.31110272611410844,0.38514118902124916
missing_10,missingness,Delay-aware state-space (internal),retrospective reconstruction,r2,20,-2.8847169747700114,3.2681248600688706,-1.2348388244241404,-3.6750836212394624,-0.9085069480154412,-4.340432303854237,-1.5995426588403558
missing_10,missingness,Delay-aware state-space (internal),retrospective reconstruction,pearson_r,20,0.5073581765987576,0.1725231501315859,0.5156417360472754,0.42629513731807994,0.63166169150808,0.4306305384181102,0.578174097458308
missing_10,missingness,Delay-aware state-space (internal),retrospective reconstruction,runtime_seconds,20,0.10439415579996873,0.040058490138566376,0.09769234750001485,0.09409099824995332,0.14085033599997127,0.08721735685370388,0.12161981327745644
missing_10,missingness,Delay-aware state-space (internal),retrospective reconstruction,peak_memory_mb,20,0.00625,0.027950849718747367,0.0,0.0,0.0,0.0,0.01875
missing_10,missingness,Kalman/RTS smoother (internal),retrospective reconstruction,rmse,20,0.6869841304199389,0.24216939903700319,0.6393032514096894,0.5236511033150262,0.8223768426961311,0.5876385745859489,0.7900255955066222
missing_10,missingness,Kalman/RTS smoother (internal),retrospective reconstruction,mae,20,0.3402192664423092,0.08015449875941444,0.33699823461915257,0.2924444989453693,0.3942204335080007,0.30673052956863184,0.3742975246418005
missing_10,missingness,Kalman/RTS smoother (internal),retrospective reconstruction,r2,20,-2.346014362404777,2.3277802479490393,-1.591734194432519,-3.2888291202356896,-0.7391440072353573,-3.372782142787785,-1.4201731714295287
missing_10,missingness,Kalman/RTS smoother (internal),retrospective reconstruction,pearson_r,20,0.5113731188284965,0.18156310735380782,0.5735917454000337,0.4098762902703236,0.6260413702273405,0.4297140401658334,0.5850400453372919
missing_10,missingness,Kalman/RTS smoother (internal),retrospective reconstruction,runtime_seconds,20,0.03748747795002596,0.017790764422171704,0.0343033175001892,0.02276670949981955,0.050871891250153525,0.030198174804981995,0.04538058941757577
missing_10,missingness,Kalman/RTS smoother (internal),retrospective reconstruction,peak_memory_mb,20,0.00625,0.027950849718747367,0.0,0.0,0.0,0.0,0.01875
missing_10,missingness,No-delay ablation,retrospective reconstruction,rmse,20,0.30071261342317024,0.05059503314009534,0.2901101566226143,0.2669652863249879,0.31406608955856796,0.28060426126845944,0.3224780609344968
missing_10,missingness,No-delay ablation,retrospective reconstruction,mae,20,0.2441639800598164,0.03278900335558754,0.23799576184096166,0.21787853256236123,0.26639464587120193,0.23068193193037753,0.2579323453303294
missing_10,missingness,No-delay ablation,retrospective reconstruction,r2,20,0.4111546129081285,0.2091150026953892,0.46623111854532856,0.37449401489527345,0.5480572134620655,0.31974287978462235,0.4930169777267598
missing_10,missingness,No-delay ablation,retrospective reconstruction,pearson_r,20,0.8186267672899424,0.05998583128940845,0.8363635104053868,0.80095669243699,0.8511554496851589,0.7901048245632705,0.8409916437406215
missing_10,missingness,No-delay ablation,retrospective reconstruction,runtime_seconds,20,28.77609217930012,5.378950289392276,29.749363002500104,26.096246297749985,32.813302497500445,26.4010966426476,30.922167566947575
missing_10,missingness,No-delay ablation,retrospective reconstruction,peak_memory_mb,20,0.0,0.0,0.0,0.0,0.0,0.0,0.0
missing_10,missingness,No-delay ablation,retrospective reconstruction,delay_mae,20,1.5809889145393041,0.032995588784501734,1.5770180650800492,1.557491404390373,1.5952126676387834,1.5676306919283745,1.595930156751818
missing_10,missingness,No-robustness ablation,retrospective reconstruction,rmse,20,0.6869558168774578,0.3115488795921858,0.5592226022560713,0.49754577859359506,0.7150558920940739,0.5681423739789727,0.8315393289942538
missing_10,missingness,No-robustness ablation,retrospective reconstruction,mae,20,0.4282680848985606,0.0866114981803767,0.41394706590273966,0.37720364558029745,0.46925716097035064,0.39433784110688264,0.4668143560911365
missing_10,missingness,No-robustness ablation,retrospective reconstruction,r2,20,-2.5771959397450264,3.626428868033179,-0.9831052833500521,-2.2890182279391227,-0.5697864365047774,-4.2740181360341944,-1.215148259134191
missing_10,missingness,No-robustness ablation,retrospective reconstruction,pearson_r,20,0.5689510031749143,0.17402473210366315,0.5754800701496177,0.45979517427292715,0.6856852772583897,0.4896324205925376,0.6378611184350123
missing_10,missingness,No-robustness ablation,retrospective reconstruction,runtime_seconds,20,28.08874295470009,7.196522041020295,27.920060036999985,23.619167639500574,32.210030682000024,25.082495629418784,31.175209482021362
missing_10,missingness,No-robustness ablation,retrospective reconstruction,peak_memory_mb,20,0.0,0.0,0.0,0.0,0.0,0.0,0.0
missing_10,missingness,No-robustness ablation,retrospective reconstruction,delay_mae,20,1.3386379260913923,0.02365843811376755,1.3347149591054308,1.3218110494778545,1.3570727730396812,1.3289352024220835,1.349078596267808
missing_10,missingness,Proposed revised,retrospective reconstruction,rmse,20,0.31965463187992094,0.0514800376708633,0.31448286554840554,0.2818386888541786,0.3397689298349069,0.2988768305359762,0.3424113462884605
missing_10,missingness,Proposed revised,retrospective reconstruction,mae,20,0.2614991250093132,0.03587107288456249,0.2657978222270395,0.23353515764608795,0.29010054491612014,0.24638597713614319,0.27651152252500116
missing_10,missingness,Proposed revised,retrospective reconstruction,r2,20,0.3360946736290683,0.22453481212081283,0.37284570957086427,0.26786456739940223,0.49629599786368844,0.2343288931258766,0.4238422008450447
missing_10,missingness,Proposed revised,retrospective reconstruction,pearson_r,20,0.8182481343515835,0.06746153933863915,0.834717338689618,0.804618278697178,0.86502990340908,0.7860844443332897,0.843171688289923
missing_10,missingness,Proposed revised,retrospective reconstruction,runtime_seconds,20,26.446426030499993,6.082447118883548,28.120132983000076,22.033423269750074,31.105623859499932,23.759587749078754,28.93660757101749
missing_10,missingness,Proposed revised,retrospective reconstruction,peak_memory_mb,20,0.00625,0.027950849718747367,0.0,0.0,0.0,0.0,0.01875
missing_10,missingness,Proposed revised,retrospective reconstruction,delay_mae,20,1.3235377187373196,0.019571589168608287,1.3235137213698254,1.3116094471346176,1.3278946790600668,1.3156240334842866,1.3324722896184669
missing_10,missingness,Robust median smoother,retrospective reconstruction,rmse,20,0.6664715607763589,0.454468741851983,0.4941338857469623,0.3514532887270123,0.8086405069430889,0.487242738760623,0.8646065469148098
missing_10,missingness,Robust median smoother,retrospective reconstruction,mae,20,0.19671337446778958,0.06573068714747862,0.18041242171889466,0.15043973694183246,0.23888689420659964,0.16972593439601272,0.22627234757060521
missing_10,missingness,Robust median smoother,retrospective reconstruction,r2,20,-3.060912020820561,5.713394048063386,-0.557413630767792,-3.297796561406377,0.21589565934883598,-5.692213407545918,-0.9773326145538472
missing_10,missingness,Robust median smoother,retrospective reconstruction,pearson_r,20,0.5716077633076914,0.2181694045712085,0.6157529747947332,0.40189014742704676,0.7658718789489004,0.4756839744614743,0.6622772989937181
missing_10,missingness,Robust median smoother,retrospective reconstruction,runtime_seconds,20,0.020734263400004185,0.008929208621252417,0.0240993759998673,0.013721267249934426,0.02597522400026255,0.016732679813768483,0.024467421787617197
missing_10,missingness,Robust median smoother,retrospective reconstruction,peak_memory_mb,20,0.00625,0.027950849718747367,0.0,0.0,0.0,0.0,0.01875
missing_30,missingness,Arrival interpolation,retrospective reconstruction,rmse,20,1.4504405592321366,0.98870284799926,1.1865055437505432,0.8037520926830065,1.6339691576530324,1.0686347408634698,1.9242882444201184
missing_30,missingness,Arrival interpolation,retrospective reconstruction,mae,20,0.35157312628526866,0.14233303697413255,0.31453636675361896,0.2690057008589555,0.4046005623868846,0.2946008778334506,0.4193909035994563
missing_30,missingness,Arrival interpolation,retrospective reconstruction,r2,20,-18.22933659901918,30.420137244243065,-7.941868405472935,-16.111157646920805,-3.100305209501414,-33.481618945680395,-7.521491940628248
missing_30,missingness,Arrival interpolation,retrospective reconstruction,pearson_r,20,0.3356098589329058,0.17538842038567481,0.3320679740576743,0.21929963777747305,0.4266720930497791,0.26174623801322655,0.41237581548513136
missing_30,missingness,Arrival interpolation,retrospective reconstruction,runtime_seconds,20,0.02052151994996616,0.010913028111786979,0.01628130599988245,0.011720967499741124,0.0263912512501747,0.016025281571149297,0.025362081476225116
missing_30,missingness,Arrival interpolation,retrospective reconstruction,peak_memory_mb,20,0.0,0.0,0.0,0.0,0.0,0.0,0.0
missing_30,missingness,Delay backprojection,retrospective reconstruction,rmse,20,1.1722965326510029,0.8007882089941035,0.9167128201560568,0.6993979004025297,1.2491256906261592,0.8655853143374136,1.560689089077863
missing_30,missingness,Delay backprojection,retrospective reconstruction,mae,20,0.3766663953816558,0.14365482324527917,0.35783570425076355,0.2901805216909629,0.40577652186959057,0.31811050076529807,0.44431347015587236
missing_30,missingness,Delay backprojection,retrospective reconstruction,r2,20,-11.57767089688684,20.593049103519824,-4.33034201268053,-9.04183553025158,-2.102466337460493,-21.839719262770988,-4.493919863351377
missing_30,missingness,Delay backprojection,retrospective reconstruction,pearson_r,20,0.405199531001318,0.1900057436695209,0.4189094188424438,0.2925113077663898,0.5235574660550623,0.3233221828480395,0.48707673406461216
missing_30,missingness,Delay backprojection,retrospective reconstruction,runtime_seconds,20,0.09244456670003272,0.030241032581092734,0.08761631750007831,0.07985012925007592,0.11702509200028997,0.07963727082005959,0.10506833426375177
missing_30,missingness,Delay backprojection,retrospective reconstruction,peak_memory_mb,20,0.0,0.0,0.0,0.0,0.0,0.0,0.0
missing_30,missingness,Delay-aware state-space (internal),retrospective reconstruction,rmse,20,0.8412127958339598,0.5019381860533533,0.6508730177691742,0.5721690121830598,0.8738166644101331,0.6458291790054121,1.0835632603220315
missing_30,missingness,Delay-aware state-space (internal),retrospective reconstruction,mae,20,0.36420959505700623,0.1308612995307572,0.3329545106289948,0.2890990775324657,0.4002339152046414,0.3112836187481232,0.42514325713811785
missing_30,missingness,Delay-aware state-space (internal),retrospective reconstruction,r2,20,-5.005033471476361,8.477066005595445,-1.686617522719851,-3.8943053884783323,-1.077525939946404,-9.25320732625558,-1.9443907661702382
missing_30,missingness,Delay-aware state-space (internal),retrospective reconstruction,pearson_r,20,0.4917559208328884,0.2081692598709879,0.5149796074098287,0.3581632740994293,0.6221965739371464,0.3992529125442466,0.5790443814804764
missing_30,missingness,Delay-aware state-space (internal),retrospective reconstruction,runtime_seconds,20,0.08742545584996148,0.03514230724716856,0.08919333949984315,0.06196439749999166,0.1166017932500835,0.07258880938747493,0.10187385187369666
missing_30,missingness,Delay-aware state-space (internal),retrospective reconstruction,peak_memory_mb,20,0.0,0.0,0.0,0.0,0.0,0.0,0.0
missing_30,missingness,Kalman/RTS smoother (internal),retrospective reconstruction,rmse,20,0.789460541489123,0.4519374916696424,0.6595919372111194,0.49418967201607245,0.8672085088519152,0.6187518750169508,1.0071805859477334
missing_30,missingness,Kalman/RTS smoother (internal),retrospective reconstruction,mae,20,0.3617393555561802,0.13203914734430355,0.34301282912830267,0.2702482016942599,0.39870212936811433,0.3085748194087343,0.4223502609731187
missing_30,missingness,Kalman/RTS smoother (internal),retrospective reconstruction,r2,20,-4.182572405691263,7.037912929649703,-1.7595265037594214,-3.769091998480184,-0.5500190633984867,-7.695550951897578,-1.6816242086093118
missing_30,missingness,Kalman/RTS smoother (internal),retrospective reconstruction,pearson_r,20,0.4981918642516205,0.22188665282847975,0.5736883995464565,0.34836759363386227,0.6378439381627399,0.4004385191607836,0.5906949467583429
missing_30,missingness,Kalman/RTS smoother (internal),retrospective reconstruction,runtime_seconds,20,0.0417581862500128,0.017301742450637498,0.04570078949996055,0.0348921224999685,0.049873296250097975,0.03432915910376034,0.048857767611164
missing_30,missingness,Kalman/RTS smoother (internal),retrospective reconstruction,peak_memory_mb,20,0.0,0.0,0.0,0.0,0.0,0.0,0.0
missing_30,missingness,No-delay ablation,retrospective reconstruction,rmse,20,0.3935403779278462,0.15406776315598647,0.3455463725574901,0.31623462396792,0.4107727878993067,0.3364981552685619,0.46748033518122745
missing_30,missingness,No-delay ablation,retrospective reconstruction,mae,20,0.295238940675874,0.05476442576595695,0.28763400010378487,0.2649242613313695,0.3247075904080035,0.2728578866398466,0.32007535121645025
missing_30,missingness,No-delay ablation,retrospective reconstruction,r2,20,-0.12508514870450735,1.126011491663288,0.24266522587445505,-0.07438664516410509,0.36584024798827075,-0.67689154553301,0.2559277475977018
missing_30,missingness,No-delay ablation,retrospective reconstruction,pearson_r,20,0.7536743299056321,0.13117288421028492,0.7929457129117548,0.7427124833392186,0.8399703110096086,0.6918239407055777,0.8054540261225912
missing_30,missingness,No-delay ablation,retrospective reconstruction,runtime_seconds,20,22.08737364349995,5.285670021743101,22.896858335999696,18.94099678600037,24.476737205750396,19.826082334534863,24.342455347717557
missing_30,missingness,No-delay ablation,retrospective reconstruction,peak_memory_mb,20,0.0,0.0,0.0,0.0,0.0,0.0,0.0
missing_30,missingness,No-delay ablation,retrospective reconstruction,delay_mae,20,1.575115383217619,0.03980643838763766,1.576019351893095,1.551597997239185,1.59136699120603,1.5588023616564843,1.5929376119018928
missing_30,missingness,No-robustness ablation,retrospective reconstruction,rmse,20,0.7531486271650418,0.420982343795595,0.6137209303075397,0.5195058041879763,0.6859779417813998,0.5907449940086801,0.9521243961996517
missing_30,missingness,No-robustness ablation,retrospective reconstruction,mae,20,0.46379042471630216,0.11753340302224238,0.4356610271293369,0.3833718641458352,0.4874577314509083,0.4170504891630642,0.5185970397959616
missing_30,missingness,No-robustness ablation,retrospective reconstruction,r2,20,-3.664587332763131,6.043489438235989,-1.3889291885031974,-1.984526086791702,-0.7121465809532648,-6.563132378675921,-1.3693480341346707
missing_30,missingness,No-robustness ablation,retrospective reconstruction,pearson_r,20,0.5701707641231442,0.19877984871532456,0.5986757100328852,0.5054972928259022,0.6924510228149217,0.47931777421879324,0.6520393845691013
missing_30,missingness,No-robustness ablation,retrospective reconstruction,runtime_seconds,20,22.65416763269991,4.775114402535194,23.040558075500485,20.397028353249425,25.47371104549984,20.55571101826373,24.62871698060249
missing_30,missingness,No-robustness ablation,retrospective reconstruction,peak_memory_mb,20,0.0,0.0,0.0,0.0,0.0,0.0,0.0
missing_30,missingness,No-robustness ablation,retrospective reconstruction,delay_mae,20,1.3340284530884943,0.022975034910797627,1.3305027973582566,1.316843513958361,1.3541731939651358,1.3246408836919368,1.3439260436936311
missing_30,missingness,Proposed revised,retrospective reconstruction,rmse,20,0.4132104741123562,0.187496256612027,0.3567412851409071,0.32417278733971616,0.4091917019174646,0.34770028337224324,0.5040011060072271
missing_30,missingness,Proposed revised,retrospective reconstruction,mae,20,0.30844641219266805,0.060925774244372836,0.2976395123877035,0.26262628718643893,0.33824170652539554,0.28413401625029805,0.33613433316146657
missing_30,missingness,Proposed revised,retrospective reconstruction,r2,20,-0.2944968167922978,1.6213133477213748,0.1920679458747303,-0.061811678363911673,0.3335926534631114,-1.1006978457908567,0.2144589200474665
missing_30,missingness,Proposed revised,retrospective reconstruction,pearson_r,20,0.7640417484525736,0.14190715195015635,0.8119339943188345,0.7546023042230877,0.8424229212346996,0.6949189164319421,0.8176867404969759
missing_30,missingness,Proposed revised,retrospective reconstruction,runtime_seconds,20,22.08475378594992,6.887257025440978,23.681141412499983,16.963100899249866,27.467743604000134,19.05479915506361,24.915557340246174
missing_30,missingness,Proposed revised,retrospective reconstruction,peak_memory_mb,20,0.0,0.0,0.0,0.0,0.0,0.0,0.0
missing_30,missingness,Proposed revised,retrospective reconstruction,delay_mae,20,1.3216794238145202,0.018362633540561103,1.3219029578926516,1.3079989810855588,1.3317612327211719,1.3142006999862406,1.3297996289817755
missing_30,missingness,Robust median smoother,retrospective reconstruction,rmse,20,0.78559419614825,0.49346590369597404,0.6198623910455732,0.4597741658028727,0.9489107994324156,0.5890278529723074,1.0215773087319298
missing_30,missingness,Robust median smoother,retrospective reconstruction,mae,20,0.22971370419738774,0.08687913542283154,0.220095973373402,0.16707850891176657,0.2511780829074195,0.19498187537288206,0.27100571814545704
missing_30,missingness,Robust median smoother,retrospective reconstruction,r2,20,-4.380471387969854,7.363954178526672,-1.4365099825987133,-4.819452584160604,-0.3514157721947065,-8.018903707328363,-1.6473676267549162
missing_30,missingness,Robust median smoother,retrospective reconstruction,pearson_r,20,0.5067902023193804,0.20423679059479113,0.5118166931706325,0.3877036883593612,0.6677971456775684,0.41775711051770215,0.5921783082189306
missing_30,missingness,Robust median smoother,retrospective reconstruction,runtime_seconds,20,0.02044080635002951,0.01205868289449652,0.01589828900000605,0.011691160500049574,0.025299674750158326,0.01561278905758112,0.025635241677487614
missing_30,missingness,Robust median smoother,retrospective reconstruction,peak_memory_mb,20,0.0,0.0,0.0,0.0,0.0,0.0,0.0
missing_50,missingness,Arrival interpolation,retrospective reconstruction,rmse,20,1.6750023876390554,1.6273252091405102,1.115206133447487,0.7541212994165251,1.731502263646452,1.0668016269740517,2.4784569558177183
missing_50,missingness,Arrival interpolation,retrospective reconstruction,mae,20,0.4020535946081128,0.2877084168003523,0.29193079407101963,0.24743787964095865,0.4440203583113981,0.2931705253559241,0.5453064963247106
missing_50,missingness,Arrival interpolation,retrospective reconstruction,r2,20,-32.744242011247984,72.1658085923165,-7.337071568007591,-18.01600351178948,-2.6571674169346986,-68.82049114847652,-8.597844471600865
missing_50,missingness,Arrival interpolation,retrospective reconstruction,pearson_r,20,0.3502761416277968,0.19792895408135663,0.32244152821868377,0.2329249817855581,0.45493310152188626,0.2683841296146077,0.4362970879058374
missing_50,missingness,Arrival interpolation,retrospective reconstruction,runtime_seconds,20,0.02254354239998971,0.025637267662090266,0.01136995750016465,0.008776795499784376,0.0264016392499115,0.013403011648767319,0.03527560272125294
missing_50,missingness,Arrival interpolation,retrospective reconstruction,peak_memory_mb,20,0.0,0.0,0.0,0.0,0.0,0.0,0.0
missing_50,missingness,Delay backprojection,retrospective reconstruction,rmse,20,1.502443782596436,1.5938883877616052,0.9594223500854862,0.6172304637292979,1.5258220486734426,0.9056485043004424,2.274084542102813
missing_50,missingness,Delay backprojection,retrospective reconstruction,mae,20,0.40179013223160115,0.23795376265613213,0.32983152185552855,0.2777567762854585,0.42828967817303076,0.30814495888788274,0.5159143745933855
missing_50,missingness,Delay backprojection,retrospective reconstruction,r2,20,-28.618532996367737,66.58089646802748,-4.837634449372233,-13.771061437171284,-1.4246725442424912,-61.27521177326431,-5.441274689277304
missing_50,missingness,Delay backprojection,retrospective reconstruction,pearson_r,20,0.39773604801904267,0.21065449088468768,0.4118969744431099,0.2570506059742416,0.5428328804953161,0.30714710860336636,0.48821821996597875
missing_50,missingness,Delay backprojection,retrospective reconstruction,runtime_seconds,20,0.07145141985001825,0.04994861936376685,0.0720494879997204,0.02979722149996175,0.09433942100008605,0.05222774125496979,0.09524217638998943
missing_50,missingness,Delay backprojection,retrospective reconstruction,peak_memory_mb,20,0.0,0.0,0.0,0.0,0.0,0.0,0.0
missing_50,missingness,Delay-aware state-space (internal),retrospective reconstruction,rmse,20,1.099912639206917,1.0867287405153265,0.6927570400514949,0.5513270751877786,1.076510943367248,0.6922617857612436,1.6213667086659376
missing_50,missingness,Delay-aware state-space (internal),retrospective reconstruction,mae,20,0.4024670229387217,0.23186947266045954,0.33036861311615506,0.2763103605864331,0.435760436472842,0.3112560938516822,0.5118814083510896
missing_50,missingness,Delay-aware state-space (internal),retrospective reconstruction,r2,20,-13.786066825649039,31.476003069165095,-2.068817069762029,-6.367789446388681,-0.9278348261308162,-29.18876974219926,-2.6961644285875423
missing_50,missingness,Delay-aware state-space (internal),retrospective reconstruction,pearson_r,20,0.47045071936684185,0.23788706995148204,0.5072031297217183,0.33739294313508267,0.6750141767308955,0.36550383136848263,0.5694316763727795
missing_50,missingness,Delay-aware state-space (internal),retrospective reconstruction,runtime_seconds,20,0.06586842644994699,0.034383225093457676,0.06601441099974176,0.03217695249975345,0.10436901174989538,0.051078904463728855,0.08058031337622648
missing_50,missingness,Delay-aware state-space (internal),retrospective reconstruction,peak_memory_mb,20,0.0,0.0,0.0,0.0,0.0,0.0,0.0
missing_50,missingness,Kalman/RTS smoother (internal),retrospective reconstruction,rmse,20,0.9162071572423631,0.7736605070577633,0.6689834166515896,0.49135229349833603,0.8806872277704325,0.6245436995497621,1.2931818377607192
missing_50,missingness,Kalman/RTS smoother (internal),retrospective reconstruction,mae,20,0.38727039655599454,0.20701430334127727,0.3377077579008487,0.2748750945452293,0.44914610088898027,0.3048795906608681,0.4873353271274023
missing_50,missingness,Kalman/RTS smoother (internal),retrospective reconstruction,r2,20,-7.928810546119839,17.224476997180425,-1.8385121569286464,-3.9187853163280053,-0.531539768494703,-16.56739158981699,-2.0344434434137137
missing_50,missingness,Kalman/RTS smoother (internal),retrospective reconstruction,pearson_r,20,0.493273788904362,0.2542588626327549,0.525252806504594,0.34008797451034134,0.6715384823306978,0.38017461836773714,0.598805883569256
missing_50,missingness,Kalman/RTS smoother (internal),retrospective reconstruction,runtime_seconds,20,0.033778749300017744,0.018754209195876278,0.030522614500341598,0.016355079999925675,0.0469204727501164,0.025976828845022,0.04207172044010285
missing_50,missingness,Kalman/RTS smoother (internal),retrospective reconstruction,peak_memory_mb,20,0.0,0.0,0.0,0.0,0.0,0.0,0.0
missing_50,missingness,No-delay ablation,retrospective reconstruction,rmse,20,0.63770700171513,0.6724254239733143,0.39328742780692,0.3561969055377696,0.512847461369229,0.4120262032796418,0.9692212780905659
missing_50,missingness,No-delay ablation,retrospective reconstruction,mae,20,0.3907686603178101,0.18064409453469715,0.32688520294762735,0.30286072423983046,0.37880722072391043,0.3248102298380569,0.4799665253221741
missing_50,missingness,No-delay ablation,retrospective reconstruction,r2,20,-4.302645357064657,14.724105796969603,0.018638320203740233,-0.6738152753202753,0.19544050341023997,-11.4022341550989,-0.18058224919184254
missing_50,missingness,No-delay ablation,retrospective reconstruction,pearson_r,20,0.6837060677444232,0.19479986579308264,0.7242979326018693,0.6513131234196687,0.8093917481051183,0.5902062099466612,0.7601701474677132
missing_50,missingness,No-delay ablation,retrospective reconstruction,runtime_seconds,20,17.467954930899896,5.750554890794989,18.125952570499976,13.362525177499947,21.355744859749848,15.000774263227406,19.929334340856187
missing_50,missingness,No-delay ablation,retrospective reconstruction,peak_memory_mb,20,0.0,0.0,0.0,0.0,0.0,0.0,0.0
missing_50,missingness,No-delay ablation,retrospective reconstruction,delay_mae,20,1.5692229429420474,0.03843410810871922,1.561739928030262,1.5411601097173802,1.5984949742579129,1.5532069398955486,1.586279924195853
missing_50,missingness,No-robustness ablation,retrospective reconstruction,rmse,20,0.8975942307054391,0.731044779065817,0.6403081249862811,0.5155901400728783,0.7772901742249734,0.6258700989550899,1.2454237127056156
missing_50,missingness,No-robustness ablation,retrospective reconstruction,mae,20,0.5191434250690359,0.1879203432333231,0.4643743775754413,0.38922318627174607,0.5348818082397022,0.44609088342646913,0.6068998114204069
missing_50,missingness,No-robustness ablation,retrospective reconstruction,r2,20,-7.328436076215387,15.72864769792115,-1.606290502326946,-2.892807224563434,-0.6865761133989547,-15.049621787897335,-1.7417534484519364
missing_50,missingness,No-robustness ablation,retrospective reconstruction,pearson_r,20,0.5513782026898925,0.22386704860257584,0.5886263233508775,0.44332719313280067,0.7359857029937216,0.4502462094285299,0.6431186007831841
missing_50,missingness,No-robustness ablation,retrospective reconstruction,runtime_seconds,20,19.124744663800037,4.17860818087174,19.083076928000082,17.529674818249987,21.360703651250333,17.334489037865005,20.817727788800184
missing_50,missingness,No-robustness ablation,retrospective reconstruction,peak_memory_mb,20,0.0,0.0,0.0,0.0,0.0,0.0,0.0
missing_50,missingness,No-robustness ablation,retrospective reconstruction,delay_mae,20,1.3367452420647827,0.025574365298222542,1.3389915115199034,1.3090020742268036,1.3513176522952968,1.326155291145725,1.3481760996478178
missing_50,missingness,Proposed revised,retrospective reconstruction,rmse,20,0.6146663263993486,0.5521869146468753,0.3944986395165708,0.37308896567502514,0.4986341031685961,0.41749602760197824,0.8842162136774744
missing_50,missingness,Proposed revised,retrospective reconstruction,mae,20,0.39406341062750155,0.14671145034365804,0.34415822069028723,0.3160968130583737,0.3849314831476981,0.3384931069759828,0.46451544429960295
missing_50,missingness,Proposed revised,retrospective reconstruction,r2,20,-3.232635294569479,9.635930909720845,0.0131180943263637,-0.5853699917812769,0.11732873439021144,-7.986527309255947,-0.14395802696135918
missing_50,missingness,Proposed revised,retrospective reconstruction,pearson_r,20,0.6969544389293916,0.19977890291113073,0.7726835091331743,0.6449090976344284,0.8023919943770043,0.6016496084683162,0.7733688004659629
missing_50,missingness,Proposed revised,retrospective reconstruction,runtime_seconds,20,17.951850292750056,5.491639610509445,18.89769246549986,14.116718468750037,22.24352230274997,15.560632903657542,20.27828287774756
missing_50,missingness,Proposed revised,retrospective reconstruction,peak_memory_mb,20,0.0,0.0,0.0,0.0,0.0,0.0,0.0
missing_50,missingness,Proposed revised,retrospective reconstruction,delay_mae,20,1.3249082506534577,0.0231127577809736,1.3227017215467092,1.3129106177388143,1.333718898690851,1.3153413275875783,1.3352070308995798
missing_50,missingness,Robust median smoother,retrospective reconstruction,rmse,20,1.2815823564317808,1.5432411440745148,0.639351397762012,0.4383300596379072,1.311699673773517,0.7020807774310873,2.0449304312822796
missing_50,missingness,Robust median smoother,retrospective reconstruction,mae,20,0.32579076467650464,0.27120660748613695,0.23793655833405689,0.17672492283722666,0.3622354079078117,0.22331539507604586,0.46008514371426756
missing_50,missingness,Robust median smoother,retrospective reconstruction,r2,20,-23.762257422464085,60.92893983017652,-1.5934763891233428,-9.910730587838609,-0.22000339217785808,-54.1263969937136,-4.196676864767064
missing_50,missingness,Robust median smoother,retrospective reconstruction,pearson_r,20,0.4781985066750762,0.2511918023737117,0.450753565148199,0.2986497362067492,0.6818464308806089,0.37053497767501137,0.5860871679606531
missing_50,missingness,Robust median smoother,retrospective reconstruction,runtime_seconds,20,0.02004335364995309,0.013549222835190519,0.01438630099983125,0.0087469594999447,0.024822269249739275,0.014675706348660882,0.026050335831224007
missing_50,missingness,Robust median smoother,retrospective reconstruction,peak_memory_mb,20,0.0,0.0,0.0,0.0,0.0,0.0,0.0
outlier_00,outlier,Arrival interpolation,retrospective reconstruction,rmse,20,0.10980982568777076,0.003533256726097195,0.10945522585934316,0.10719997145959954,0.11188671181390533,0.10833051196593975,0.11134306245867569
outlier_00,outlier,Arrival interpolation,retrospective reconstruction,mae,20,0.08026049489878478,0.0029046370936621595,0.07962353979651475,0.0785708311445544,0.0824367520150927,0.07901674589472467,0.0815346995473955
outlier_00,outlier,Arrival interpolation,retrospective reconstruction,r2,20,0.9234610999463465,0.004939166786568371,0.9240291214461311,0.9206159193986231,0.927127317509801,0.9213058666894572,0.9255278105245499
outlier_00,outlier,Arrival interpolation,retrospective reconstruction,pearson_r,20,0.9628087406256368,0.0023728848973711154,0.9629971244764872,0.9611248444201876,0.9646003615869845,0.9617762344137004,0.9638237864042178
outlier_00,outlier,Arrival interpolation,retrospective reconstruction,runtime_seconds,20,0.02053832305005011,0.009582624481287487,0.01645632150007255,0.014002133000076276,0.024583607750173476,0.01677343607754831,0.024684565667536663
outlier_00,outlier,Arrival interpolation,retrospective reconstruction,peak_memory_mb,20,0.0,0.0,0.0,0.0,0.0,0.0,0.0
outlier_00,outlier,Delay backprojection,retrospective reconstruction,rmse,20,0.0885728388970822,0.00227575016150944,0.08832971803655015,0.08698435136055928,0.08957178524278307,0.08764851126036954,0.08956982918071534
outlier_00,outlier,Delay backprojection,retrospective reconstruction,mae,20,0.07072349709310488,0.001914447620072995,0.0706874846425661,0.06946561102635951,0.0718095456180089,0.06991034375740579,0.0715409519773007
outlier_00,outlier,Delay backprojection,retrospective reconstruction,r2,20,0.950220986155774,0.002581737363908006,0.9505248992679374,0.9491236563988185,0.9520205316712671,0.9490816884232204,0.9512680794890586
outlier_00,outlier,Delay backprojection,retrospective reconstruction,pearson_r,20,0.974910239780592,0.0012979020621203964,0.9750174734584266,0.9743478877942505,0.9757939043795015,0.9743358063927173,0.9754407867180749
outlier_00,outlier,Delay backprojection,retrospective reconstruction,runtime_seconds,20,0.10448560030001768,0.040584313815728384,0.0991641705002166,0.0880762745000538,0.13356005025013923,0.08741512220631759,0.12213291713255156
outlier_00,outlier,Delay backprojection,retrospective reconstruction,peak_memory_mb,20,0.0,0.0,0.0,0.0,0.0,0.0,0.0
outlier_00,outlier,Delay-aware state-space (internal),retrospective reconstruction,rmse,20,0.09423122918967168,0.0010153392959404348,0.0938730938230591,0.09364217685880845,0.09481937588470578,0.09383462853994134,0.09468867819093951
outlier_00,outlier,Delay-aware state-space (internal),retrospective reconstruction,mae,20,0.07697938472879902,0.0007912831333965957,0.0769283568377212,0.07644517090813092,0.07730013225633292,0.0766628881284123,0.07733740480426991
outlier_00,outlier,Delay-aware state-space (internal),retrospective reconstruction,r2,20,0.9436867636516698,0.001221278089815532,0.9441200432437268,0.9429878506447087,0.9443947337639133,0.9431347139330171,0.9441629943858654
outlier_00,outlier,Delay-aware state-space (internal),retrospective reconstruction,pearson_r,20,0.9717960248903038,0.0006391558530378128,0.972002018841576,0.9713476084690587,0.9722391645011663,0.9715074930522376,0.9720504832839088
outlier_00,outlier,Delay-aware state-space (internal),retrospective reconstruction,runtime_seconds,20,0.11261397559999291,0.03527650172684592,0.10052779100010406,0.09238024600017522,0.15265656274982567,0.09765814829244727,0.1285796054650239
outlier_00,outlier,Delay-aware state-space (internal),retrospective reconstruction,peak_memory_mb,20,0.0,0.0,0.0,0.0,0.0,0.0,0.0
outlier_00,outlier,Kalman/RTS smoother (internal),retrospective reconstruction,rmse,20,0.10073842174084587,0.0010292446371267337,0.10060980866165084,0.10003338828794542,0.10141799730134494,0.10030275616652394,0.10118553404953508
outlier_00,outlier,Kalman/RTS smoother (internal),retrospective reconstruction,mae,20,0.08301437499667493,0.0010143182767357647,0.0828305841846047,0.08225267629529402,0.08383145889532327,0.08258008790024263,0.08344552764930295
outlier_00,outlier,Kalman/RTS smoother (internal),retrospective reconstruction,r2,20,0.9356414534412417,0.001316324812265212,0.9358118912670218,0.9347765147099683,0.9365454212315761,0.9350700441571291,0.9361991752937288
outlier_00,outlier,Kalman/RTS smoother (internal),retrospective reconstruction,pearson_r,20,0.9683547477050389,0.0006537698114514627,0.9684971898759376,0.9679113804930097,0.9688506207218057,0.9680710225400389,0.9686316550840789
outlier_00,outlier,Kalman/RTS smoother (internal),retrospective reconstruction,runtime_seconds,20,0.04127055775002186,0.019970358499076198,0.0467296905001148,0.0260759327502455,0.054370254749983304,0.0331037333387331,0.05012789680250585
outlier_00,outlier,Kalman/RTS smoother (internal),retrospective reconstruction,peak_memory_mb,20,0.0,0.0,0.0,0.0,0.0,0.0,0.0
outlier_00,outlier,No-delay ablation,retrospective reconstruction,rmse,20,0.20048402716538752,0.0029176937859172834,0.2004415402247668,0.1985238967012082,0.2029467766400759,0.19928116187987407,0.20171889011702993
outlier_00,outlier,No-delay ablation,retrospective reconstruction,mae,20,0.16334252407123934,0.001938023887458549,0.1636939543804008,0.16211518648333761,0.1649943126681302,0.16251881655957132,0.16415635158453482
outlier_00,outlier,No-delay ablation,retrospective reconstruction,r2,20,0.7450706691016976,0.007422663808938422,0.7452298883348006,0.7388215887678138,0.7500809035981046,0.7419216975121682,0.748133273767682
outlier_00,outlier,No-delay ablation,retrospective reconstruction,pearson_r,20,0.904515157904967,0.0023035892757185,0.9042979466861519,0.9030025481867792,0.9062643987318435,0.9035341674837714,0.9054826377527758
outlier_00,outlier,No-delay ablation,retrospective reconstruction,runtime_seconds,20,27.84546675530005,6.883203198227075,28.431232335500226,22.887020298500147,33.16504930800011,24.862798071695046,30.607896717348805
outlier_00,outlier,No-delay ablation,retrospective reconstruction,peak_memory_mb,20,0.0,0.0,0.0,0.0,0.0,0.0,0.0
outlier_00,outlier,No-delay ablation,retrospective reconstruction,delay_mae,20,1.5809889145393041,0.032995588784501734,1.5770180650800492,1.557491404390373,1.5952126676387834,1.5676306919283745,1.595930156751818
outlier_00,outlier,No-robustness ablation,retrospective reconstruction,rmse,20,0.21242123092795712,0.0029761648476052944,0.21234548695265218,0.21071197164967584,0.21398673315430777,0.2111631171947136,0.21365831159653906
outlier_00,outlier,No-robustness ablation,retrospective reconstruction,mae,20,0.17366779098566354,0.0021199313463275736,0.17373380000820415,0.1722778638381687,0.17525844798471718,0.1727610859353422,0.1745473237628689
outlier_00,outlier,No-robustness ablation,retrospective reconstruction,r2,20,0.7138131328926365,0.007999079954489029,0.7140696418821271,0.709633057620865,0.7184527129493903,0.7104832543679452,0.7172002291065322
outlier_00,outlier,No-robustness ablation,retrospective reconstruction,pearson_r,20,0.9062221239356779,0.0019445937642713189,0.9062012948433842,0.9049415799355034,0.9079488880399234,0.9053864824020197,0.9070719754490074
outlier_00,outlier,No-robustness ablation,retrospective reconstruction,runtime_seconds,20,24.533660421699825,8.007958429126402,25.95596068949999,20.01529078800013,30.984711486249353,21.048258451751085,27.853569324194765
outlier_00,outlier,No-robustness ablation,retrospective reconstruction,peak_memory_mb,20,0.0,0.0,0.0,0.0,0.0,0.0,0.0
outlier_00,outlier,No-robustness ablation,retrospective reconstruction,delay_mae,20,1.322179389566433,0.018696487586947492,1.3207580697384111,1.3115897317975929,1.328854950832147,1.3146803113343621,1.3307271901667794
outlier_00,outlier,Proposed revised,retrospective reconstruction,rmse,20,0.2124212309279571,0.0029761648476052892,0.2123454869526521,0.2107119716496758,0.21398673315430772,0.21116311719471356,0.213658311596539
outlier_00,outlier,Proposed revised,retrospective reconstruction,mae,20,0.1736677909856635,0.0021199313463275793,0.17373380000820415,0.17227786383816865,0.17525844798471713,0.17276108593534215,0.17454732376286888
outlier_00,outlier,Proposed revised,retrospective reconstruction,r2,20,0.7138131328926365,0.007999079954489029,0.7140696418821271,0.709633057620865,0.7184527129493903,0.7104832543679452,0.7172002291065322
outlier_00,outlier,Proposed revised,retrospective reconstruction,pearson_r,20,0.9062221239356779,0.0019445937642713234,0.9062012948433843,0.9049415799355034,0.9079488880399235,0.9053864824020197,0.9070719754490075
outlier_00,outlier,Proposed revised,retrospective reconstruction,runtime_seconds,20,28.75440465244999,5.3229585641365444,30.542863826500025,24.875766482499788,32.7201930087499,26.383896336815017,30.916205663696225
outlier_00,outlier,Proposed revised,retrospective reconstruction,peak_memory_mb,20,0.0,0.0,0.0,0.0,0.0,0.0,0.0
outlier_00,outlier,Proposed revised,retrospective reconstruction,delay_mae,20,1.322179389566433,0.01869648758694748,1.3207580697384111,1.3115897317975929,1.328854950832147,1.3146803113343621,1.3307271901667794
outlier_00,outlier,Robust median smoother,retrospective reconstruction,rmse,20,0.1033306918157499,0.0022375463925798445,0.10286136298568985,0.10176309091020028,0.10406168559418018,0.10242497006392576,0.10435751637365309
outlier_00,outlier,Robust median smoother,retrospective reconstruction,mae,20,0.08154271737274885,0.001957711536710898,0.08122168748662825,0.0802843021787818,0.08254810168353954,0.08072408914612653,0.08241794420482354
outlier_00,outlier,Robust median smoother,retrospective reconstruction,r2,20,0.932263154339827,0.002965178779329939,0.9329069178396319,0.9313319224437484,0.9343320485710741,0.9308984366737632,0.9334566578091977
outlier_00,outlier,Robust median smoother,retrospective reconstruction,pearson_r,20,0.9667499563999034,0.001419322805009754,0.9669705336563081,0.9663528522771134,0.9677011719607189,0.9660921565562941,0.967331593148318
outlier_00,outlier,Robust median smoother,retrospective reconstruction,runtime_seconds,20,0.020575665249884828,0.00826095661141445,0.01652809149982195,0.01607052174995255,0.024587961249721926,0.01713035620108367,0.024219721138678048
outlier_00,outlier,Robust median smoother,retrospective reconstruction,peak_memory_mb,20,0.0,0.0,0.0,0.0,0.0,0.0,0.0
outlier_05,outlier,Arrival interpolation,retrospective reconstruction,rmse,20,1.3581710243296734,0.5582138311116444,1.202196413060226,0.9281167116587039,1.726180358437577,1.1306903672875475,1.595255150337695
outlier_05,outlier,Arrival interpolation,retrospective reconstruction,mae,20,0.345741309903686,0.08888185049430904,0.30994601441403913,0.2783729429253739,0.41534708434567646,0.3097954366375617,0.3854250627606587
outlier_05,outlier,Arrival interpolation,retrospective reconstruction,r2,20,-12.574341182841653,10.83011302339152,-8.17382397107302,-17.998032687152012,-4.463204574775862,-17.25800717693038,-8.303080131232683
outlier_05,outlier,Arrival interpolation,retrospective reconstruction,pearson_r,20,0.30894252614645556,0.12635308498048953,0.3020590102097799,0.2199886905759466,0.3772833215499075,0.2550699966387512,0.36236545569837214
outlier_05,outlier,Arrival interpolation,retrospective reconstruction,runtime_seconds,20,0.01693812799996973,0.009635475550060394,0.0158910360003119,0.011168235500008401,0.021195899749727624,0.013311905218754945,0.021469172837543002
outlier_05,outlier,Arrival interpolation,retrospective reconstruction,peak_memory_mb,20,0.0125,0.055901699437494734,0.0,0.0,0.0,0.0,0.0375
outlier_05,outlier,Delay backprojection,retrospective reconstruction,rmse,20,1.019878768609058,0.45384071754542393,0.8283505209965611,0.6946062675766234,1.1667110712042947,0.8411963410955758,1.2186902157096515
outlier_05,outlier,Delay backprojection,retrospective reconstruction,mae,20,0.3663637537403569,0.09123777614151604,0.35981818517656605,0.3034168475256883,0.41821009166464396,0.32940349661766977,0.4075526532187235
outlier_05,outlier,Delay backprojection,retrospective reconstruction,r2,20,-6.836642576289792,7.145598735362825,-3.3513507614298836,-7.7659201605205475,-2.059513628742814,-10.010027523163524,-4.071287384523593
outlier_05,outlier,Delay backprojection,retrospective reconstruction,pearson_r,20,0.4027203770903333,0.15208519703503603,0.39771747999625623,0.3032619508690086,0.4970297256502794,0.33553726443365733,0.46617495743362997
outlier_05,outlier,Delay backprojection,retrospective reconstruction,runtime_seconds,20,0.09847632644998608,0.035842870121306256,0.094223444499903,0.07751918525002563,0.128564984499917,0.08355227678134154,0.11366242731631641
outlier_05,outlier,Delay backprojection,retrospective reconstruction,peak_memory_mb,20,0.0125,0.055901699437494734,0.0,0.0,0.0,0.0,0.0375
outlier_05,outlier,Delay-aware state-space (internal),retrospective reconstruction,rmse,20,0.726829018887399,0.29794559324450265,0.5936406387966316,0.5485933201890821,0.8502259149942449,0.6078608150208522,0.8577850705657767
outlier_05,outlier,Delay-aware state-space (internal),retrospective reconstruction,mae,20,0.346505006775841,0.08731530104396908,0.33576859968190964,0.28153719991634596,0.40277948536450864,0.31110272611410844,0.38514118902124916
outlier_05,outlier,Delay-aware state-space (internal),retrospective reconstruction,r2,20,-2.8847169747700114,3.2681248600688706,-1.2348388244241404,-3.6750836212394624,-0.9085069480154412,-4.340432303854237,-1.5995426588403558
outlier_05,outlier,Delay-aware state-space (internal),retrospective reconstruction,pearson_r,20,0.5073581765987576,0.1725231501315859,0.5156417360472754,0.42629513731807994,0.63166169150808,0.4306305384181102,0.578174097458308
outlier_05,outlier,Delay-aware state-space (internal),retrospective reconstruction,runtime_seconds,20,0.10225700714995578,0.04382241010466075,0.09546536750008265,0.07051805675018838,0.14309656874979731,0.08436036247491185,0.12106972073630624
outlier_05,outlier,Delay-aware state-space (internal),retrospective reconstruction,peak_memory_mb,20,0.0,0.0,0.0,0.0,0.0,0.0,0.0
outlier_05,outlier,Kalman/RTS smoother (internal),retrospective reconstruction,rmse,20,0.6869841304199389,0.24216939903700319,0.6393032514096894,0.5236511033150262,0.8223768426961311,0.5876385745859489,0.7900255955066222
outlier_05,outlier,Kalman/RTS smoother (internal),retrospective reconstruction,mae,20,0.3402192664423092,0.08015449875941444,0.33699823461915257,0.2924444989453693,0.3942204335080007,0.30673052956863184,0.3742975246418005
outlier_05,outlier,Kalman/RTS smoother (internal),retrospective reconstruction,r2,20,-2.346014362404777,2.3277802479490393,-1.591734194432519,-3.2888291202356896,-0.7391440072353573,-3.372782142787785,-1.4201731714295287
outlier_05,outlier,Kalman/RTS smoother (internal),retrospective reconstruction,pearson_r,20,0.5113731188284965,0.18156310735380782,0.5735917454000337,0.4098762902703236,0.6260413702273405,0.4297140401658334,0.5850400453372919
outlier_05,outlier,Kalman/RTS smoother (internal),retrospective reconstruction,runtime_seconds,20,0.03463728065005393,0.016785998383201092,0.03136626950004025,0.024210172000039124,0.04146476624998738,0.027695408917511436,0.04207489528761806
outlier_05,outlier,Kalman/RTS smoother (internal),retrospective reconstruction,peak_memory_mb,20,0.0125,0.055901699437494734,0.0,0.0,0.0,0.0,0.0375
outlier_05,outlier,No-delay ablation,retrospective reconstruction,rmse,20,0.30071261342317024,0.05059503314009534,0.2901101566226143,0.2669652863249879,0.31406608955856796,0.28060426126845944,0.3224780609344968
outlier_05,outlier,No-delay ablation,retrospective reconstruction,mae,20,0.2441639800598164,0.03278900335558754,0.23799576184096166,0.21787853256236123,0.26639464587120193,0.23068193193037753,0.2579323453303294
outlier_05,outlier,No-delay ablation,retrospective reconstruction,r2,20,0.4111546129081285,0.2091150026953892,0.46623111854532856,0.37449401489527345,0.5480572134620655,0.31974287978462235,0.4930169777267598
outlier_05,outlier,No-delay ablation,retrospective reconstruction,pearson_r,20,0.8186267672899424,0.05998583128940845,0.8363635104053868,0.80095669243699,0.8511554496851589,0.7901048245632705,0.8409916437406215
outlier_05,outlier,No-delay ablation,retrospective reconstruction,runtime_seconds,20,27.281472806600096,8.353384198740367,29.17090644100017,20.673311924250356,32.31477940575019,23.717462096663922,30.853405264680084
outlier_05,outlier,No-delay ablation,retrospective reconstruction,peak_memory_mb,20,0.0,0.0,0.0,0.0,0.0,0.0,0.0
outlier_05,outlier,No-delay ablation,retrospective reconstruction,delay_mae,20,1.5809889145393041,0.032995588784501734,1.5770180650800492,1.557491404390373,1.5952126676387834,1.5676306919283745,1.595930156751818
outlier_05,outlier,No-robustness ablation,retrospective reconstruction,rmse,20,0.6869558168774578,0.3115488795921858,0.5592226022560713,0.49754577859359506,0.7150558920940739,0.5681423739789727,0.8315393289942538
outlier_05,outlier,No-robustness ablation,retrospective reconstruction,mae,20,0.4282680848985606,0.0866114981803767,0.41394706590273966,0.37720364558029745,0.46925716097035064,0.39433784110688264,0.4668143560911365
outlier_05,outlier,No-robustness ablation,retrospective reconstruction,r2,20,-2.5771959397450264,3.626428868033179,-0.9831052833500521,-2.2890182279391227,-0.5697864365047774,-4.2740181360341944,-1.215148259134191
outlier_05,outlier,No-robustness ablation,retrospective reconstruction,pearson_r,20,0.5689510031749143,0.17402473210366315,0.5754800701496177,0.45979517427292715,0.6856852772583897,0.4896324205925376,0.6378611184350123
outlier_05,outlier,No-robustness ablation,retrospective reconstruction,runtime_seconds,20,29.84897698259988,7.163991962957203,31.47265981700002,25.805249344499998,34.82160456099973,26.756651427596278,32.7184625307861
outlier_05,outlier,No-robustness ablation,retrospective reconstruction,peak_memory_mb,20,0.0,0.0,0.0,0.0,0.0,0.0,0.0
outlier_05,outlier,No-robustness ablation,retrospective reconstruction,delay_mae,20,1.3386379260913923,0.02365843811376755,1.3347149591054308,1.3218110494778545,1.3570727730396812,1.3289352024220835,1.349078596267808
outlier_05,outlier,Proposed revised,retrospective reconstruction,rmse,20,0.31965463187992094,0.0514800376708633,0.31448286554840554,0.2818386888541786,0.3397689298349069,0.2988768305359762,0.3424113462884605
outlier_05,outlier,Proposed revised,retrospective reconstruction,mae,20,0.2614991250093132,0.03587107288456249,0.2657978222270395,0.23353515764608795,0.29010054491612014,0.24638597713614319,0.27651152252500116
outlier_05,outlier,Proposed revised,retrospective reconstruction,r2,20,0.3360946736290683,0.22453481212081283,0.37284570957086427,0.26786456739940223,0.49629599786368844,0.2343288931258766,0.4238422008450447
outlier_05,outlier,Proposed revised,retrospective reconstruction,pearson_r,20,0.8182481343515835,0.06746153933863915,0.834717338689618,0.804618278697178,0.86502990340908,0.7860844443332897,0.843171688289923
outlier_05,outlier,Proposed revised,retrospective reconstruction,runtime_seconds,20,25.689338489650094,7.6351142229297615,27.088212727499922,17.593192911000187,31.408833361749775,22.25227003749506,28.860594756315113
outlier_05,outlier,Proposed revised,retrospective reconstruction,peak_memory_mb,20,0.00625,0.027950849718747367,0.0,0.0,0.0,0.0,0.01875
outlier_05,outlier,Proposed revised,retrospective reconstruction,delay_mae,20,1.3235377187373196,0.019571589168608287,1.3235137213698254,1.3116094471346176,1.3278946790600668,1.3156240334842866,1.3324722896184669
outlier_05,outlier,Robust median smoother,retrospective reconstruction,rmse,20,0.6664715607763589,0.454468741851983,0.4941338857469623,0.3514532887270123,0.8086405069430889,0.487242738760623,0.8646065469148098
outlier_05,outlier,Robust median smoother,retrospective reconstruction,mae,20,0.19671337446778958,0.06573068714747862,0.18041242171889466,0.15043973694183246,0.23888689420659964,0.16972593439601272,0.22627234757060521
outlier_05,outlier,Robust median smoother,retrospective reconstruction,r2,20,-3.060912020820561,5.713394048063386,-0.557413630767792,-3.297796561406377,0.21589565934883598,-5.692213407545918,-0.9773326145538472
outlier_05,outlier,Robust median smoother,retrospective reconstruction,pearson_r,20,0.5716077633076914,0.2181694045712085,0.6157529747947332,0.40189014742704676,0.7658718789489004,0.4756839744614743,0.6622772989937181
outlier_05,outlier,Robust median smoother,retrospective reconstruction,runtime_seconds,20,0.018307131850087845,0.007981441328390269,0.016337104000058347,0.015249562500002825,0.024343512000200424,0.015021475760084346,0.02184250644010485
outlier_05,outlier,Robust median smoother,retrospective reconstruction,peak_memory_mb,20,0.0125,0.055901699437494734,0.0,0.0,0.0,0.0,0.0375
outlier_10,outlier,Arrival interpolation,retrospective reconstruction,rmse,20,1.8919397443560495,0.5430835132967677,1.853851729705891,1.5253855508350351,2.2167928331682614,1.6657921802205984,2.13122224952463
outlier_10,outlier,Arrival interpolation,retrospective reconstruction,mae,20,0.5642754220162296,0.10341501849215112,0.5563453321623499,0.5060262188423242,0.5998175348005961,0.5217641762216451,0.6103492238080189
outlier_10,outlier,Arrival interpolation,retrospective reconstruction,r2,20,-23.47475794771371,14.385782928693713,-20.830654552464875,-30.204223615386198,-13.756648302134344,-29.899024515627655,-17.736082909992504
outlier_10,outlier,Arrival interpolation,retrospective reconstruction,pearson_r,20,0.20234115922814339,0.09727038090110689,0.1938511483063486,0.15016818691980394,0.25998115620192586,0.16021130884339962,0.2432733337304933
outlier_10,outlier,Arrival interpolation,retrospective reconstruction,runtime_seconds,20,0.031142004999992378,0.05200799105790683,0.016238373500073053,0.0131130367498144,0.02433354500021775,0.016425975838673654,0.05584622276504201
outlier_10,outlier,Arrival interpolation,retrospective reconstruction,peak_memory_mb,20,0.0,0.0,0.0,0.0,0.0,0.0,0.0
outlier_10,outlier,Delay backprojection,retrospective reconstruction,rmse,20,1.3577312930855299,0.39687270061407104,1.2355735205459468,1.0916462724583211,1.7640866340018726,1.1951204544732588,1.5333708219989175
outlier_10,outlier,Delay backprojection,retrospective reconstruction,mae,20,0.5877171845599799,0.09723004655975864,0.576499089078237,0.5191923419073798,0.6607386418661212,0.5463335936378556,0.6310730961061861
outlier_10,outlier,Delay backprojection,retrospective reconstruction,r2,20,-11.638476732334157,7.439263894636741,-8.680773667862908,-18.748498248957624,-6.556908841201811,-14.949995016043115,-8.61686792526821
outlier_10,outlier,Delay backprojection,retrospective reconstruction,pearson_r,20,0.28286563446974494,0.12981811656051323,0.28462719229094,0.19207984827456684,0.3440882496460409,0.22622556774850786,0.3375011292909938
outlier_10,outlier,Delay backprojection,retrospective reconstruction,runtime_seconds,20,0.11142896045002997,0.04092458116283075,0.10391238600004725,0.06924485375009218,0.14365998499999927,0.09477180661129064,0.12929623421372238
outlier_10,outlier,Delay backprojection,retrospective reconstruction,peak_memory_mb,20,0.0,0.0,0.0,0.0,0.0,0.0,0.0
outlier_10,outlier,Delay-aware state-space (internal),retrospective reconstruction,rmse,20,0.9807463336574965,0.24884400924865757,0.9355850222187384,0.7896789873411212,1.17287342208862,0.8778579716248416,1.0921928679590287
outlier_10,outlier,Delay-aware state-space (internal),retrospective reconstruction,mae,20,0.5405429679415332,0.09212006541048141,0.5472870850253341,0.4819995882656659,0.590769056938625,0.5016073758768352,0.5803594150473502
outlier_10,outlier,Delay-aware state-space (internal),retrospective reconstruction,r2,20,-5.472424131758612,3.3676149297420728,-4.550743498785735,-7.72406410961125,-2.955133057787735,-6.995925639833329,-4.128338854276741
outlier_10,outlier,Delay-aware state-space (internal),retrospective reconstruction,pearson_r,20,0.3704491500685484,0.16901646819434646,0.39755985281100203,0.2674068456577916,0.4557693599257898,0.29362694416907453,0.44206195292642775
outlier_10,outlier,Delay-aware state-space (internal),retrospective reconstruction,runtime_seconds,20,0.09820561574997552,0.044135595952816825,0.0957736539999132,0.058484471750034524,0.13893119250008112,0.0798653074524742,0.11739611327864621
outlier_10,outlier,Delay-aware state-space (internal),retrospective reconstruction,peak_memory_mb,20,0.0,0.0,0.0,0.0,0.0,0.0,0.0
outlier_10,outlier,Kalman/RTS smoother (internal),retrospective reconstruction,rmse,20,0.9640667135513054,0.2378367224167738,0.889629301483731,0.7839386144248293,1.102065590822329,0.866964348385418,1.0704276592566995
outlier_10,outlier,Kalman/RTS smoother (internal),retrospective reconstruction,mae,20,0.5407026135827476,0.098426717079385,0.5162734885323841,0.49428095743921774,0.6125853369446256,0.500378281365216,0.5851366267330547
outlier_10,outlier,Kalman/RTS smoother (internal),retrospective reconstruction,r2,20,-5.23445126936757,3.253690214884133,-4.01971237315638,-6.701960639986029,-2.897608940781634,-6.739152411126491,-3.9292534557580927
outlier_10,outlier,Kalman/RTS smoother (internal),retrospective reconstruction,pearson_r,20,0.3595087390644127,0.18284709430135082,0.41704942385209215,0.19847173473031737,0.4816398995894437,0.27641822648212494,0.43642674872053566
outlier_10,outlier,Kalman/RTS smoother (internal),retrospective reconstruction,runtime_seconds,20,0.04296473254992174,0.021787732595797707,0.038223697000148604,0.026788625249878274,0.05981892599970697,0.03438269185372686,0.05302529338241521
outlier_10,outlier,Kalman/RTS smoother (internal),retrospective reconstruction,peak_memory_mb,20,0.0,0.0,0.0,0.0,0.0,0.0,0.0
outlier_10,outlier,No-delay ablation,retrospective reconstruction,rmse,20,0.36749572639434597,0.10956233015092835,0.3298812195635231,0.3106943473041768,0.37168167088517773,0.3283893132081667,0.41959033631263853
outlier_10,outlier,No-delay ablation,retrospective reconstruction,mae,20,0.2882503004473941,0.05370738918765535,0.2815995839244203,0.2512526955496558,0.31715460447656585,0.2672985030064027,0.31231074445808926
outlier_10,outlier,No-delay ablation,retrospective reconstruction,r2,20,0.07128497743427893,0.7215089058699445,0.3096059914362207,0.12393007327177183,0.3878172568867243,-0.2771108385001384,0.30660825958870874
outlier_10,outlier,No-delay ablation,retrospective reconstruction,pearson_r,20,0.7506502227818445,0.08933546220163377,0.7780527246376263,0.7252896324215079,0.8102022056072089,0.7092952020505001,0.7854779177463024
outlier_10,outlier,No-delay ablation,retrospective reconstruction,runtime_seconds,20,28.56804691389998,5.372165971107948,27.965178904500135,24.866809095499775,32.77172337924958,26.26309345637376,30.803631113586206
outlier_10,outlier,No-delay ablation,retrospective reconstruction,peak_memory_mb,20,0.0375,0.11542256460957984,0.0,0.0,0.0,0.0,0.09375
outlier_10,outlier,No-delay ablation,retrospective reconstruction,delay_mae,20,1.5809889145393041,0.032995588784501734,1.5770180650800492,1.557491404390373,1.5952126676387834,1.5676306919283745,1.595930156751818
outlier_10,outlier,No-robustness ablation,retrospective reconstruction,rmse,20,0.9026954058825162,0.28697738402746625,0.8057644814860299,0.6868572462399136,1.0289835152335325,0.7890147826895155,1.0318095236382432
outlier_10,outlier,No-robustness ablation,retrospective reconstruction,mae,20,0.5642013265518478,0.0923703033039818,0.5605320685554906,0.4853701100465308,0.6166091014354302,0.5255194100633955,0.6054336776905221
outlier_10,outlier,No-robustness ablation,retrospective reconstruction,r2,20,-4.663326644511336,3.7200094727908337,-3.118709155079201,-5.857950519389766,-1.9916667596781368,-6.35240862692574,-3.2103924583924877
outlier_10,outlier,No-robustness ablation,retrospective reconstruction,pearson_r,20,0.4260088585907177,0.17820223186077452,0.46795112542304645,0.33381662706586157,0.5031315050467603,0.34659317832807285,0.501031183629546
outlier_10,outlier,No-robustness ablation,retrospective reconstruction,runtime_seconds,20,28.318703923949943,6.857282658623721,28.745051086999865,24.143113668499836,32.50690567524998,25.353543892138656,31.22822467585616
outlier_10,outlier,No-robustness ablation,retrospective reconstruction,peak_memory_mb,20,0.01875,0.06117006061619911,0.0,0.0,0.0,0.0,0.05
outlier_10,outlier,No-robustness ablation,retrospective reconstruction,delay_mae,20,1.3615399290334047,0.02474338754529781,1.3610580353848536,1.3445732125452567,1.378598580814352,1.3512612784731883,1.3723089772754915
outlier_10,outlier,Proposed revised,retrospective reconstruction,rmse,20,0.3950321276769523,0.0873343291157428,0.37044193505182305,0.34125734142873027,0.42225034972924774,0.3603996956212933,0.4341181299748653
outlier_10,outlier,Proposed revised,retrospective reconstruction,mae,20,0.31216476530153214,0.05103391422124194,0.31071868824014126,0.2680371932602323,0.3501852718335897,0.2903471309632419,0.33363286133859577
outlier_10,outlier,Proposed revised,retrospective reconstruction,r2,20,-0.035497914079283606,0.501693343456478,0.12980009020636749,-0.1306639411388886,0.26117806818132167,-0.2642864903228981,0.15607190753267816
outlier_10,outlier,Proposed revised,retrospective reconstruction,pearson_r,20,0.7360161271267497,0.10581089279759812,0.7527369343939656,0.7197346738264108,0.8017835620746983,0.6862459407447639,0.7761100484473198
outlier_10,outlier,Proposed revised,retrospective reconstruction,runtime_seconds,20,27.584672872150055,7.417094597022491,28.6687955110001,22.859659176250265,32.51443117274994,24.402936289322632,30.79145439421627
outlier_10,outlier,Proposed revised,retrospective reconstruction,peak_memory_mb,20,0.00625,0.027950849718747367,0.0,0.0,0.0,0.0,0.01875
outlier_10,outlier,Proposed revised,retrospective reconstruction,delay_mae,20,1.3238965172880457,0.019221146904985945,1.3240166732292138,1.3113977671042578,1.329296951509909,1.316288883265669,1.3326790396444987
outlier_10,outlier,Robust median smoother,retrospective reconstruction,rmse,20,0.9018026750602663,0.47155420199280645,0.7217749322492054,0.6334863343096168,0.993809413512847,0.7220410713309802,1.115488594804601
outlier_10,outlier,Robust median smoother,retrospective reconstruction,mae,20,0.2895824071175245,0.07460496157812409,0.2951670986246153,0.2337130429843639,0.3271361536564914,0.2583425253318858,0.32203198988298376
outlier_10,outlier,Robust median smoother,retrospective reconstruction,r2,20,-5.4965380000741275,7.757383196245191,-2.3037649996276723,-5.263146026831878,-1.5602250279762084,-9.076663505292402,-2.645122743044547
outlier_10,outlier,Robust median smoother,retrospective reconstruction,pearson_r,20,0.42295426815967313,0.1673912618043471,0.42216237165635134,0.2820544814949635,0.534238160419412,0.3499443741329684,0.49480766884392763
outlier_10,outlier,Robust median smoother,retrospective reconstruction,runtime_seconds,20,0.021353389149976428,0.010933857070877429,0.02129094499991875,0.014433642500193848,0.02457515774972305,0.016933920142570804,0.026129736553700083
outlier_10,outlier,Robust median smoother,retrospective reconstruction,peak_memory_mb,20,0.0,0.0,0.0,0.0,0.0,0.0,0.0
outlier_20,outlier,Arrival interpolation,retrospective reconstruction,rmse,20,2.836314232603763,0.7750316034028817,2.6651525087951766,2.3768960651856825,3.1969074262943087,2.5306466830661507,3.168164634320486
outlier_20,outlier,Arrival interpolation,retrospective reconstruction,mae,20,1.0518530419229417,0.17367803866424245,1.0181863950686476,0.9363615503274456,1.1908869026651128,0.9829503973885333,1.1279652366684563
outlier_20,outlier,Arrival interpolation,retrospective reconstruction,r2,20,-53.63163837562372,30.98232931800709,-44.04557496758808,-63.81399783159113,-34.82614176739441,-67.14166908604378,-41.87661671200943
outlier_20,outlier,Arrival interpolation,retrospective reconstruction,pearson_r,20,0.1376392070826454,0.08326476422874948,0.14730072362333596,0.08424417205087273,0.1836772682329196,0.09957018086254121,0.17193370781897513
outlier_20,outlier,Arrival interpolation,retrospective reconstruction,runtime_seconds,20,0.02254176804999584,0.011249585957375113,0.022885158500002903,0.013805263749873075,0.026975091500162248,0.017930132522432092,0.027508310330054502
outlier_20,outlier,Arrival interpolation,retrospective reconstruction,peak_memory_mb,20,0.0,0.0,0.0,0.0,0.0,0.0,0.0
outlier_20,outlier,Delay backprojection,retrospective reconstruction,rmse,20,1.9853386341929329,0.4467656561671307,1.9446725958277438,1.6468936395112945,2.400884211635434,1.806363588259453,2.184153995755098
outlier_20,outlier,Delay backprojection,retrospective reconstruction,mae,20,1.0458221232055995,0.15170743634574774,1.024109821465701,0.9214275436179933,1.1812739102963827,0.9839164417637639,1.1124294470162048
outlier_20,outlier,Delay backprojection,retrospective reconstruction,r2,20,-25.196782110227538,11.666751834696413,-23.06478863962036,-35.55656882868364,-16.199231503165528,-30.368294511149156,-20.545751322883234
outlier_20,outlier,Delay backprojection,retrospective reconstruction,pearson_r,20,0.18686334689816508,0.13352234200875934,0.18617170793009585,0.1233078843096726,0.2959758825424104,0.1269502729853107,0.24156832226743905
outlier_20,outlier,Delay backprojection,retrospective reconstruction,runtime_seconds,20,0.10756064960005456,0.037530821308352065,0.1011986369999249,0.0846839777500463,0.13906507900014725,0.09128961021380858,0.1233465534388466
outlier_20,outlier,Delay backprojection,retrospective reconstruction,peak_memory_mb,20,0.0,0.0,0.0,0.0,0.0,0.0,0.0
outlier_20,outlier,Delay-aware state-space (internal),retrospective reconstruction,rmse,20,1.396508028806121,0.274942630131101,1.3366892060122366,1.2080857540723478,1.5732595925041326,1.2854374875900947,1.5159145100650755
outlier_20,outlier,Delay-aware state-space (internal),retrospective reconstruction,mae,20,0.9056431149594137,0.15130887402475623,0.9182802538228878,0.782008116813398,0.9857307969813995,0.8432539674840944,0.972015944778453
outlier_20,outlier,Delay-aware state-space (internal),retrospective reconstruction,r2,20,-11.82225573786117,5.084086619338691,-10.337520367569242,-14.709782835234403,-8.254844702320337,-14.05979667645234,-9.79387377090104
outlier_20,outlier,Delay-aware state-space (internal),retrospective reconstruction,pearson_r,20,0.2633006573665843,0.20071293628020123,0.2620989732891072,0.19158821797493153,0.4300301422406398,0.17238866710418918,0.3446975141316089
outlier_20,outlier,Delay-aware state-space (internal),retrospective reconstruction,runtime_seconds,20,0.10727362135005473,0.035250606040932796,0.09948627650010161,0.08896640775014927,0.14010745150017095,0.0918453662050501,0.12252541960249112
outlier_20,outlier,Delay-aware state-space (internal),retrospective reconstruction,peak_memory_mb,20,0.0,0.0,0.0,0.0,0.0,0.0,0.0
outlier_20,outlier,Kalman/RTS smoother (internal),retrospective reconstruction,rmse,20,1.3893470479073018,0.30230586554365574,1.3580919791557466,1.1452800287783558,1.563887918471212,1.271852962317319,1.5232153953274707
outlier_20,outlier,Kalman/RTS smoother (internal),retrospective reconstruction,mae,20,0.9032448728261742,0.17147569461917375,0.9026385216495719,0.7542639364885788,1.019193653637213,0.8346396883930658,0.9775925019495217
outlier_20,outlier,Kalman/RTS smoother (internal),retrospective reconstruction,r2,20,-11.790905770452415,5.878015256133625,-10.695837785794108,-14.520019606973658,-7.317869837389789,-14.44402690337368,-9.551064758114178
outlier_20,outlier,Kalman/RTS smoother (internal),retrospective reconstruction,pearson_r,20,0.26472237819704497,0.20067636712627748,0.27223780959728683,0.15489382917194233,0.3948453419713586,0.17330925893495244,0.3469873941045896
outlier_20,outlier,Kalman/RTS smoother (internal),retrospective reconstruction,runtime_seconds,20,0.04066833425004001,0.014863030387398305,0.0391025955000259,0.0272202922498081,0.04864051200001987,0.034716772327557766,0.0470969832825147
outlier_20,outlier,Kalman/RTS smoother (internal),retrospective reconstruction,peak_memory_mb,20,0.0,0.0,0.0,0.0,0.0,0.0,0.0
outlier_20,outlier,No-delay ablation,retrospective reconstruction,rmse,20,0.49072160582055036,0.1324338269727239,0.4683869952355075,0.41163007481481273,0.5123454061187767,0.44029864094881177,0.5495985336998512
outlier_20,outlier,No-delay ablation,retrospective reconstruction,mae,20,0.3693300307890089,0.06322425914203668,0.36643408792648596,0.327730367506018,0.4051627033571542,0.34402245056308695,0.3963143276428387
outlier_20,outlier,No-delay ablation,retrospective reconstruction,r2,20,-0.6326708076407199,0.9788787621454296,-0.3912761697076722,-0.6653191682575237,-0.07463520392176232,-1.0785453829487728,-0.2718292535330564
outlier_20,outlier,No-delay ablation,retrospective reconstruction,pearson_r,20,0.6429153371787981,0.12237590248488438,0.6497851524011788,0.5924517191664113,0.7363878234234636,0.5863418372215803,0.6931204872565278
outlier_20,outlier,No-delay ablation,retrospective reconstruction,runtime_seconds,20,29.426460995050093,7.461299593514678,30.467330315499566,24.00781508099999,35.63052397200022,26.200131495570147,32.63052227479117
outlier_20,outlier,No-delay ablation,retrospective reconstruction,peak_memory_mb,20,0.0,0.0,0.0,0.0,0.0,0.0,0.0
outlier_20,outlier,No-delay ablation,retrospective reconstruction,delay_mae,20,1.5809889145393041,0.032995588784501734,1.5770180650800492,1.557491404390373,1.5952126676387834,1.5676306919283745,1.595930156751818
outlier_20,outlier,No-robustness ablation,retrospective reconstruction,rmse,20,1.2608840461278055,0.3045194255977738,1.1708258011299848,1.0154583153276233,1.4775017241688404,1.1402750116592628,1.3941587419104848
outlier_20,outlier,No-robustness ablation,retrospective reconstruction,mae,20,0.8418222864960121,0.14129084836470396,0.8525741598031584,0.7333591635054124,0.9292684345251744,0.7835021068414649,0.9011899473493754
outlier_20,outlier,No-robustness ablation,retrospective reconstruction,r2,20,-9.640086944038668,5.21670709783456,-7.698252144806083,-12.843890950957784,-5.538795030042766,-11.93819219113538,-7.617858996193363
outlier_20,outlier,No-robustness ablation,retrospective reconstruction,pearson_r,20,0.2973905911945836,0.19875172998279586,0.33340747708204554,0.19226049898097058,0.4559798019155875,0.20672696302023635,0.37860897283147843
outlier_20,outlier,No-robustness ablation,retrospective reconstruction,runtime_seconds,20,36.030719720050044,7.401921694020829,37.4847848405002,31.393266651750082,39.82645988625018,32.81582468282748,39.00909163706248
outlier_20,outlier,No-robustness ablation,retrospective reconstruction,peak_memory_mb,20,0.0125,0.055901699437494734,0.0,0.0,0.0,0.0,0.0375
outlier_20,outlier,No-robustness ablation,retrospective reconstruction,delay_mae,20,1.4282862448051894,0.03221366375798951,1.4262456939462032,1.4080770936616422,1.4471319948491679,1.4150460548914165,1.4421710699703891
outlier_20,outlier,Proposed revised,retrospective reconstruction,rmse,20,0.5269483088987752,0.09821603764066957,0.517740547422552,0.461893672625422,0.589598117970277,0.48793305798086734,0.5689698628297682
outlier_20,outlier,Proposed revised,retrospective reconstruction,mae,20,0.40180392846710866,0.05995395194964432,0.38728720575712494,0.36112940655606846,0.4628347415092863,0.37746668410488277,0.4264976693567546
outlier_20,outlier,Proposed revised,retrospective reconstruction,r2,20,-0.8189068433397517,0.6829454401425643,-0.7005372845819833,-1.2049181257414237,-0.3533697634319635,-1.115442902739685,-0.5522943854201794
outlier_20,outlier,Proposed revised,retrospective reconstruction,pearson_r,20,0.6229315445124983,0.14231987918190409,0.6264011324154064,0.5656432517208521,0.7256551253066456,0.5576638256212056,0.6821430847025374
outlier_20,outlier,Proposed revised,retrospective reconstruction,runtime_seconds,20,28.43170722305008,8.008216598755919,30.56634828899996,22.88501218000022,34.764887437500306,25.06452120440007,31.83164688577752
outlier_20,outlier,Proposed revised,retrospective reconstruction,peak_memory_mb,20,0.0080078125,0.035812026202145075,0.0,0.0,0.0,0.0,0.0240234375
outlier_20,outlier,Proposed revised,retrospective reconstruction,delay_mae,20,1.326812137320905,0.018542561646672527,1.3249643462925496,1.3142177859079802,1.3340447364003398,1.3193876695180218,1.3352092050409987
outlier_20,outlier,Robust median smoother,retrospective reconstruction,rmse,20,1.3934963698619083,0.431885289890245,1.3353926311910913,1.0659669793152942,1.6601407397642722,1.2159189073509638,1.5808756049212938
outlier_20,outlier,Robust median smoother,retrospective reconstruction,mae,20,0.5369932699431532,0.08599667834380263,0.5537472950435696,0.4778033569023934,0.5818751876022417,0.50003300060907,0.573874318946689
outlier_20,outlier,Robust median smoother,retrospective reconstruction,r2,20,-12.437242167242944,8.281443082772425,-10.321061034461815,-16.477160908704274,-6.214175026053369,-16.105692081957905,-9.098014249999661
outlier_20,outlier,Robust median smoother,retrospective reconstruction,pearson_r,20,0.271021991123657,0.14385156107648822,0.22143044297227377,0.17484655577578062,0.3569469562518945,0.21079674020400366,0.3345856409902219
outlier_20,outlier,Robust median smoother,retrospective reconstruction,runtime_seconds,20,0.021810798750061575,0.012931127289065689,0.0161665350001385,0.01216385775001065,0.024564379500020526,0.016524193488850144,0.027526783352553198
outlier_20,outlier,Robust median smoother,retrospective reconstruction,peak_memory_mb,20,0.0,0.0,0.0,0.0,0.0,0.0,0.0
outlier_30,outlier,Arrival interpolation,retrospective reconstruction,rmse,20,3.46626378270501,0.7824833088105325,3.450682698030647,2.9888685558767447,3.6625464821863107,3.1639642133715626,3.7978056453332245
outlier_30,outlier,Arrival interpolation,retrospective reconstruction,mae,20,1.5122666600953953,0.20851084730141975,1.4988695597924784,1.3650215986349366,1.644117441107695,1.4299678372016582,1.6013431204278508
outlier_30,outlier,Arrival interpolation,retrospective reconstruction,r2,20,-78.87814386622917,38.820122821802094,-74.54239729072047,-84.07018452292144,-55.66121830928128,-95.92248676787237,-64.38738813770216
outlier_30,outlier,Arrival interpolation,retrospective reconstruction,pearson_r,20,0.10435850049926507,0.08171288598823731,0.10196578964127426,0.06385130802868352,0.15557583709680478,0.06775777651734012,0.13871738354874336
outlier_30,outlier,Arrival interpolation,retrospective reconstruction,runtime_seconds,20,0.02092705969996583,0.010289728560755317,0.016262937500187,0.015985384499913352,0.024012341000002376,0.016840030998679895,0.02552301747752434
outlier_30,outlier,Arrival interpolation,retrospective reconstruction,peak_memory_mb,20,0.0,0.0,0.0,0.0,0.0,0.0,0.0
outlier_30,outlier,Delay backprojection,retrospective reconstruction,rmse,20,2.418737043012955,0.46016522370809465,2.4804113358562203,1.9717994144844238,2.720825876006764,2.2297022378304945,2.6090999907364716
outlier_30,outlier,Delay backprojection,retrospective reconstruction,mae,20,1.422156986876022,0.14976034296459656,1.4103146812691714,1.3438804853982633,1.4775657819711467,1.3607608307475576,1.487044740918271
outlier_30,outlier,Delay backprojection,retrospective reconstruction,r2,20,-37.37360173751033,14.154542693957401,-38.01423963324572,-45.967892241217825,-23.654791334904413,-43.318098662500255,-31.655998920614977
outlier_30,outlier,Delay backprojection,retrospective reconstruction,pearson_r,20,0.14440863599610337,0.13268677237177562,0.15308425741113124,0.0796315681648872,0.22799197896129186,0.08571572654358142,0.19891809652083786
outlier_30,outlier,Delay backprojection,retrospective reconstruction,runtime_seconds,20,0.11083405310002943,0.05029509064109906,0.09973388399998835,0.08966783749986003,0.1312822784999525,0.0926200262113309,0.13453858820129477
outlier_30,outlier,Delay backprojection,retrospective reconstruction,peak_memory_mb,20,0.0,0.0,0.0,0.0,0.0,0.0,0.0
outlier_30,outlier,Delay-aware state-space (internal),retrospective reconstruction,rmse,20,1.6947132080894132,0.27590025084425834,1.7309714678774242,1.4638040500735516,1.8852254329979088,1.5800398246124399,1.8097949440875623
outlier_30,outlier,Delay-aware state-space (internal),retrospective reconstruction,mae,20,1.1712313773993557,0.14150989344483042,1.1735142860502354,1.0700814291100358,1.243011900678228,1.1127903369314684,1.2320682931629763
outlier_30,outlier,Delay-aware state-space (internal),retrospective reconstruction,r2,20,-17.670886126719925,5.900174564984523,-18.002815435870957,-21.549694025084417,-12.587603316607785,-20.18911487250293,-15.262617076932402
outlier_30,outlier,Delay-aware state-space (internal),retrospective reconstruction,pearson_r,20,0.20651303281042116,0.1941368127076136,0.24970637705898,0.09481731394817823,0.34324795013278553,0.11794375737503685,0.2864717093863484
outlier_30,outlier,Delay-aware state-space (internal),retrospective reconstruction,runtime_seconds,20,0.10392541479991446,0.031434363439936566,0.09780057649982149,0.09359834125018549,0.11423064074972437,0.09080248206118252,0.11728251947609573
outlier_30,outlier,Delay-aware state-space (internal),retrospective reconstruction,peak_memory_mb,20,0.0,0.0,0.0,0.0,0.0,0.0,0.0
outlier_30,outlier,Kalman/RTS smoother (internal),retrospective reconstruction,rmse,20,1.6721689215937823,0.3129789007699901,1.5851881171885407,1.4739539088391043,1.7678775441189027,1.550965965466231,1.8099695336430306
outlier_30,outlier,Kalman/RTS smoother (internal),retrospective reconstruction,mae,20,1.1614591511128283,0.16518619792529532,1.1321742281768512,1.074769456509895,1.211043697393527,1.0963616477584819,1.2348619955416533
outlier_30,outlier,Kalman/RTS smoother (internal),retrospective reconstruction,r2,20,-17.32109897345854,7.410098448710432,-14.934468346627561,-18.843980945609996,-12.779342257473907,-20.654936229943075,-14.52838273220006
outlier_30,outlier,Kalman/RTS smoother (internal),retrospective reconstruction,pearson_r,20,0.2124248700001803,0.19366091053146808,0.22572511765596714,0.09700709820787987,0.3638742488917632,0.12373580952732197,0.2923713236803263
outlier_30,outlier,Kalman/RTS smoother (internal),retrospective reconstruction,runtime_seconds,20,0.03968016790001906,0.014031822811995932,0.0441491994999978,0.02679835049991645,0.04760667274990735,0.03367434577374121,0.04541959714375644
outlier_30,outlier,Kalman/RTS smoother (internal),retrospective reconstruction,peak_memory_mb,20,0.0,0.0,0.0,0.0,0.0,0.0,0.0
outlier_30,outlier,No-delay ablation,retrospective reconstruction,rmse,20,0.6004611549297443,0.1491993586045444,0.5628010341764691,0.5057878196724522,0.6528184185102963,0.540999744296941,0.6642663119513533
outlier_30,outlier,No-delay ablation,retrospective reconstruction,mae,20,0.44216542876243253,0.07265611607404802,0.43235094487271475,0.40069754398803625,0.47420585990822706,0.41291116307599285,0.4733174014233107
outlier_30,outlier,No-delay ablation,retrospective reconstruction,r2,20,-1.4204504843912034,1.2942245714064802,-1.0089151933536091,-1.7027854576232477,-0.6224423559168517,-1.986761041339331,-0.9214997047725958
outlier_30,outlier,No-delay ablation,retrospective reconstruction,pearson_r,20,0.5538071317041191,0.14728841899057266,0.5971171030427582,0.4454082278958409,0.6778253136408874,0.48609632472518,0.6149280227841585
outlier_30,outlier,No-delay ablation,retrospective reconstruction,runtime_seconds,20,31.5386351298499,6.403381719052851,33.46101328150007,27.59778853900002,36.30652095174969,28.772924693086278,34.179517553312394
outlier_30,outlier,No-delay ablation,retrospective reconstruction,peak_memory_mb,20,0.0,0.0,0.0,0.0,0.0,0.0,0.0
outlier_30,outlier,No-delay ablation,retrospective reconstruction,delay_mae,20,1.5809889145393041,0.032995588784501734,1.5770180650800492,1.557491404390373,1.5952126676387834,1.5676306919283745,1.595930156751818
outlier_30,outlier,No-robustness ablation,retrospective reconstruction,rmse,20,1.5403068209003952,0.30087369690923627,1.6149718949345298,1.2666437980633698,1.694200037965739,1.4162080446888121,1.6671919027041266
outlier_30,outlier,No-robustness ablation,retrospective reconstruction,mae,20,1.0705306747519092,0.1439444901241871,1.0787235596317761,0.9741790875626509,1.1784157706979956,1.0104010872045845,1.1319735093387415
outlier_30,outlier,No-robustness ablation,retrospective reconstruction,r2,20,-14.590169347692836,5.921775002322952,-15.539248650670388,-17.201294888120028,-9.174782967169953,-17.10547214149984,-12.212140639177498
outlier_30,outlier,No-robustness ablation,retrospective reconstruction,pearson_r,20,0.22899639969128288,0.18946866145698193,0.2899741305660628,0.10945722244102976,0.36720728373236433,0.14325755428274892,0.30594675545395106
outlier_30,outlier,No-robustness ablation,retrospective reconstruction,runtime_seconds,20,33.16106001205007,8.408297920470542,35.553375269500066,25.364424541999824,39.536362868499964,29.68528564741867,36.72325865619764
outlier_30,outlier,No-robustness ablation,retrospective reconstruction,peak_memory_mb,20,0.0,0.0,0.0,0.0,0.0,0.0,0.0
outlier_30,outlier,No-robustness ablation,retrospective reconstruction,delay_mae,20,1.5007984470103826,0.03875126643736905,1.4915305639316379,1.4765426317307655,1.526817092779937,1.4848120564413474,1.5176579327519275
outlier_30,outlier,Proposed revised,retrospective reconstruction,rmse,20,0.6570279583586938,0.09449594309773532,0.658566739165036,0.5752212697799284,0.7316021153378783,0.6183687344073967,0.6969309361128202
outlier_30,outlier,Proposed revised,retrospective reconstruction,mae,20,0.4923399193164223,0.050570799295395964,0.4877594061328966,0.45258252235690644,0.5277913601932951,0.4712407398958678,0.5145019604677101
outlier_30,outlier,Proposed revised,retrospective reconstruction,r2,20,-1.7912072228895528,0.7978985566148358,-1.7504157382832084,-2.394196013021349,-1.0982519175725611,-2.1314080049431996,-1.4683169847628765
outlier_30,outlier,Proposed revised,retrospective reconstruction,pearson_r,20,0.5107267876220367,0.18892988676733483,0.6063646233635421,0.36733280350417274,0.6435060868808953,0.42419186655222696,0.588075486063832
outlier_30,outlier,Proposed revised,retrospective reconstruction,runtime_seconds,20,26.17732028105006,6.488525980574942,27.77215574999991,19.749581591500146,30.4175491714999,23.37055279256386,28.909952907373746
outlier_30,outlier,Proposed revised,retrospective reconstruction,peak_memory_mb,20,0.0,0.0,0.0,0.0,0.0,0.0,0.0
outlier_30,outlier,Proposed revised,retrospective reconstruction,delay_mae,20,1.3300905871169664,0.020971972195067082,1.3261958713921604,1.3157581400594494,1.3415175030938338,1.3216688862632244,1.3397206404755684
outlier_30,outlier,Robust median smoother,retrospective reconstruction,rmse,20,1.8088399580441608,0.4095058065196807,1.7750114225527898,1.4880780192751866,2.028742758459525,1.6391572844022426,1.9910855570109156
outlier_30,outlier,Robust median smoother,retrospective reconstruction,mae,20,0.8230328538899909,0.08427048428627949,0.8156562756160557,0.763326466812905,0.8876938796386342,0.7878402448065593,0.8586108425163556
outlier_30,outlier,Robust median smoother,retrospective reconstruction,r2,20,-20.75807454458729,9.992948635988263,-18.981686925830473,-25.11204843774721,-13.044428164289018,-25.180318172130292,-16.663201560108703
outlier_30,outlier,Robust median smoother,retrospective reconstruction,pearson_r,20,0.20081409074672987,0.1255105724710922,0.19755542107023225,0.10399567392875272,0.299017894410661,0.1468090685926051,0.25470224533460173
outlier_30,outlier,Robust median smoother,retrospective reconstruction,runtime_seconds,20,0.017659840349983778,0.005238256859249331,0.01638080749989965,0.016129853000279575,0.023235475749970574,0.015408412131247313,0.019896143243776636
outlier_30,outlier,Robust median smoother,retrospective reconstruction,peak_memory_mb,20,0.0,0.0,0.0,0.0,0.0,0.0,0.0
prior_mismatch,model_mismatch,Arrival interpolation,retrospective reconstruction,rmse,20,1.4828287636452195,0.7417414953354458,1.245356674471643,0.9745926470248321,1.8887716426596437,1.1940725924920397,1.8134634859030685
prior_mismatch,model_mismatch,Arrival interpolation,retrospective reconstruction,mae,20,0.3887528298595996,0.10607592342287796,0.36936642941334696,0.2989763942789789,0.4522882154378968,0.34618302705724424,0.4353762704187916
prior_mismatch,model_mismatch,Arrival interpolation,retrospective reconstruction,r2,20,-16.25733166572777,16.948803460167476,-8.83780746717145,-21.938980991953,-5.031293679972994,-23.920649472661598,-9.762204252878945
prior_mismatch,model_mismatch,Arrival interpolation,retrospective reconstruction,pearson_r,20,0.29142254581138544,0.12944959200368694,0.2887502444754444,0.21061887067082027,0.37354997312179494,0.2358258561161903,0.34779222473123705
prior_mismatch,model_mismatch,Arrival interpolation,retrospective reconstruction,runtime_seconds,20,0.024127468449933027,0.01389191565720717,0.02006323000000515,0.016022689499777625,0.0304630562501415,0.01861952233864707,0.030499360996128027
prior_mismatch,model_mismatch,Arrival interpolation,retrospective reconstruction,peak_memory_mb,20,0.00625,0.027950849718747367,0.0,0.0,0.0,0.0,0.01875
prior_mismatch,model_mismatch,Delay backprojection,retrospective reconstruction,rmse,20,1.0586740495646965,0.48498423369526755,0.8917803486133582,0.7675438692927254,1.2987627974458142,0.8747558234086842,1.2815821497608832
prior_mismatch,model_mismatch,Delay backprojection,retrospective reconstruction,mae,20,0.3876258317055611,0.09221763867037668,0.381470969773972,0.3217971260513434,0.4419327600397243,0.3499382765939829,0.42802925722039264
prior_mismatch,model_mismatch,Delay backprojection,retrospective reconstruction,r2,20,-7.524122449049163,8.66565934716621,-4.043085763113559,-9.78998700260055,-2.746824222985544,-11.558700345287104,-4.4217271174873805
prior_mismatch,model_mismatch,Delay backprojection,retrospective reconstruction,pearson_r,20,0.37948153473704105,0.15077845681809668,0.3778657360600379,0.30487406693063224,0.4700951417734598,0.3144874109104978,0.44463541296636844
prior_mismatch,model_mismatch,Delay backprojection,retrospective reconstruction,runtime_seconds,20,0.10352360164997661,0.04109571301776026,0.09632697849997379,0.07984027599991345,0.13995095524990112,0.08623310859120006,0.12094344020126466
prior_mismatch,model_mismatch,Delay backprojection,retrospective reconstruction,peak_memory_mb,20,0.0,0.0,0.0,0.0,0.0,0.0,0.0
prior_mismatch,model_mismatch,Delay-aware state-space (internal),retrospective reconstruction,rmse,20,0.7580945255404768,0.30616885899548407,0.655012356841785,0.5731354562239652,1.011684752531051,0.6384476510617616,0.8941384892856554
prior_mismatch,model_mismatch,Delay-aware state-space (internal),retrospective reconstruction,mae,20,0.3613880461012598,0.08812380899134199,0.35215963282602375,0.3032918223081934,0.40696705215688006,0.32555607734821534,0.3988352694952319
prior_mismatch,model_mismatch,Delay-aware state-space (internal),retrospective reconstruction,r2,20,-3.209046899750567,3.685116122509743,-1.7326769597017626,-5.491856556026468,-1.0834639702449926,-4.930633039688129,-1.8645912637289033
prior_mismatch,model_mismatch,Delay-aware state-space (internal),retrospective reconstruction,pearson_r,20,0.4790757380685203,0.17239058048403086,0.4789213016163987,0.4042889270456655,0.6059217471239815,0.40092192763520007,0.5512845814690088
prior_mismatch,model_mismatch,Delay-aware state-space (internal),retrospective reconstruction,runtime_seconds,20,0.10512640125004961,0.043477292402104475,0.1004752515000291,0.08297095625005105,0.14111588799994476,0.08621073470507495,0.12304747257751154
prior_mismatch,model_mismatch,Delay-aware state-space (internal),retrospective reconstruction,peak_memory_mb,20,0.0,0.0,0.0,0.0,0.0,0.0,0.0
prior_mismatch,model_mismatch,Kalman/RTS smoother (internal),retrospective reconstruction,rmse,20,0.7297445569427878,0.27608856073357163,0.6450775975064633,0.551241298599914,0.8452736061413079,0.6221758858137277,0.8522421192574151
prior_mismatch,model_mismatch,Kalman/RTS smoother (internal),retrospective reconstruction,mae,20,0.35288230839540474,0.0816811581032559,0.3422962792748865,0.3138646225225489,0.39670301462699753,0.3183199764850408,0.3876908766361043
prior_mismatch,model_mismatch,Kalman/RTS smoother (internal),retrospective reconstruction,r2,20,-2.836062985829356,3.013586309064356,-1.6419596658982654,-3.5549556593401253,-0.9331414941655213,-4.213534957102425,-1.6922423062880891
prior_mismatch,model_mismatch,Kalman/RTS smoother (internal),retrospective reconstruction,pearson_r,20,0.4765196254857094,0.17524863616024955,0.5429160883893696,0.3695504385803097,0.5859141865412841,0.3981410753714065,0.5503368845787867
prior_mismatch,model_mismatch,Kalman/RTS smoother (internal),retrospective reconstruction,runtime_seconds,20,0.039687514749994046,0.01963969209052155,0.03903033599999615,0.025789019499825327,0.05023168649995565,0.031714590122485876,0.0483968653724764
prior_mismatch,model_mismatch,Kalman/RTS smoother (internal),retrospective reconstruction,peak_memory_mb,20,0.0,0.0,0.0,0.0,0.0,0.0,0.0
prior_mismatch,model_mismatch,No-delay ablation,retrospective reconstruction,rmse,20,0.3458634005206431,0.12730553646149606,0.27941222518485387,0.2651315426503125,0.4004888783467765,0.2954650095937333,0.40332826161875873
prior_mismatch,model_mismatch,No-delay ablation,retrospective reconstruction,mae,20,0.2481272248806797,0.04488392344891602,0.2368968048599937,0.21271825607524428,0.27617772296822846,0.22999144997482154,0.2676204418067528
prior_mismatch,model_mismatch,No-delay ablation,retrospective reconstruction,r2,20,0.1438219578779955,0.6976912200030051,0.5049328765820555,-0.018041879011639672,0.5541012085352545,-0.17251396997390298,0.41326528132832013
prior_mismatch,model_mismatch,No-delay ablation,retrospective reconstruction,pearson_r,20,0.7759702876414052,0.0924075171648017,0.8131464449420234,0.7029877006358678,0.8449848125098911,0.7347135993740714,0.8131398128200586
prior_mismatch,model_mismatch,No-delay ablation,retrospective reconstruction,runtime_seconds,20,27.02540079685009,5.130576813219673,28.266151411499777,25.168984993750655,30.37660307799979,24.72389076633758,29.08814786133273
prior_mismatch,model_mismatch,No-delay ablation,retrospective reconstruction,peak_memory_mb,20,0.0,0.0,0.0,0.0,0.0,0.0,0.0
prior_mismatch,model_mismatch,No-delay ablation,retrospective reconstruction,delay_mae,20,3.237865414760809,0.047850093825494,3.2340949068894362,3.209125096596437,3.2521622224861577,3.2183371661512807,3.2594236586674974
prior_mismatch,model_mismatch,No-robustness ablation,retrospective reconstruction,rmse,20,0.700299416287862,0.3162462814064667,0.571101526981815,0.49500572478879284,0.8019700305780361,0.5795771525452439,0.8481323146350102
prior_mismatch,model_mismatch,No-robustness ablation,retrospective reconstruction,mae,20,0.4258625708128118,0.08619573869217409,0.40851131865749807,0.3767089470417404,0.46886137222041224,0.3912683108791814,0.46385941039397854
prior_mismatch,model_mismatch,No-robustness ablation,retrospective reconstruction,r2,20,-2.712343423603744,3.7893235081075654,-1.0683358758601231,-3.0844647567619745,-0.5537963308907874,-4.506621811698353,-1.3287520870955882
prior_mismatch,model_mismatch,No-robustness ablation,retrospective reconstruction,pearson_r,20,0.5457906221723876,0.17892993771982194,0.5596409614031848,0.47547759154747493,0.6641156327735698,0.4669331843746719,0.6199011583975975
prior_mismatch,model_mismatch,No-robustness ablation,retrospective reconstruction,runtime_seconds,20,29.514914543300073,7.775991467970265,31.364469758500036,23.495807534000278,35.03670874950035,26.128304306240107,32.709801425801274
prior_mismatch,model_mismatch,No-robustness ablation,retrospective reconstruction,peak_memory_mb,20,0.0,0.0,0.0,0.0,0.0,0.0,0.0
prior_mismatch,model_mismatch,No-robustness ablation,retrospective reconstruction,delay_mae,20,2.3211876967299188,0.031557512470582874,2.315026547932147,2.3048220428793993,2.340432966416233,2.3076973807883676,2.3347689109403085
prior_mismatch,model_mismatch,Proposed revised,retrospective reconstruction,rmse,20,0.3270877445419806,0.07938453254246754,0.30987339366585553,0.27963619297110986,0.3411479193671638,0.2988520772560944,0.36396658686369415
prior_mismatch,model_mismatch,Proposed revised,retrospective reconstruction,mae,20,0.25930684974492463,0.04101627065600377,0.2554704237322843,0.22399095632888807,0.287001189493964,0.24258453535103885,0.2769127735884268
prior_mismatch,model_mismatch,Proposed revised,retrospective reconstruction,r2,20,0.2836119831917444,0.42661480623246995,0.3910944104926104,0.26178354871236353,0.5041386435135172,0.08272191839205256,0.42414985768373
prior_mismatch,model_mismatch,Proposed revised,retrospective reconstruction,pearson_r,20,0.7985058758030731,0.07092924028414549,0.8128022276912055,0.7880833707920429,0.8489718358018054,0.7667230862601608,0.8264004236280077
prior_mismatch,model_mismatch,Proposed revised,retrospective reconstruction,runtime_seconds,20,27.00154901454996,5.854930679349539,26.08122685799981,23.493770754000252,32.1713972325,24.513432268593718,29.5436641469425
prior_mismatch,model_mismatch,Proposed revised,retrospective reconstruction,peak_memory_mb,20,0.0,0.0,0.0,0.0,0.0,0.0,0.0
prior_mismatch,model_mismatch,Proposed revised,retrospective reconstruction,delay_mae,20,2.3081858446444863,0.03099293992365952,2.3075085619644784,2.28997598258357,2.318713139461669,2.2954371535528098,2.321962969062303
prior_mismatch,model_mismatch,Robust median smoother,retrospective reconstruction,rmse,20,0.8285676811485055,0.5914325889824362,0.6641969006276516,0.42636611484155457,1.0394870108659586,0.6045670672258312,1.0971548045465613
prior_mismatch,model_mismatch,Robust median smoother,retrospective reconstruction,mae,20,0.24124949254376177,0.0799892715031841,0.22275022874817604,0.1861783915049448,0.27695956333057337,0.2090639150340381,0.27729688523630436
prior_mismatch,model_mismatch,Robust median smoother,retrospective reconstruction,r2,20,-5.460608784308295,9.720972519403942,-1.7974774514642167,-5.879794099546354,-0.15397969803867215,-10.009435071547447,-2.0099357059643252
prior_mismatch,model_mismatch,Robust median smoother,retrospective reconstruction,pearson_r,20,0.4996200184459777,0.20400517670514481,0.5129992743952507,0.3469706274461032,0.6625446448364923,0.4104489158342979,0.5860699638048957
prior_mismatch,model_mismatch,Robust median smoother,retrospective reconstruction,runtime_seconds,20,0.02006689710001406,0.011733611218388644,0.01625434150014365,0.012399321750194725,0.024359737499821676,0.015341645158803164,0.025175735186188545
prior_mismatch,model_mismatch,Robust median smoother,retrospective reconstruction,peak_memory_mb,20,0.0,0.0,0.0,0.0,0.0,0.0,0.0
reference_moderate,main,Arrival interpolation,retrospective reconstruction,rmse,20,1.3581710243296734,0.5582138311116444,1.202196413060226,0.9281167116587039,1.726180358437577,1.1306903672875475,1.595255150337695
reference_moderate,main,Arrival interpolation,retrospective reconstruction,mae,20,0.345741309903686,0.08888185049430904,0.30994601441403913,0.2783729429253739,0.41534708434567646,0.3097954366375617,0.3854250627606587
reference_moderate,main,Arrival interpolation,retrospective reconstruction,r2,20,-12.574341182841653,10.83011302339152,-8.17382397107302,-17.998032687152012,-4.463204574775862,-17.25800717693038,-8.303080131232683
reference_moderate,main,Arrival interpolation,retrospective reconstruction,pearson_r,20,0.30894252614645556,0.12635308498048953,0.3020590102097799,0.2199886905759466,0.3772833215499075,0.2550699966387512,0.36236545569837214
reference_moderate,main,Arrival interpolation,retrospective reconstruction,runtime_seconds,20,0.022883708100016463,0.010684505549853975,0.022315283000125398,0.016127937750070424,0.028143447249703926,0.018429933581228915,0.02746656242882801
reference_moderate,main,Arrival interpolation,retrospective reconstruction,peak_memory_mb,20,0.0,0.0,0.0,0.0,0.0,0.0,0.0
reference_moderate,main,Delay backprojection,retrospective reconstruction,rmse,20,1.019878768609058,0.45384071754542393,0.8283505209965611,0.6946062675766234,1.1667110712042947,0.8411963410955758,1.2186902157096515
reference_moderate,main,Delay backprojection,retrospective reconstruction,mae,20,0.3663637537403569,0.09123777614151604,0.35981818517656605,0.3034168475256883,0.41821009166464396,0.32940349661766977,0.4075526532187235
reference_moderate,main,Delay backprojection,retrospective reconstruction,r2,20,-6.836642576289792,7.145598735362825,-3.3513507614298836,-7.7659201605205475,-2.059513628742814,-10.010027523163524,-4.071287384523593
reference_moderate,main,Delay backprojection,retrospective reconstruction,pearson_r,20,0.4027203770903333,0.15208519703503603,0.39771747999625623,0.3032619508690086,0.4970297256502794,0.33553726443365733,0.46617495743362997
reference_moderate,main,Delay backprojection,retrospective reconstruction,runtime_seconds,20,0.10590649285004472,0.03937299142600011,0.099434578499995,0.08086096199997425,0.14118645499991084,0.08874988193386682,0.12295855061752033
reference_moderate,main,Delay backprojection,retrospective reconstruction,peak_memory_mb,20,0.0,0.0,0.0,0.0,0.0,0.0,0.0
reference_moderate,main,Delay-aware state-space (internal),retrospective reconstruction,rmse,20,0.726829018887399,0.29794559324450265,0.5936406387966316,0.5485933201890821,0.8502259149942449,0.6078608150208522,0.8577850705657767
reference_moderate,main,Delay-aware state-space (internal),retrospective reconstruction,mae,20,0.346505006775841,0.08731530104396908,0.33576859968190964,0.28153719991634596,0.40277948536450864,0.31110272611410844,0.38514118902124916
reference_moderate,main,Delay-aware state-space (internal),retrospective reconstruction,r2,20,-2.8847169747700114,3.2681248600688706,-1.2348388244241404,-3.6750836212394624,-0.9085069480154412,-4.340432303854237,-1.5995426588403558
reference_moderate,main,Delay-aware state-space (internal),retrospective reconstruction,pearson_r,20,0.5073581765987576,0.1725231501315859,0.5156417360472754,0.42629513731807994,0.63166169150808,0.4306305384181102,0.578174097458308
reference_moderate,main,Delay-aware state-space (internal),retrospective reconstruction,runtime_seconds,20,0.10192401634997164,0.038544658843510105,0.0994456579999223,0.08004080925013565,0.1351687884999819,0.08571676047378954,0.1181821038574122
reference_moderate,main,Delay-aware state-space (internal),retrospective reconstruction,peak_memory_mb,20,0.00625,0.027950849718747367,0.0,0.0,0.0,0.0,0.01875
reference_moderate,main,Kalman/RTS smoother (internal),retrospective reconstruction,rmse,20,0.6869841304199389,0.24216939903700319,0.6393032514096894,0.5236511033150262,0.8223768426961311,0.5876385745859489,0.7900255955066222
reference_moderate,main,Kalman/RTS smoother (internal),retrospective reconstruction,mae,20,0.3402192664423092,0.08015449875941444,0.33699823461915257,0.2924444989453693,0.3942204335080007,0.30673052956863184,0.3742975246418005
reference_moderate,main,Kalman/RTS smoother (internal),retrospective reconstruction,r2,20,-2.346014362404777,2.3277802479490393,-1.591734194432519,-3.2888291202356896,-0.7391440072353573,-3.372782142787785,-1.4201731714295287
reference_moderate,main,Kalman/RTS smoother (internal),retrospective reconstruction,pearson_r,20,0.5113731188284965,0.18156310735380782,0.5735917454000337,0.4098762902703236,0.6260413702273405,0.4297140401658334,0.5850400453372919
reference_moderate,main,Kalman/RTS smoother (internal),retrospective reconstruction,runtime_seconds,20,0.041394842049976385,0.017665699383066454,0.04100685399998835,0.026730880500167576,0.05554502524978485,0.03376872378375078,0.048927311999988725
reference_moderate,main,Kalman/RTS smoother (internal),retrospective reconstruction,peak_memory_mb,20,0.0,0.0,0.0,0.0,0.0,0.0,0.0
reference_moderate,main,No-delay ablation,retrospective reconstruction,rmse,20,0.30071261342317024,0.05059503314009534,0.2901101566226143,0.2669652863249879,0.31406608955856796,0.28060426126845944,0.3224780609344968
reference_moderate,main,No-delay ablation,retrospective reconstruction,mae,20,0.2441639800598164,0.03278900335558754,0.23799576184096166,0.21787853256236123,0.26639464587120193,0.23068193193037753,0.2579323453303294
reference_moderate,main,No-delay ablation,retrospective reconstruction,r2,20,0.4111546129081285,0.2091150026953892,0.46623111854532856,0.37449401489527345,0.5480572134620655,0.31974287978462235,0.4930169777267598
reference_moderate,main,No-delay ablation,retrospective reconstruction,pearson_r,20,0.8186267672899424,0.05998583128940845,0.8363635104053868,0.80095669243699,0.8511554496851589,0.7901048245632705,0.8409916437406215
reference_moderate,main,No-delay ablation,retrospective reconstruction,runtime_seconds,20,27.144803487350053,5.847837647940274,29.063534907999838,25.385777029249994,31.542777209499945,24.461376267342523,29.48983609777622
reference_moderate,main,No-delay ablation,retrospective reconstruction,peak_memory_mb,20,0.0,0.0,0.0,0.0,0.0,0.0,0.0
reference_moderate,main,No-delay ablation,retrospective reconstruction,delay_mae,20,1.5809889145393041,0.032995588784501734,1.5770180650800492,1.557491404390373,1.5952126676387834,1.5676306919283745,1.595930156751818
reference_moderate,main,No-robustness ablation,retrospective reconstruction,rmse,20,0.6869558168774578,0.3115488795921858,0.5592226022560713,0.49754577859359506,0.7150558920940739,0.5681423739789727,0.8315393289942538
reference_moderate,main,No-robustness ablation,retrospective reconstruction,mae,20,0.4282680848985606,0.0866114981803767,0.41394706590273966,0.37720364558029745,0.46925716097035064,0.39433784110688264,0.4668143560911365
reference_moderate,main,No-robustness ablation,retrospective reconstruction,r2,20,-2.5771959397450264,3.626428868033179,-0.9831052833500521,-2.2890182279391227,-0.5697864365047774,-4.2740181360341944,-1.215148259134191
reference_moderate,main,No-robustness ablation,retrospective reconstruction,pearson_r,20,0.5689510031749143,0.17402473210366315,0.5754800701496177,0.45979517427292715,0.6856852772583897,0.4896324205925376,0.6378611184350123
reference_moderate,main,No-robustness ablation,retrospective reconstruction,runtime_seconds,20,27.329432060850014,6.516201541597786,28.853346043500096,21.744615131999808,29.87120436999976,24.525416887468815,30.121494462058646
reference_moderate,main,No-robustness ablation,retrospective reconstruction,peak_memory_mb,20,0.00625,0.027950849718747367,0.0,0.0,0.0,0.0,0.01875
reference_moderate,main,No-robustness ablation,retrospective reconstruction,delay_mae,20,1.3386379260913923,0.02365843811376755,1.3347149591054308,1.3218110494778545,1.3570727730396812,1.3289352024220835,1.349078596267808
reference_moderate,main,Proposed revised,retrospective reconstruction,rmse,20,0.31965463187992094,0.0514800376708633,0.31448286554840554,0.2818386888541786,0.3397689298349069,0.2988768305359762,0.3424113462884605
reference_moderate,main,Proposed revised,retrospective reconstruction,mae,20,0.2614991250093132,0.03587107288456249,0.2657978222270395,0.23353515764608795,0.29010054491612014,0.24638597713614319,0.27651152252500116
reference_moderate,main,Proposed revised,retrospective reconstruction,r2,20,0.3360946736290683,0.22453481212081283,0.37284570957086427,0.26786456739940223,0.49629599786368844,0.2343288931258766,0.4238422008450447
reference_moderate,main,Proposed revised,retrospective reconstruction,pearson_r,20,0.8182481343515835,0.06746153933863915,0.834717338689618,0.804618278697178,0.86502990340908,0.7860844443332897,0.843171688289923
reference_moderate,main,Proposed revised,retrospective reconstruction,runtime_seconds,20,25.966984362249946,6.279238607423279,28.758157344999972,20.333415723250027,29.906358636499927,23.202039690723687,28.599179069051143
reference_moderate,main,Proposed revised,retrospective reconstruction,peak_memory_mb,20,0.01875,0.06117006061619911,0.0,0.0,0.0,0.0,0.05
reference_moderate,main,Proposed revised,retrospective reconstruction,delay_mae,20,1.3235377187373196,0.019571589168608287,1.3235137213698254,1.3116094471346176,1.3278946790600668,1.3156240334842866,1.3324722896184669
reference_moderate,main,Robust median smoother,retrospective reconstruction,rmse,20,0.6664715607763589,0.454468741851983,0.4941338857469623,0.3514532887270123,0.8086405069430889,0.487242738760623,0.8646065469148098
reference_moderate,main,Robust median smoother,retrospective reconstruction,mae,20,0.19671337446778958,0.06573068714747862,0.18041242171889466,0.15043973694183246,0.23888689420659964,0.16972593439601272,0.22627234757060521
reference_moderate,main,Robust median smoother,retrospective reconstruction,r2,20,-3.060912020820561,5.713394048063386,-0.557413630767792,-3.297796561406377,0.21589565934883598,-5.692213407545918,-0.9773326145538472
reference_moderate,main,Robust median smoother,retrospective reconstruction,pearson_r,20,0.5716077633076914,0.2181694045712085,0.6157529747947332,0.40189014742704676,0.7658718789489004,0.4756839744614743,0.6622772989937181
reference_moderate,main,Robust median smoother,retrospective reconstruction,runtime_seconds,20,0.01998622274995791,0.011656163851000904,0.01633564250005285,0.013290927499724525,0.021580189749897675,0.015239653896176661,0.02539215532369037
reference_moderate,main,Robust median smoother,retrospective reconstruction,peak_memory_mb,20,0.0125,0.055901699437494734,0.0,0.0,0.0,0.0,0.0375
