scenario,family,seed,template_sha256,n_generated,n_received,n_dropped,n_right_censored,n_outliers_received,realized_drop_fraction,realized_received_fraction,realized_outlier_fraction_among_received,mean_delay_all_generated,mean_delay_received,rows_participating_in_same_node_same_arrival_collisions,generation_delay_pmf_base,inference_delay_pmf_base,nested_sweep_note
delay_light,delay,1101,2e8117db1393df6831c964d71d489524306437a4c54ee940130721f74a98442a,2190,2007,181,2,128,0.08264840182648402,0.9164383561643835,0.0637767812655705,0.7356164383561644,0.7419033383158944,956,"[0.55, 0.25, 0.12, 0.06, 0.02]","[0.55, 0.25, 0.12, 0.06, 0.02]","Delay, drop, outlier-selection, and outlier-magnitude random templates are fixed per seed and reused across scenarios."
delay_light,delay,1102,80c9d01b0b5023a8c2af5d859428382856dba75dde186c03fdb91321297f2b6e,2190,1990,194,6,119,0.08858447488584476,0.908675799086758,0.05979899497487437,0.7401826484018265,0.7301507537688442,923,"[0.55, 0.25, 0.12, 0.06, 0.02]","[0.55, 0.25, 0.12, 0.06, 0.02]","Delay, drop, outlier-selection, and outlier-magnitude random templates are fixed per seed and reused across scenarios."
delay_light,delay,1103,75feb8e197518406b5e49ff6c1070671d8396c7767397a19a17a185f026f1ad6,2190,2015,172,3,107,0.07853881278538813,0.9200913242009132,0.05310173697270471,0.7114155251141553,0.7032258064516129,935,"[0.55, 0.25, 0.12, 0.06, 0.02]","[0.55, 0.25, 0.12, 0.06, 0.02]","Delay, drop, outlier-selection, and outlier-magnitude random templates are fixed per seed and reused across scenarios."
delay_light,delay,1104,6eb207398730e7f12c1c56f0c0dd1420efec85fa85f8f7740206c93ba401f8ee,2190,2001,186,3,118,0.08493150684931507,0.9136986301369863,0.05897051474262868,0.7036529680365297,0.7031484257871065,950,"[0.55, 0.25, 0.12, 0.06, 0.02]","[0.55, 0.25, 0.12, 0.06, 0.02]","Delay, drop, outlier-selection, and outlier-magnitude random templates are fixed per seed and reused across scenarios."
delay_light,delay,1105,3962aefa08f28d16f3d315e14869049bcd8feec1ce9e4f953c3316cdcca34491,2190,1976,212,2,108,0.09680365296803653,0.902283105022831,0.05465587044534413,0.7178082191780822,0.7277327935222672,906,"[0.55, 0.25, 0.12, 0.06, 0.02]","[0.55, 0.25, 0.12, 0.06, 0.02]","Delay, drop, outlier-selection, and outlier-magnitude random templates are fixed per seed and reused across scenarios."
delay_light,delay,1106,bd1969f6e07b6c4605669c335b3fc1c703e31979f4c84cf53b7c70ea1a3770b7,2190,1997,191,2,99,0.08721461187214612,0.9118721461187215,0.04957436154231347,0.7100456621004566,0.7060590886329494,945,"[0.55, 0.25, 0.12, 0.06, 0.02]","[0.55, 0.25, 0.12, 0.06, 0.02]","Delay, drop, outlier-selection, and outlier-magnitude random templates are fixed per seed and reused across scenarios."
delay_light,delay,1107,38e98ed3c0b17fdf2082f46d30b2444756eb4598c92e0cd935a238ba0fa990dd,2190,1984,203,3,87,0.09269406392694064,0.9059360730593607,0.043850806451612906,0.7118721461187215,0.7096774193548387,930,"[0.55, 0.25, 0.12, 0.06, 0.02]","[0.55, 0.25, 0.12, 0.06, 0.02]","Delay, drop, outlier-selection, and outlier-magnitude random templates are fixed per seed and reused across scenarios."
delay_light,delay,1108,ebcb9a8958189fbfabe12e828acb8708cd12f4dfd7f069eedbb6342058415360,2190,1989,201,0,105,0.09178082191780822,0.9082191780821918,0.05279034690799397,0.6986301369863014,0.7078934137757668,939,"[0.55, 0.25, 0.12, 0.06, 0.02]","[0.55, 0.25, 0.12, 0.06, 0.02]","Delay, drop, outlier-selection, and outlier-magnitude random templates are fixed per seed and reused across scenarios."
delay_light,delay,1109,ff17f061492210790111ed697b1402de0cdc6b6567277a1a793371740011ad05,2190,2010,178,2,99,0.08127853881278539,0.9178082191780822,0.049253731343283584,0.7077625570776256,0.7054726368159204,930,"[0.55, 0.25, 0.12, 0.06, 0.02]","[0.55, 0.25, 0.12, 0.06, 0.02]","Delay, drop, outlier-selection, and outlier-magnitude random templates are fixed per seed and reused across scenarios."
delay_light,delay,1110,5194b17f87ee954f16c15cce66493ca7adb1213ff4b88fdecca2c70afd2af438,2190,2009,176,5,86,0.08036529680365297,0.917351598173516,0.0428073668491787,0.7255707762557078,0.7137879542060727,941,"[0.55, 0.25, 0.12, 0.06, 0.02]","[0.55, 0.25, 0.12, 0.06, 0.02]","Delay, drop, outlier-selection, and outlier-magnitude random templates are fixed per seed and reused across scenarios."
delay_light,delay,1111,896f484fceb83300fe5cd4e1040a57af1e143a2774ca2c3f540672953d0449c4,2190,2004,181,5,96,0.08264840182648402,0.915068493150685,0.04790419161676647,0.7515981735159817,0.7604790419161677,968,"[0.55, 0.25, 0.12, 0.06, 0.02]","[0.55, 0.25, 0.12, 0.06, 0.02]","Delay, drop, outlier-selection, and outlier-magnitude random templates are fixed per seed and reused across scenarios."
delay_light,delay,1112,b9c1dd5bccc066658412d0902bbe86b9604b57b83f2405e7f0c0714d6fea4bd3,2190,1980,205,5,97,0.09360730593607305,0.9041095890410958,0.04898989898989899,0.7059360730593607,0.7151515151515152,923,"[0.55, 0.25, 0.12, 0.06, 0.02]","[0.55, 0.25, 0.12, 0.06, 0.02]","Delay, drop, outlier-selection, and outlier-magnitude random templates are fixed per seed and reused across scenarios."
delay_light,delay,1113,36504c0b89505b6da26f9e6e498f4d3cc8bba63d3f773ac12e8db4b5e691a99a,2190,1983,202,5,105,0.09223744292237443,0.9054794520547945,0.0529500756429652,0.684931506849315,0.6787695410993444,927,"[0.55, 0.25, 0.12, 0.06, 0.02]","[0.55, 0.25, 0.12, 0.06, 0.02]","Delay, drop, outlier-selection, and outlier-magnitude random templates are fixed per seed and reused across scenarios."
delay_light,delay,1114,fbbacd6016490327df227046affd0969bea999fe2d013212fd1ff8ad54835b83,2190,1987,199,4,102,0.0908675799086758,0.9073059360730593,0.051333668847508805,0.6972602739726027,0.704579768495219,906,"[0.55, 0.25, 0.12, 0.06, 0.02]","[0.55, 0.25, 0.12, 0.06, 0.02]","Delay, drop, outlier-selection, and outlier-magnitude random templates are fixed per seed and reused across scenarios."
delay_light,delay,1115,03443e80b8bbc0da2af0e609c3ae5a14e97ac9ace4ba2b017122e04631afbc60,2190,1988,197,5,98,0.08995433789954338,0.9077625570776255,0.04929577464788732,0.7077625570776256,0.7022132796780685,891,"[0.55, 0.25, 0.12, 0.06, 0.02]","[0.55, 0.25, 0.12, 0.06, 0.02]","Delay, drop, outlier-selection, and outlier-magnitude random templates are fixed per seed and reused across scenarios."
delay_light,delay,1116,020246766f1ca579e6060759653f8dabc08bf2e5cfb7ae3a6d3e8636134f540a,2190,1997,189,4,102,0.0863013698630137,0.9118721461187215,0.05107661492238358,0.7123287671232876,0.7030545818728092,899,"[0.55, 0.25, 0.12, 0.06, 0.02]","[0.55, 0.25, 0.12, 0.06, 0.02]","Delay, drop, outlier-selection, and outlier-magnitude random templates are fixed per seed and reused across scenarios."
delay_light,delay,1117,79d5ea0a45d917e192e9499562f9dea4928533002e33319bcfce620322ad37f7,2190,1974,211,5,102,0.09634703196347032,0.9013698630136986,0.05167173252279635,0.7401826484018265,0.7406281661600811,907,"[0.55, 0.25, 0.12, 0.06, 0.02]","[0.55, 0.25, 0.12, 0.06, 0.02]","Delay, drop, outlier-selection, and outlier-magnitude random templates are fixed per seed and reused across scenarios."
delay_light,delay,1118,fc97c660d562ab49c76915d97f8f1db3b5fa8ff6392b723374995d83a1dd96e9,2190,2009,178,3,85,0.08127853881278539,0.917351598173516,0.042309606769537086,0.7187214611872146,0.7247386759581882,960,"[0.55, 0.25, 0.12, 0.06, 0.02]","[0.55, 0.25, 0.12, 0.06, 0.02]","Delay, drop, outlier-selection, and outlier-magnitude random templates are fixed per seed and reused across scenarios."
delay_light,delay,1119,d70ea405ece480bfb66281af689c8bbd66e62eb4653998d4071d6211128dac60,2190,1972,212,6,98,0.09680365296803653,0.9004566210045662,0.04969574036511156,0.7502283105022831,0.7454361054766734,926,"[0.55, 0.25, 0.12, 0.06, 0.02]","[0.55, 0.25, 0.12, 0.06, 0.02]","Delay, drop, outlier-selection, and outlier-magnitude random templates are fixed per seed and reused across scenarios."
delay_light,delay,1120,485d2bee29d5f6714393769b129bdd233476a826d56c64333934f2966c26326f,2190,1974,210,6,79,0.0958904109589041,0.9013698630136986,0.04002026342451875,0.7269406392694064,0.7249240121580547,920,"[0.55, 0.25, 0.12, 0.06, 0.02]","[0.55, 0.25, 0.12, 0.06, 0.02]","Delay, drop, outlier-selection, and outlier-magnitude random templates are fixed per seed and reused across scenarios."
delay_moderate,delay,1101,2e8117db1393df6831c964d71d489524306437a4c54ee940130721f74a98442a,2190,2004,181,5,128,0.08264840182648402,0.915068493150685,0.06387225548902195,1.6264840182648401,1.6397205588822354,1105,"[0.3, 0.25, 0.18, 0.12, 0.08, 0.05, 0.02]","[0.3, 0.25, 0.18, 0.12, 0.08, 0.05, 0.02]","Delay, drop, outlier-selection, and outlier-magnitude random templates are fixed per seed and reused across scenarios."
delay_moderate,delay,1102,80c9d01b0b5023a8c2af5d859428382856dba75dde186c03fdb91321297f2b6e,2190,1987,194,9,118,0.08858447488584476,0.9073059360730593,0.059386009058882736,1.6333333333333333,1.6134876698540512,1035,"[0.3, 0.25, 0.18, 0.12, 0.08, 0.05, 0.02]","[0.3, 0.25, 0.18, 0.12, 0.08, 0.05, 0.02]","Delay, drop, outlier-selection, and outlier-magnitude random templates are fixed per seed and reused across scenarios."
delay_moderate,delay,1103,75feb8e197518406b5e49ff6c1070671d8396c7767397a19a17a185f026f1ad6,2190,2009,172,9,107,0.07853881278538813,0.917351598173516,0.053260328521652564,1.5547945205479452,1.5331010452961673,1090,"[0.3, 0.25, 0.18, 0.12, 0.08, 0.05, 0.02]","[0.3, 0.25, 0.18, 0.12, 0.08, 0.05, 0.02]","Delay, drop, outlier-selection, and outlier-magnitude random templates are fixed per seed and reused across scenarios."
delay_moderate,delay,1104,6eb207398730e7f12c1c56f0c0dd1420efec85fa85f8f7740206c93ba401f8ee,2190,1995,186,9,118,0.08493150684931507,0.910958904109589,0.05914786967418546,1.5570776255707763,1.5578947368421052,1027,"[0.3, 0.25, 0.18, 0.12, 0.08, 0.05, 0.02]","[0.3, 0.25, 0.18, 0.12, 0.08, 0.05, 0.02]","Delay, drop, outlier-selection, and outlier-magnitude random templates are fixed per seed and reused across scenarios."
delay_moderate,delay,1105,3962aefa08f28d16f3d315e14869049bcd8feec1ce9e4f953c3316cdcca34491,2190,1969,212,9,106,0.09680365296803653,0.8990867579908676,0.05383443372270188,1.5771689497716894,1.585576434738446,1069,"[0.3, 0.25, 0.18, 0.12, 0.08, 0.05, 0.02]","[0.3, 0.25, 0.18, 0.12, 0.08, 0.05, 0.02]","Delay, drop, outlier-selection, and outlier-magnitude random templates are fixed per seed and reused across scenarios."
delay_moderate,delay,1106,bd1969f6e07b6c4605669c335b3fc1c703e31979f4c84cf53b7c70ea1a3770b7,2190,1990,191,9,98,0.08721461187214612,0.908675799086758,0.04924623115577889,1.5621004566210046,1.5527638190954773,1054,"[0.3, 0.25, 0.18, 0.12, 0.08, 0.05, 0.02]","[0.3, 0.25, 0.18, 0.12, 0.08, 0.05, 0.02]","Delay, drop, outlier-selection, and outlier-magnitude random templates are fixed per seed and reused across scenarios."
delay_moderate,delay,1107,38e98ed3c0b17fdf2082f46d30b2444756eb4598c92e0cd935a238ba0fa990dd,2190,1978,203,9,87,0.09269406392694064,0.9031963470319635,0.04398382204246714,1.5744292237442923,1.5626895854398382,1067,"[0.3, 0.25, 0.18, 0.12, 0.08, 0.05, 0.02]","[0.3, 0.25, 0.18, 0.12, 0.08, 0.05, 0.02]","Delay, drop, outlier-selection, and outlier-magnitude random templates are fixed per seed and reused across scenarios."
delay_moderate,delay,1108,ebcb9a8958189fbfabe12e828acb8708cd12f4dfd7f069eedbb6342058415360,2190,1987,201,2,105,0.09178082191780822,0.9073059360730593,0.05284348263714142,1.5625570776255708,1.5787619526925012,1049,"[0.3, 0.25, 0.18, 0.12, 0.08, 0.05, 0.02]","[0.3, 0.25, 0.18, 0.12, 0.08, 0.05, 0.02]","Delay, drop, outlier-selection, and outlier-magnitude random templates are fixed per seed and reused across scenarios."
delay_moderate,delay,1109,ff17f061492210790111ed697b1402de0cdc6b6567277a1a793371740011ad05,2190,2006,178,6,99,0.08127853881278539,0.9159817351598174,0.04935194416749751,1.5789954337899543,1.5752741774675971,1094,"[0.3, 0.25, 0.18, 0.12, 0.08, 0.05, 0.02]","[0.3, 0.25, 0.18, 0.12, 0.08, 0.05, 0.02]","Delay, drop, outlier-selection, and outlier-magnitude random templates are fixed per seed and reused across scenarios."
delay_moderate,delay,1110,5194b17f87ee954f16c15cce66493ca7adb1213ff4b88fdecca2c70afd2af438,2190,2006,176,8,85,0.08036529680365297,0.9159817351598174,0.0423728813559322,1.6105022831050229,1.5912263210368893,1067,"[0.3, 0.25, 0.18, 0.12, 0.08, 0.05, 0.02]","[0.3, 0.25, 0.18, 0.12, 0.08, 0.05, 0.02]","Delay, drop, outlier-selection, and outlier-magnitude random templates are fixed per seed and reused across scenarios."
delay_moderate,delay,1111,896f484fceb83300fe5cd4e1040a57af1e143a2774ca2c3f540672953d0449c4,2190,1998,181,11,96,0.08264840182648402,0.9123287671232877,0.04804804804804805,1.6474885844748859,1.6546546546546546,1096,"[0.3, 0.25, 0.18, 0.12, 0.08, 0.05, 0.02]","[0.3, 0.25, 0.18, 0.12, 0.08, 0.05, 0.02]","Delay, drop, outlier-selection, and outlier-magnitude random templates are fixed per seed and reused across scenarios."
delay_moderate,delay,1112,b9c1dd5bccc066658412d0902bbe86b9604b57b83f2405e7f0c0714d6fea4bd3,2190,1975,205,10,97,0.09360730593607305,0.9018264840182648,0.04911392405063291,1.5689497716894978,1.5812658227848102,1033,"[0.3, 0.25, 0.18, 0.12, 0.08, 0.05, 0.02]","[0.3, 0.25, 0.18, 0.12, 0.08, 0.05, 0.02]","Delay, drop, outlier-selection, and outlier-magnitude random templates are fixed per seed and reused across scenarios."
delay_moderate,delay,1113,36504c0b89505b6da26f9e6e498f4d3cc8bba63d3f773ac12e8db4b5e691a99a,2190,1981,202,7,105,0.09223744292237443,0.9045662100456621,0.053003533568904596,1.5442922374429224,1.536092882382635,1059,"[0.3, 0.25, 0.18, 0.12, 0.08, 0.05, 0.02]","[0.3, 0.25, 0.18, 0.12, 0.08, 0.05, 0.02]","Delay, drop, outlier-selection, and outlier-magnitude random templates are fixed per seed and reused across scenarios."
delay_moderate,delay,1114,fbbacd6016490327df227046affd0969bea999fe2d013212fd1ff8ad54835b83,2190,1984,199,7,101,0.0908675799086758,0.9059360730593607,0.05090725806451613,1.5584474885844748,1.5630040322580645,1089,"[0.3, 0.25, 0.18, 0.12, 0.08, 0.05, 0.02]","[0.3, 0.25, 0.18, 0.12, 0.08, 0.05, 0.02]","Delay, drop, outlier-selection, and outlier-magnitude random templates are fixed per seed and reused across scenarios."
delay_moderate,delay,1115,03443e80b8bbc0da2af0e609c3ae5a14e97ac9ace4ba2b017122e04631afbc60,2190,1984,197,9,98,0.08995433789954338,0.9059360730593607,0.04939516129032258,1.5684931506849316,1.5504032258064515,1036,"[0.3, 0.25, 0.18, 0.12, 0.08, 0.05, 0.02]","[0.3, 0.25, 0.18, 0.12, 0.08, 0.05, 0.02]","Delay, drop, outlier-selection, and outlier-magnitude random templates are fixed per seed and reused across scenarios."
delay_moderate,delay,1116,020246766f1ca579e6060759653f8dabc08bf2e5cfb7ae3a6d3e8636134f540a,2190,1990,189,11,102,0.0863013698630137,0.908675799086758,0.05125628140703518,1.575799086757991,1.5562814070351758,1119,"[0.3, 0.25, 0.18, 0.12, 0.08, 0.05, 0.02]","[0.3, 0.25, 0.18, 0.12, 0.08, 0.05, 0.02]","Delay, drop, outlier-selection, and outlier-magnitude random templates are fixed per seed and reused across scenarios."
delay_moderate,delay,1117,79d5ea0a45d917e192e9499562f9dea4928533002e33319bcfce620322ad37f7,2190,1971,211,8,101,0.09634703196347032,0.9,0.05124302384576357,1.6073059360730593,1.6027397260273972,1031,"[0.3, 0.25, 0.18, 0.12, 0.08, 0.05, 0.02]","[0.3, 0.25, 0.18, 0.12, 0.08, 0.05, 0.02]","Delay, drop, outlier-selection, and outlier-magnitude random templates are fixed per seed and reused across scenarios."
delay_moderate,delay,1118,fc97c660d562ab49c76915d97f8f1db3b5fa8ff6392b723374995d83a1dd96e9,2190,2001,178,11,85,0.08127853881278539,0.9136986301369863,0.04247876061969016,1.5835616438356164,1.592703648175912,1104,"[0.3, 0.25, 0.18, 0.12, 0.08, 0.05, 0.02]","[0.3, 0.25, 0.18, 0.12, 0.08, 0.05, 0.02]","Delay, drop, outlier-selection, and outlier-magnitude random templates are fixed per seed and reused across scenarios."
delay_moderate,delay,1119,d70ea405ece480bfb66281af689c8bbd66e62eb4653998d4071d6211128dac60,2190,1971,212,7,98,0.09680365296803653,0.9,0.04972095383054287,1.6296803652968037,1.6250634195839675,1097,"[0.3, 0.25, 0.18, 0.12, 0.08, 0.05, 0.02]","[0.3, 0.25, 0.18, 0.12, 0.08, 0.05, 0.02]","Delay, drop, outlier-selection, and outlier-magnitude random templates are fixed per seed and reused across scenarios."
delay_moderate,delay,1120,485d2bee29d5f6714393769b129bdd233476a826d56c64333934f2966c26326f,2190,1968,210,12,78,0.0958904109589041,0.8986301369863013,0.039634146341463415,1.5744292237442923,1.5670731707317074,1064,"[0.3, 0.25, 0.18, 0.12, 0.08, 0.05, 0.02]","[0.3, 0.25, 0.18, 0.12, 0.08, 0.05, 0.02]","Delay, drop, outlier-selection, and outlier-magnitude random templates are fixed per seed and reused across scenarios."
delay_severe,delay,1101,2e8117db1393df6831c964d71d489524306437a4c54ee940130721f74a98442a,2190,1994,181,15,128,0.08264840182648402,0.9105022831050228,0.0641925777331996,3.0319634703196345,3.043630892678034,1171,"[0.14, 0.15, 0.16, 0.15, 0.13, 0.1, 0.08, 0.05, 0.04]","[0.14, 0.15, 0.16, 0.15, 0.13, 0.1, 0.08, 0.05, 0.04]","Delay, drop, outlier-selection, and outlier-magnitude random templates are fixed per seed and reused across scenarios."
delay_severe,delay,1102,80c9d01b0b5023a8c2af5d859428382856dba75dde186c03fdb91321297f2b6e,2190,1980,194,16,117,0.08858447488584476,0.9041095890410958,0.05909090909090909,3.036529680365297,3.0095959595959596,1105,"[0.14, 0.15, 0.16, 0.15, 0.13, 0.1, 0.08, 0.05, 0.04]","[0.14, 0.15, 0.16, 0.15, 0.13, 0.1, 0.08, 0.05, 0.04]","Delay, drop, outlier-selection, and outlier-magnitude random templates are fixed per seed and reused across scenarios."
delay_severe,delay,1103,75feb8e197518406b5e49ff6c1070671d8396c7767397a19a17a185f026f1ad6,2190,2001,172,17,107,0.07853881278538813,0.9136986301369863,0.05347326336831584,2.912785388127854,2.867566216891554,1134,"[0.14, 0.15, 0.16, 0.15, 0.13, 0.1, 0.08, 0.05, 0.04]","[0.14, 0.15, 0.16, 0.15, 0.13, 0.1, 0.08, 0.05, 0.04]","Delay, drop, outlier-selection, and outlier-magnitude random templates are fixed per seed and reused across scenarios."
delay_severe,delay,1104,6eb207398730e7f12c1c56f0c0dd1420efec85fa85f8f7740206c93ba401f8ee,2190,1988,186,16,118,0.08493150684931507,0.9077625570776255,0.059356136820925554,2.908219178082192,2.9049295774647885,1110,"[0.14, 0.15, 0.16, 0.15, 0.13, 0.1, 0.08, 0.05, 0.04]","[0.14, 0.15, 0.16, 0.15, 0.13, 0.1, 0.08, 0.05, 0.04]","Delay, drop, outlier-selection, and outlier-magnitude random templates are fixed per seed and reused across scenarios."
delay_severe,delay,1105,3962aefa08f28d16f3d315e14869049bcd8feec1ce9e4f953c3316cdcca34491,2190,1963,212,15,106,0.09680365296803653,0.8963470319634703,0.05399898115129903,2.933333333333333,2.9373408048904737,1077,"[0.14, 0.15, 0.16, 0.15, 0.13, 0.1, 0.08, 0.05, 0.04]","[0.14, 0.15, 0.16, 0.15, 0.13, 0.1, 0.08, 0.05, 0.04]","Delay, drop, outlier-selection, and outlier-magnitude random templates are fixed per seed and reused across scenarios."
delay_severe,delay,1106,bd1969f6e07b6c4605669c335b3fc1c703e31979f4c84cf53b7c70ea1a3770b7,2190,1988,191,11,98,0.08721461187214612,0.9077625570776255,0.04929577464788732,2.9136986301369863,2.8998993963782698,1086,"[0.14, 0.15, 0.16, 0.15, 0.13, 0.1, 0.08, 0.05, 0.04]","[0.14, 0.15, 0.16, 0.15, 0.13, 0.1, 0.08, 0.05, 0.04]","Delay, drop, outlier-selection, and outlier-magnitude random templates are fixed per seed and reused across scenarios."
delay_severe,delay,1107,38e98ed3c0b17fdf2082f46d30b2444756eb4598c92e0cd935a238ba0fa990dd,2190,1970,203,17,87,0.09269406392694064,0.8995433789954338,0.04416243654822335,2.9273972602739726,2.900507614213198,1106,"[0.14, 0.15, 0.16, 0.15, 0.13, 0.1, 0.08, 0.05, 0.04]","[0.14, 0.15, 0.16, 0.15, 0.13, 0.1, 0.08, 0.05, 0.04]","Delay, drop, outlier-selection, and outlier-magnitude random templates are fixed per seed and reused across scenarios."
delay_severe,delay,1108,ebcb9a8958189fbfabe12e828acb8708cd12f4dfd7f069eedbb6342058415360,2190,1976,201,13,105,0.09178082191780822,0.902283105022831,0.05313765182186235,2.9159817351598174,2.932186234817814,1099,"[0.14, 0.15, 0.16, 0.15, 0.13, 0.1, 0.08, 0.05, 0.04]","[0.14, 0.15, 0.16, 0.15, 0.13, 0.1, 0.08, 0.05, 0.04]","Delay, drop, outlier-selection, and outlier-magnitude random templates are fixed per seed and reused across scenarios."
delay_severe,delay,1109,ff17f061492210790111ed697b1402de0cdc6b6567277a1a793371740011ad05,2190,2001,178,11,98,0.08127853881278539,0.9136986301369863,0.04897551224387806,2.9337899543378994,2.926536731634183,1130,"[0.14, 0.15, 0.16, 0.15, 0.13, 0.1, 0.08, 0.05, 0.04]","[0.14, 0.15, 0.16, 0.15, 0.13, 0.1, 0.08, 0.05, 0.04]","Delay, drop, outlier-selection, and outlier-magnitude random templates are fixed per seed and reused across scenarios."
delay_severe,delay,1110,5194b17f87ee954f16c15cce66493ca7adb1213ff4b88fdecca2c70afd2af438,2190,1996,176,18,84,0.08036529680365297,0.9114155251141552,0.04208416833667335,2.9945205479452053,2.958917835671343,1103,"[0.14, 0.15, 0.16, 0.15, 0.13, 0.1, 0.08, 0.05, 0.04]","[0.14, 0.15, 0.16, 0.15, 0.13, 0.1, 0.08, 0.05, 0.04]","Delay, drop, outlier-selection, and outlier-magnitude random templates are fixed per seed and reused across scenarios."
delay_severe,delay,1111,896f484fceb83300fe5cd4e1040a57af1e143a2774ca2c3f540672953d0449c4,2190,1992,181,17,96,0.08264840182648402,0.9095890410958904,0.04819277108433735,3.039269406392694,3.0456827309236947,1178,"[0.14, 0.15, 0.16, 0.15, 0.13, 0.1, 0.08, 0.05, 0.04]","[0.14, 0.15, 0.16, 0.15, 0.13, 0.1, 0.08, 0.05, 0.04]","Delay, drop, outlier-selection, and outlier-magnitude random templates are fixed per seed and reused across scenarios."
delay_severe,delay,1112,b9c1dd5bccc066658412d0902bbe86b9604b57b83f2405e7f0c0714d6fea4bd3,2190,1970,205,15,97,0.09360730593607305,0.8995433789954338,0.049238578680203045,2.9328767123287673,2.949238578680203,1125,"[0.14, 0.15, 0.16, 0.15, 0.13, 0.1, 0.08, 0.05, 0.04]","[0.14, 0.15, 0.16, 0.15, 0.13, 0.1, 0.08, 0.05, 0.04]","Delay, drop, outlier-selection, and outlier-magnitude random templates are fixed per seed and reused across scenarios."
delay_severe,delay,1113,36504c0b89505b6da26f9e6e498f4d3cc8bba63d3f773ac12e8db4b5e691a99a,2190,1969,202,19,105,0.09223744292237443,0.8990867579908676,0.053326561706449976,2.9123287671232876,2.8897917724733366,1059,"[0.14, 0.15, 0.16, 0.15, 0.13, 0.1, 0.08, 0.05, 0.04]","[0.14, 0.15, 0.16, 0.15, 0.13, 0.1, 0.08, 0.05, 0.04]","Delay, drop, outlier-selection, and outlier-magnitude random templates are fixed per seed and reused across scenarios."
delay_severe,delay,1114,fbbacd6016490327df227046affd0969bea999fe2d013212fd1ff8ad54835b83,2190,1980,199,11,101,0.0908675799086758,0.9041095890410958,0.05101010101010101,2.936986301369863,2.930808080808081,1174,"[0.14, 0.15, 0.16, 0.15, 0.13, 0.1, 0.08, 0.05, 0.04]","[0.14, 0.15, 0.16, 0.15, 0.13, 0.1, 0.08, 0.05, 0.04]","Delay, drop, outlier-selection, and outlier-magnitude random templates are fixed per seed and reused across scenarios."
delay_severe,delay,1115,03443e80b8bbc0da2af0e609c3ae5a14e97ac9ace4ba2b017122e04631afbc60,2190,1976,197,17,97,0.08995433789954338,0.902283105022831,0.04908906882591093,2.9534246575342467,2.9205465587044532,1139,"[0.14, 0.15, 0.16, 0.15, 0.13, 0.1, 0.08, 0.05, 0.04]","[0.14, 0.15, 0.16, 0.15, 0.13, 0.1, 0.08, 0.05, 0.04]","Delay, drop, outlier-selection, and outlier-magnitude random templates are fixed per seed and reused across scenarios."
delay_severe,delay,1116,020246766f1ca579e6060759653f8dabc08bf2e5cfb7ae3a6d3e8636134f540a,2190,1985,189,16,102,0.0863013698630137,0.906392694063927,0.05138539042821159,2.9401826484018265,2.9093198992443323,1120,"[0.14, 0.15, 0.16, 0.15, 0.13, 0.1, 0.08, 0.05, 0.04]","[0.14, 0.15, 0.16, 0.15, 0.13, 0.1, 0.08, 0.05, 0.04]","Delay, drop, outlier-selection, and outlier-magnitude random templates are fixed per seed and reused across scenarios."
delay_severe,delay,1117,79d5ea0a45d917e192e9499562f9dea4928533002e33319bcfce620322ad37f7,2190,1961,211,18,100,0.09634703196347032,0.8954337899543379,0.05099439061703213,2.968949771689498,2.9403365629780724,1118,"[0.14, 0.15, 0.16, 0.15, 0.13, 0.1, 0.08, 0.05, 0.04]","[0.14, 0.15, 0.16, 0.15, 0.13, 0.1, 0.08, 0.05, 0.04]","Delay, drop, outlier-selection, and outlier-magnitude random templates are fixed per seed and reused across scenarios."
delay_severe,delay,1118,fc97c660d562ab49c76915d97f8f1db3b5fa8ff6392b723374995d83a1dd96e9,2190,1994,178,18,83,0.08127853881278539,0.9105022831050228,0.04162487462387161,2.956164383561644,2.9689067201604815,1118,"[0.14, 0.15, 0.16, 0.15, 0.13, 0.1, 0.08, 0.05, 0.04]","[0.14, 0.15, 0.16, 0.15, 0.13, 0.1, 0.08, 0.05, 0.04]","Delay, drop, outlier-selection, and outlier-magnitude random templates are fixed per seed and reused across scenarios."
delay_severe,delay,1119,d70ea405ece480bfb66281af689c8bbd66e62eb4653998d4071d6211128dac60,2190,1961,212,17,98,0.09680365296803653,0.8954337899543379,0.049974502804691484,3.030593607305936,3.0117287098419174,1121,"[0.14, 0.15, 0.16, 0.15, 0.13, 0.1, 0.08, 0.05, 0.04]","[0.14, 0.15, 0.16, 0.15, 0.13, 0.1, 0.08, 0.05, 0.04]","Delay, drop, outlier-selection, and outlier-magnitude random templates are fixed per seed and reused across scenarios."
delay_severe,delay,1120,485d2bee29d5f6714393769b129bdd233476a826d56c64333934f2966c26326f,2190,1959,210,21,77,0.0958904109589041,0.8945205479452055,0.039305768249106685,2.938812785388128,2.9188361408882084,1098,"[0.14, 0.15, 0.16, 0.15, 0.13, 0.1, 0.08, 0.05, 0.04]","[0.14, 0.15, 0.16, 0.15, 0.13, 0.1, 0.08, 0.05, 0.04]","Delay, drop, outlier-selection, and outlier-magnitude random templates are fixed per seed and reused across scenarios."
reference_moderate,main,1101,2e8117db1393df6831c964d71d489524306437a4c54ee940130721f74a98442a,2190,2004,181,5,128,0.08264840182648402,0.915068493150685,0.06387225548902195,1.6264840182648401,1.6397205588822354,1105,"[0.3, 0.25, 0.18, 0.12, 0.08, 0.05, 0.02]","[0.3, 0.25, 0.18, 0.12, 0.08, 0.05, 0.02]","Delay, drop, outlier-selection, and outlier-magnitude random templates are fixed per seed and reused across scenarios."
reference_moderate,main,1102,80c9d01b0b5023a8c2af5d859428382856dba75dde186c03fdb91321297f2b6e,2190,1987,194,9,118,0.08858447488584476,0.9073059360730593,0.059386009058882736,1.6333333333333333,1.6134876698540512,1035,"[0.3, 0.25, 0.18, 0.12, 0.08, 0.05, 0.02]","[0.3, 0.25, 0.18, 0.12, 0.08, 0.05, 0.02]","Delay, drop, outlier-selection, and outlier-magnitude random templates are fixed per seed and reused across scenarios."
reference_moderate,main,1103,75feb8e197518406b5e49ff6c1070671d8396c7767397a19a17a185f026f1ad6,2190,2009,172,9,107,0.07853881278538813,0.917351598173516,0.053260328521652564,1.5547945205479452,1.5331010452961673,1090,"[0.3, 0.25, 0.18, 0.12, 0.08, 0.05, 0.02]","[0.3, 0.25, 0.18, 0.12, 0.08, 0.05, 0.02]","Delay, drop, outlier-selection, and outlier-magnitude random templates are fixed per seed and reused across scenarios."
reference_moderate,main,1104,6eb207398730e7f12c1c56f0c0dd1420efec85fa85f8f7740206c93ba401f8ee,2190,1995,186,9,118,0.08493150684931507,0.910958904109589,0.05914786967418546,1.5570776255707763,1.5578947368421052,1027,"[0.3, 0.25, 0.18, 0.12, 0.08, 0.05, 0.02]","[0.3, 0.25, 0.18, 0.12, 0.08, 0.05, 0.02]","Delay, drop, outlier-selection, and outlier-magnitude random templates are fixed per seed and reused across scenarios."
reference_moderate,main,1105,3962aefa08f28d16f3d315e14869049bcd8feec1ce9e4f953c3316cdcca34491,2190,1969,212,9,106,0.09680365296803653,0.8990867579908676,0.05383443372270188,1.5771689497716894,1.585576434738446,1069,"[0.3, 0.25, 0.18, 0.12, 0.08, 0.05, 0.02]","[0.3, 0.25, 0.18, 0.12, 0.08, 0.05, 0.02]","Delay, drop, outlier-selection, and outlier-magnitude random templates are fixed per seed and reused across scenarios."
reference_moderate,main,1106,bd1969f6e07b6c4605669c335b3fc1c703e31979f4c84cf53b7c70ea1a3770b7,2190,1990,191,9,98,0.08721461187214612,0.908675799086758,0.04924623115577889,1.5621004566210046,1.5527638190954773,1054,"[0.3, 0.25, 0.18, 0.12, 0.08, 0.05, 0.02]","[0.3, 0.25, 0.18, 0.12, 0.08, 0.05, 0.02]","Delay, drop, outlier-selection, and outlier-magnitude random templates are fixed per seed and reused across scenarios."
reference_moderate,main,1107,38e98ed3c0b17fdf2082f46d30b2444756eb4598c92e0cd935a238ba0fa990dd,2190,1978,203,9,87,0.09269406392694064,0.9031963470319635,0.04398382204246714,1.5744292237442923,1.5626895854398382,1067,"[0.3, 0.25, 0.18, 0.12, 0.08, 0.05, 0.02]","[0.3, 0.25, 0.18, 0.12, 0.08, 0.05, 0.02]","Delay, drop, outlier-selection, and outlier-magnitude random templates are fixed per seed and reused across scenarios."
reference_moderate,main,1108,ebcb9a8958189fbfabe12e828acb8708cd12f4dfd7f069eedbb6342058415360,2190,1987,201,2,105,0.09178082191780822,0.9073059360730593,0.05284348263714142,1.5625570776255708,1.5787619526925012,1049,"[0.3, 0.25, 0.18, 0.12, 0.08, 0.05, 0.02]","[0.3, 0.25, 0.18, 0.12, 0.08, 0.05, 0.02]","Delay, drop, outlier-selection, and outlier-magnitude random templates are fixed per seed and reused across scenarios."
reference_moderate,main,1109,ff17f061492210790111ed697b1402de0cdc6b6567277a1a793371740011ad05,2190,2006,178,6,99,0.08127853881278539,0.9159817351598174,0.04935194416749751,1.5789954337899543,1.5752741774675971,1094,"[0.3, 0.25, 0.18, 0.12, 0.08, 0.05, 0.02]","[0.3, 0.25, 0.18, 0.12, 0.08, 0.05, 0.02]","Delay, drop, outlier-selection, and outlier-magnitude random templates are fixed per seed and reused across scenarios."
reference_moderate,main,1110,5194b17f87ee954f16c15cce66493ca7adb1213ff4b88fdecca2c70afd2af438,2190,2006,176,8,85,0.08036529680365297,0.9159817351598174,0.0423728813559322,1.6105022831050229,1.5912263210368893,1067,"[0.3, 0.25, 0.18, 0.12, 0.08, 0.05, 0.02]","[0.3, 0.25, 0.18, 0.12, 0.08, 0.05, 0.02]","Delay, drop, outlier-selection, and outlier-magnitude random templates are fixed per seed and reused across scenarios."
reference_moderate,main,1111,896f484fceb83300fe5cd4e1040a57af1e143a2774ca2c3f540672953d0449c4,2190,1998,181,11,96,0.08264840182648402,0.9123287671232877,0.04804804804804805,1.6474885844748859,1.6546546546546546,1096,"[0.3, 0.25, 0.18, 0.12, 0.08, 0.05, 0.02]","[0.3, 0.25, 0.18, 0.12, 0.08, 0.05, 0.02]","Delay, drop, outlier-selection, and outlier-magnitude random templates are fixed per seed and reused across scenarios."
reference_moderate,main,1112,b9c1dd5bccc066658412d0902bbe86b9604b57b83f2405e7f0c0714d6fea4bd3,2190,1975,205,10,97,0.09360730593607305,0.9018264840182648,0.04911392405063291,1.5689497716894978,1.5812658227848102,1033,"[0.3, 0.25, 0.18, 0.12, 0.08, 0.05, 0.02]","[0.3, 0.25, 0.18, 0.12, 0.08, 0.05, 0.02]","Delay, drop, outlier-selection, and outlier-magnitude random templates are fixed per seed and reused across scenarios."
reference_moderate,main,1113,36504c0b89505b6da26f9e6e498f4d3cc8bba63d3f773ac12e8db4b5e691a99a,2190,1981,202,7,105,0.09223744292237443,0.9045662100456621,0.053003533568904596,1.5442922374429224,1.536092882382635,1059,"[0.3, 0.25, 0.18, 0.12, 0.08, 0.05, 0.02]","[0.3, 0.25, 0.18, 0.12, 0.08, 0.05, 0.02]","Delay, drop, outlier-selection, and outlier-magnitude random templates are fixed per seed and reused across scenarios."
reference_moderate,main,1114,fbbacd6016490327df227046affd0969bea999fe2d013212fd1ff8ad54835b83,2190,1984,199,7,101,0.0908675799086758,0.9059360730593607,0.05090725806451613,1.5584474885844748,1.5630040322580645,1089,"[0.3, 0.25, 0.18, 0.12, 0.08, 0.05, 0.02]","[0.3, 0.25, 0.18, 0.12, 0.08, 0.05, 0.02]","Delay, drop, outlier-selection, and outlier-magnitude random templates are fixed per seed and reused across scenarios."
reference_moderate,main,1115,03443e80b8bbc0da2af0e609c3ae5a14e97ac9ace4ba2b017122e04631afbc60,2190,1984,197,9,98,0.08995433789954338,0.9059360730593607,0.04939516129032258,1.5684931506849316,1.5504032258064515,1036,"[0.3, 0.25, 0.18, 0.12, 0.08, 0.05, 0.02]","[0.3, 0.25, 0.18, 0.12, 0.08, 0.05, 0.02]","Delay, drop, outlier-selection, and outlier-magnitude random templates are fixed per seed and reused across scenarios."
reference_moderate,main,1116,020246766f1ca579e6060759653f8dabc08bf2e5cfb7ae3a6d3e8636134f540a,2190,1990,189,11,102,0.0863013698630137,0.908675799086758,0.05125628140703518,1.575799086757991,1.5562814070351758,1119,"[0.3, 0.25, 0.18, 0.12, 0.08, 0.05, 0.02]","[0.3, 0.25, 0.18, 0.12, 0.08, 0.05, 0.02]","Delay, drop, outlier-selection, and outlier-magnitude random templates are fixed per seed and reused across scenarios."
reference_moderate,main,1117,79d5ea0a45d917e192e9499562f9dea4928533002e33319bcfce620322ad37f7,2190,1971,211,8,101,0.09634703196347032,0.9,0.05124302384576357,1.6073059360730593,1.6027397260273972,1031,"[0.3, 0.25, 0.18, 0.12, 0.08, 0.05, 0.02]","[0.3, 0.25, 0.18, 0.12, 0.08, 0.05, 0.02]","Delay, drop, outlier-selection, and outlier-magnitude random templates are fixed per seed and reused across scenarios."
reference_moderate,main,1118,fc97c660d562ab49c76915d97f8f1db3b5fa8ff6392b723374995d83a1dd96e9,2190,2001,178,11,85,0.08127853881278539,0.9136986301369863,0.04247876061969016,1.5835616438356164,1.592703648175912,1104,"[0.3, 0.25, 0.18, 0.12, 0.08, 0.05, 0.02]","[0.3, 0.25, 0.18, 0.12, 0.08, 0.05, 0.02]","Delay, drop, outlier-selection, and outlier-magnitude random templates are fixed per seed and reused across scenarios."
reference_moderate,main,1119,d70ea405ece480bfb66281af689c8bbd66e62eb4653998d4071d6211128dac60,2190,1971,212,7,98,0.09680365296803653,0.9,0.04972095383054287,1.6296803652968037,1.6250634195839675,1097,"[0.3, 0.25, 0.18, 0.12, 0.08, 0.05, 0.02]","[0.3, 0.25, 0.18, 0.12, 0.08, 0.05, 0.02]","Delay, drop, outlier-selection, and outlier-magnitude random templates are fixed per seed and reused across scenarios."
reference_moderate,main,1120,485d2bee29d5f6714393769b129bdd233476a826d56c64333934f2966c26326f,2190,1968,210,12,78,0.0958904109589041,0.8986301369863013,0.039634146341463415,1.5744292237442923,1.5670731707317074,1064,"[0.3, 0.25, 0.18, 0.12, 0.08, 0.05, 0.02]","[0.3, 0.25, 0.18, 0.12, 0.08, 0.05, 0.02]","Delay, drop, outlier-selection, and outlier-magnitude random templates are fixed per seed and reused across scenarios."
missing_00,missingness,1101,2e8117db1393df6831c964d71d489524306437a4c54ee940130721f74a98442a,2190,2185,0,5,140,0.0,0.997716894977169,0.06407322654462243,1.6264840182648401,1.622883295194508,1301,"[0.3, 0.25, 0.18, 0.12, 0.08, 0.05, 0.02]","[0.3, 0.25, 0.18, 0.12, 0.08, 0.05, 0.02]","Delay, drop, outlier-selection, and outlier-magnitude random templates are fixed per seed and reused across scenarios."
missing_00,missingness,1102,80c9d01b0b5023a8c2af5d859428382856dba75dde186c03fdb91321297f2b6e,2190,2181,0,9,125,0.0,0.9958904109589041,0.05731315910132966,1.6333333333333333,1.6249426868408987,1247,"[0.3, 0.25, 0.18, 0.12, 0.08, 0.05, 0.02]","[0.3, 0.25, 0.18, 0.12, 0.08, 0.05, 0.02]","Delay, drop, outlier-selection, and outlier-magnitude random templates are fixed per seed and reused across scenarios."
missing_00,missingness,1103,75feb8e197518406b5e49ff6c1070671d8396c7767397a19a17a185f026f1ad6,2190,2180,0,10,112,0.0,0.9954337899543378,0.05137614678899083,1.5547945205479452,1.5454128440366972,1254,"[0.3, 0.25, 0.18, 0.12, 0.08, 0.05, 0.02]","[0.3, 0.25, 0.18, 0.12, 0.08, 0.05, 0.02]","Delay, drop, outlier-selection, and outlier-magnitude random templates are fixed per seed and reused across scenarios."
missing_00,missingness,1104,6eb207398730e7f12c1c56f0c0dd1420efec85fa85f8f7740206c93ba401f8ee,2190,2181,0,9,131,0.0,0.9958904109589041,0.06006419073819349,1.5570776255707763,1.55387436955525,1239,"[0.3, 0.25, 0.18, 0.12, 0.08, 0.05, 0.02]","[0.3, 0.25, 0.18, 0.12, 0.08, 0.05, 0.02]","Delay, drop, outlier-selection, and outlier-magnitude random templates are fixed per seed and reused across scenarios."
missing_00,missingness,1105,3962aefa08f28d16f3d315e14869049bcd8feec1ce9e4f953c3316cdcca34491,2190,2180,0,10,115,0.0,0.9954337899543378,0.052752293577981654,1.5771689497716894,1.5711009174311927,1268,"[0.3, 0.25, 0.18, 0.12, 0.08, 0.05, 0.02]","[0.3, 0.25, 0.18, 0.12, 0.08, 0.05, 0.02]","Delay, drop, outlier-selection, and outlier-magnitude random templates are fixed per seed and reused across scenarios."
missing_00,missingness,1106,bd1969f6e07b6c4605669c335b3fc1c703e31979f4c84cf53b7c70ea1a3770b7,2190,2180,0,10,106,0.0,0.9954337899543378,0.04862385321100918,1.5621004566210046,1.556422018348624,1239,"[0.3, 0.25, 0.18, 0.12, 0.08, 0.05, 0.02]","[0.3, 0.25, 0.18, 0.12, 0.08, 0.05, 0.02]","Delay, drop, outlier-selection, and outlier-magnitude random templates are fixed per seed and reused across scenarios."
missing_00,missingness,1107,38e98ed3c0b17fdf2082f46d30b2444756eb4598c92e0cd935a238ba0fa990dd,2190,2181,0,9,95,0.0,0.9958904109589041,0.04355800091701054,1.5744292237442923,1.5685465382851902,1265,"[0.3, 0.25, 0.18, 0.12, 0.08, 0.05, 0.02]","[0.3, 0.25, 0.18, 0.12, 0.08, 0.05, 0.02]","Delay, drop, outlier-selection, and outlier-magnitude random templates are fixed per seed and reused across scenarios."
missing_00,missingness,1108,ebcb9a8958189fbfabe12e828acb8708cd12f4dfd7f069eedbb6342058415360,2190,2185,0,5,113,0.0,0.997716894977169,0.0517162471395881,1.5625570776255708,1.559725400457666,1255,"[0.3, 0.25, 0.18, 0.12, 0.08, 0.05, 0.02]","[0.3, 0.25, 0.18, 0.12, 0.08, 0.05, 0.02]","Delay, drop, outlier-selection, and outlier-magnitude random templates are fixed per seed and reused across scenarios."
missing_00,missingness,1109,ff17f061492210790111ed697b1402de0cdc6b6567277a1a793371740011ad05,2190,2181,0,9,109,0.0,0.9958904109589041,0.04997707473635947,1.5789954337899543,1.5754241173773498,1265,"[0.3, 0.25, 0.18, 0.12, 0.08, 0.05, 0.02]","[0.3, 0.25, 0.18, 0.12, 0.08, 0.05, 0.02]","Delay, drop, outlier-selection, and outlier-magnitude random templates are fixed per seed and reused across scenarios."
missing_00,missingness,1110,5194b17f87ee954f16c15cce66493ca7adb1213ff4b88fdecca2c70afd2af438,2190,2180,0,10,90,0.0,0.9954337899543378,0.04128440366972477,1.6105022831050229,1.6022935779816514,1237,"[0.3, 0.25, 0.18, 0.12, 0.08, 0.05, 0.02]","[0.3, 0.25, 0.18, 0.12, 0.08, 0.05, 0.02]","Delay, drop, outlier-selection, and outlier-magnitude random templates are fixed per seed and reused across scenarios."
missing_00,missingness,1111,896f484fceb83300fe5cd4e1040a57af1e143a2774ca2c3f540672953d0449c4,2190,2178,0,12,105,0.0,0.9945205479452055,0.048209366391184574,1.6474885844748859,1.6349862258953167,1259,"[0.3, 0.25, 0.18, 0.12, 0.08, 0.05, 0.02]","[0.3, 0.25, 0.18, 0.12, 0.08, 0.05, 0.02]","Delay, drop, outlier-selection, and outlier-magnitude random templates are fixed per seed and reused across scenarios."
missing_00,missingness,1112,b9c1dd5bccc066658412d0902bbe86b9604b57b83f2405e7f0c0714d6fea4bd3,2190,2180,0,10,113,0.0,0.9954337899543378,0.051834862385321104,1.5689497716894978,1.5605504587155963,1245,"[0.3, 0.25, 0.18, 0.12, 0.08, 0.05, 0.02]","[0.3, 0.25, 0.18, 0.12, 0.08, 0.05, 0.02]","Delay, drop, outlier-selection, and outlier-magnitude random templates are fixed per seed and reused across scenarios."
missing_00,missingness,1113,36504c0b89505b6da26f9e6e498f4d3cc8bba63d3f773ac12e8db4b5e691a99a,2190,2182,0,8,114,0.0,0.9963470319634703,0.05224564619615032,1.5442922374429224,1.540788267644363,1258,"[0.3, 0.25, 0.18, 0.12, 0.08, 0.05, 0.02]","[0.3, 0.25, 0.18, 0.12, 0.08, 0.05, 0.02]","Delay, drop, outlier-selection, and outlier-magnitude random templates are fixed per seed and reused across scenarios."
missing_00,missingness,1114,fbbacd6016490327df227046affd0969bea999fe2d013212fd1ff8ad54835b83,2190,2183,0,7,116,0.0,0.9968036529680365,0.05313788364635822,1.5584474885844748,1.554283096655978,1294,"[0.3, 0.25, 0.18, 0.12, 0.08, 0.05, 0.02]","[0.3, 0.25, 0.18, 0.12, 0.08, 0.05, 0.02]","Delay, drop, outlier-selection, and outlier-magnitude random templates are fixed per seed and reused across scenarios."
missing_00,missingness,1115,03443e80b8bbc0da2af0e609c3ae5a14e97ac9ace4ba2b017122e04631afbc60,2190,2179,0,11,108,0.0,0.9949771689497717,0.04956402019274897,1.5684931506849316,1.5594309316200092,1258,"[0.3, 0.25, 0.18, 0.12, 0.08, 0.05, 0.02]","[0.3, 0.25, 0.18, 0.12, 0.08, 0.05, 0.02]","Delay, drop, outlier-selection, and outlier-magnitude random templates are fixed per seed and reused across scenarios."
missing_00,missingness,1116,020246766f1ca579e6060759653f8dabc08bf2e5cfb7ae3a6d3e8636134f540a,2190,2178,0,12,113,0.0,0.9945205479452055,0.05188246097337006,1.575799086757991,1.5674931129476584,1294,"[0.3, 0.25, 0.18, 0.12, 0.08, 0.05, 0.02]","[0.3, 0.25, 0.18, 0.12, 0.08, 0.05, 0.02]","Delay, drop, outlier-selection, and outlier-magnitude random templates are fixed per seed and reused across scenarios."
missing_00,missingness,1117,79d5ea0a45d917e192e9499562f9dea4928533002e33319bcfce620322ad37f7,2190,2179,0,11,108,0.0,0.9949771689497717,0.04956402019274897,1.6073059360730593,1.5975217989903625,1235,"[0.3, 0.25, 0.18, 0.12, 0.08, 0.05, 0.02]","[0.3, 0.25, 0.18, 0.12, 0.08, 0.05, 0.02]","Delay, drop, outlier-selection, and outlier-magnitude random templates are fixed per seed and reused across scenarios."
missing_00,missingness,1118,fc97c660d562ab49c76915d97f8f1db3b5fa8ff6392b723374995d83a1dd96e9,2190,2179,0,11,91,0.0,0.9949771689497717,0.041762276273519965,1.5835616438356164,1.578246902248738,1259,"[0.3, 0.25, 0.18, 0.12, 0.08, 0.05, 0.02]","[0.3, 0.25, 0.18, 0.12, 0.08, 0.05, 0.02]","Delay, drop, outlier-selection, and outlier-magnitude random templates are fixed per seed and reused across scenarios."
missing_00,missingness,1119,d70ea405ece480bfb66281af689c8bbd66e62eb4653998d4071d6211128dac60,2190,2180,0,10,112,0.0,0.9954337899543378,0.05137614678899083,1.6296803652968037,1.620183486238532,1289,"[0.3, 0.25, 0.18, 0.12, 0.08, 0.05, 0.02]","[0.3, 0.25, 0.18, 0.12, 0.08, 0.05, 0.02]","Delay, drop, outlier-selection, and outlier-magnitude random templates are fixed per seed and reused across scenarios."
missing_00,missingness,1120,485d2bee29d5f6714393769b129bdd233476a826d56c64333934f2966c26326f,2190,2176,0,14,90,0.0,0.993607305936073,0.04136029411764706,1.5744292237442923,1.5588235294117647,1285,"[0.3, 0.25, 0.18, 0.12, 0.08, 0.05, 0.02]","[0.3, 0.25, 0.18, 0.12, 0.08, 0.05, 0.02]","Delay, drop, outlier-selection, and outlier-magnitude random templates are fixed per seed and reused across scenarios."
missing_10,missingness,1101,2e8117db1393df6831c964d71d489524306437a4c54ee940130721f74a98442a,2190,2004,181,5,128,0.08264840182648402,0.915068493150685,0.06387225548902195,1.6264840182648401,1.6397205588822354,1105,"[0.3, 0.25, 0.18, 0.12, 0.08, 0.05, 0.02]","[0.3, 0.25, 0.18, 0.12, 0.08, 0.05, 0.02]","Delay, drop, outlier-selection, and outlier-magnitude random templates are fixed per seed and reused across scenarios."
missing_10,missingness,1102,80c9d01b0b5023a8c2af5d859428382856dba75dde186c03fdb91321297f2b6e,2190,1987,194,9,118,0.08858447488584476,0.9073059360730593,0.059386009058882736,1.6333333333333333,1.6134876698540512,1035,"[0.3, 0.25, 0.18, 0.12, 0.08, 0.05, 0.02]","[0.3, 0.25, 0.18, 0.12, 0.08, 0.05, 0.02]","Delay, drop, outlier-selection, and outlier-magnitude random templates are fixed per seed and reused across scenarios."
missing_10,missingness,1103,75feb8e197518406b5e49ff6c1070671d8396c7767397a19a17a185f026f1ad6,2190,2009,172,9,107,0.07853881278538813,0.917351598173516,0.053260328521652564,1.5547945205479452,1.5331010452961673,1090,"[0.3, 0.25, 0.18, 0.12, 0.08, 0.05, 0.02]","[0.3, 0.25, 0.18, 0.12, 0.08, 0.05, 0.02]","Delay, drop, outlier-selection, and outlier-magnitude random templates are fixed per seed and reused across scenarios."
missing_10,missingness,1104,6eb207398730e7f12c1c56f0c0dd1420efec85fa85f8f7740206c93ba401f8ee,2190,1995,186,9,118,0.08493150684931507,0.910958904109589,0.05914786967418546,1.5570776255707763,1.5578947368421052,1027,"[0.3, 0.25, 0.18, 0.12, 0.08, 0.05, 0.02]","[0.3, 0.25, 0.18, 0.12, 0.08, 0.05, 0.02]","Delay, drop, outlier-selection, and outlier-magnitude random templates are fixed per seed and reused across scenarios."
missing_10,missingness,1105,3962aefa08f28d16f3d315e14869049bcd8feec1ce9e4f953c3316cdcca34491,2190,1969,212,9,106,0.09680365296803653,0.8990867579908676,0.05383443372270188,1.5771689497716894,1.585576434738446,1069,"[0.3, 0.25, 0.18, 0.12, 0.08, 0.05, 0.02]","[0.3, 0.25, 0.18, 0.12, 0.08, 0.05, 0.02]","Delay, drop, outlier-selection, and outlier-magnitude random templates are fixed per seed and reused across scenarios."
missing_10,missingness,1106,bd1969f6e07b6c4605669c335b3fc1c703e31979f4c84cf53b7c70ea1a3770b7,2190,1990,191,9,98,0.08721461187214612,0.908675799086758,0.04924623115577889,1.5621004566210046,1.5527638190954773,1054,"[0.3, 0.25, 0.18, 0.12, 0.08, 0.05, 0.02]","[0.3, 0.25, 0.18, 0.12, 0.08, 0.05, 0.02]","Delay, drop, outlier-selection, and outlier-magnitude random templates are fixed per seed and reused across scenarios."
missing_10,missingness,1107,38e98ed3c0b17fdf2082f46d30b2444756eb4598c92e0cd935a238ba0fa990dd,2190,1978,203,9,87,0.09269406392694064,0.9031963470319635,0.04398382204246714,1.5744292237442923,1.5626895854398382,1067,"[0.3, 0.25, 0.18, 0.12, 0.08, 0.05, 0.02]","[0.3, 0.25, 0.18, 0.12, 0.08, 0.05, 0.02]","Delay, drop, outlier-selection, and outlier-magnitude random templates are fixed per seed and reused across scenarios."
missing_10,missingness,1108,ebcb9a8958189fbfabe12e828acb8708cd12f4dfd7f069eedbb6342058415360,2190,1987,201,2,105,0.09178082191780822,0.9073059360730593,0.05284348263714142,1.5625570776255708,1.5787619526925012,1049,"[0.3, 0.25, 0.18, 0.12, 0.08, 0.05, 0.02]","[0.3, 0.25, 0.18, 0.12, 0.08, 0.05, 0.02]","Delay, drop, outlier-selection, and outlier-magnitude random templates are fixed per seed and reused across scenarios."
missing_10,missingness,1109,ff17f061492210790111ed697b1402de0cdc6b6567277a1a793371740011ad05,2190,2006,178,6,99,0.08127853881278539,0.9159817351598174,0.04935194416749751,1.5789954337899543,1.5752741774675971,1094,"[0.3, 0.25, 0.18, 0.12, 0.08, 0.05, 0.02]","[0.3, 0.25, 0.18, 0.12, 0.08, 0.05, 0.02]","Delay, drop, outlier-selection, and outlier-magnitude random templates are fixed per seed and reused across scenarios."
missing_10,missingness,1110,5194b17f87ee954f16c15cce66493ca7adb1213ff4b88fdecca2c70afd2af438,2190,2006,176,8,85,0.08036529680365297,0.9159817351598174,0.0423728813559322,1.6105022831050229,1.5912263210368893,1067,"[0.3, 0.25, 0.18, 0.12, 0.08, 0.05, 0.02]","[0.3, 0.25, 0.18, 0.12, 0.08, 0.05, 0.02]","Delay, drop, outlier-selection, and outlier-magnitude random templates are fixed per seed and reused across scenarios."
missing_10,missingness,1111,896f484fceb83300fe5cd4e1040a57af1e143a2774ca2c3f540672953d0449c4,2190,1998,181,11,96,0.08264840182648402,0.9123287671232877,0.04804804804804805,1.6474885844748859,1.6546546546546546,1096,"[0.3, 0.25, 0.18, 0.12, 0.08, 0.05, 0.02]","[0.3, 0.25, 0.18, 0.12, 0.08, 0.05, 0.02]","Delay, drop, outlier-selection, and outlier-magnitude random templates are fixed per seed and reused across scenarios."
missing_10,missingness,1112,b9c1dd5bccc066658412d0902bbe86b9604b57b83f2405e7f0c0714d6fea4bd3,2190,1975,205,10,97,0.09360730593607305,0.9018264840182648,0.04911392405063291,1.5689497716894978,1.5812658227848102,1033,"[0.3, 0.25, 0.18, 0.12, 0.08, 0.05, 0.02]","[0.3, 0.25, 0.18, 0.12, 0.08, 0.05, 0.02]","Delay, drop, outlier-selection, and outlier-magnitude random templates are fixed per seed and reused across scenarios."
missing_10,missingness,1113,36504c0b89505b6da26f9e6e498f4d3cc8bba63d3f773ac12e8db4b5e691a99a,2190,1981,202,7,105,0.09223744292237443,0.9045662100456621,0.053003533568904596,1.5442922374429224,1.536092882382635,1059,"[0.3, 0.25, 0.18, 0.12, 0.08, 0.05, 0.02]","[0.3, 0.25, 0.18, 0.12, 0.08, 0.05, 0.02]","Delay, drop, outlier-selection, and outlier-magnitude random templates are fixed per seed and reused across scenarios."
missing_10,missingness,1114,fbbacd6016490327df227046affd0969bea999fe2d013212fd1ff8ad54835b83,2190,1984,199,7,101,0.0908675799086758,0.9059360730593607,0.05090725806451613,1.5584474885844748,1.5630040322580645,1089,"[0.3, 0.25, 0.18, 0.12, 0.08, 0.05, 0.02]","[0.3, 0.25, 0.18, 0.12, 0.08, 0.05, 0.02]","Delay, drop, outlier-selection, and outlier-magnitude random templates are fixed per seed and reused across scenarios."
missing_10,missingness,1115,03443e80b8bbc0da2af0e609c3ae5a14e97ac9ace4ba2b017122e04631afbc60,2190,1984,197,9,98,0.08995433789954338,0.9059360730593607,0.04939516129032258,1.5684931506849316,1.5504032258064515,1036,"[0.3, 0.25, 0.18, 0.12, 0.08, 0.05, 0.02]","[0.3, 0.25, 0.18, 0.12, 0.08, 0.05, 0.02]","Delay, drop, outlier-selection, and outlier-magnitude random templates are fixed per seed and reused across scenarios."
missing_10,missingness,1116,020246766f1ca579e6060759653f8dabc08bf2e5cfb7ae3a6d3e8636134f540a,2190,1990,189,11,102,0.0863013698630137,0.908675799086758,0.05125628140703518,1.575799086757991,1.5562814070351758,1119,"[0.3, 0.25, 0.18, 0.12, 0.08, 0.05, 0.02]","[0.3, 0.25, 0.18, 0.12, 0.08, 0.05, 0.02]","Delay, drop, outlier-selection, and outlier-magnitude random templates are fixed per seed and reused across scenarios."
missing_10,missingness,1117,79d5ea0a45d917e192e9499562f9dea4928533002e33319bcfce620322ad37f7,2190,1971,211,8,101,0.09634703196347032,0.9,0.05124302384576357,1.6073059360730593,1.6027397260273972,1031,"[0.3, 0.25, 0.18, 0.12, 0.08, 0.05, 0.02]","[0.3, 0.25, 0.18, 0.12, 0.08, 0.05, 0.02]","Delay, drop, outlier-selection, and outlier-magnitude random templates are fixed per seed and reused across scenarios."
missing_10,missingness,1118,fc97c660d562ab49c76915d97f8f1db3b5fa8ff6392b723374995d83a1dd96e9,2190,2001,178,11,85,0.08127853881278539,0.9136986301369863,0.04247876061969016,1.5835616438356164,1.592703648175912,1104,"[0.3, 0.25, 0.18, 0.12, 0.08, 0.05, 0.02]","[0.3, 0.25, 0.18, 0.12, 0.08, 0.05, 0.02]","Delay, drop, outlier-selection, and outlier-magnitude random templates are fixed per seed and reused across scenarios."
missing_10,missingness,1119,d70ea405ece480bfb66281af689c8bbd66e62eb4653998d4071d6211128dac60,2190,1971,212,7,98,0.09680365296803653,0.9,0.04972095383054287,1.6296803652968037,1.6250634195839675,1097,"[0.3, 0.25, 0.18, 0.12, 0.08, 0.05, 0.02]","[0.3, 0.25, 0.18, 0.12, 0.08, 0.05, 0.02]","Delay, drop, outlier-selection, and outlier-magnitude random templates are fixed per seed and reused across scenarios."
missing_10,missingness,1120,485d2bee29d5f6714393769b129bdd233476a826d56c64333934f2966c26326f,2190,1968,210,12,78,0.0958904109589041,0.8986301369863013,0.039634146341463415,1.5744292237442923,1.5670731707317074,1064,"[0.3, 0.25, 0.18, 0.12, 0.08, 0.05, 0.02]","[0.3, 0.25, 0.18, 0.12, 0.08, 0.05, 0.02]","Delay, drop, outlier-selection, and outlier-magnitude random templates are fixed per seed and reused across scenarios."
missing_30,missingness,1101,2e8117db1393df6831c964d71d489524306437a4c54ee940130721f74a98442a,2190,1617,569,4,103,0.25981735159817354,0.7383561643835617,0.06369820655534941,1.6264840182648401,1.635126777983921,784,"[0.3, 0.25, 0.18, 0.12, 0.08, 0.05, 0.02]","[0.3, 0.25, 0.18, 0.12, 0.08, 0.05, 0.02]","Delay, drop, outlier-selection, and outlier-magnitude random templates are fixed per seed and reused across scenarios."
missing_30,missingness,1102,80c9d01b0b5023a8c2af5d859428382856dba75dde186c03fdb91321297f2b6e,2190,1592,589,9,93,0.26894977168949774,0.7269406392694064,0.05841708542713568,1.6333333333333333,1.5935929648241205,666,"[0.3, 0.25, 0.18, 0.12, 0.08, 0.05, 0.02]","[0.3, 0.25, 0.18, 0.12, 0.08, 0.05, 0.02]","Delay, drop, outlier-selection, and outlier-magnitude random templates are fixed per seed and reused across scenarios."
missing_30,missingness,1103,75feb8e197518406b5e49ff6c1070671d8396c7767397a19a17a185f026f1ad6,2190,1631,552,7,86,0.25205479452054796,0.7447488584474886,0.05272838749233599,1.5547945205479452,1.531575720416922,733,"[0.3, 0.25, 0.18, 0.12, 0.08, 0.05, 0.02]","[0.3, 0.25, 0.18, 0.12, 0.08, 0.05, 0.02]","Delay, drop, outlier-selection, and outlier-magnitude random templates are fixed per seed and reused across scenarios."
missing_30,missingness,1104,6eb207398730e7f12c1c56f0c0dd1420efec85fa85f8f7740206c93ba401f8ee,2190,1622,561,7,92,0.25616438356164384,0.7406392694063927,0.05672009864364982,1.5570776255707763,1.5567200986436498,710,"[0.3, 0.25, 0.18, 0.12, 0.08, 0.05, 0.02]","[0.3, 0.25, 0.18, 0.12, 0.08, 0.05, 0.02]","Delay, drop, outlier-selection, and outlier-magnitude random templates are fixed per seed and reused across scenarios."
missing_30,missingness,1105,3962aefa08f28d16f3d315e14869049bcd8feec1ce9e4f953c3316cdcca34491,2190,1600,584,6,87,0.26666666666666666,0.730593607305936,0.054375,1.5771689497716894,1.590625,757,"[0.3, 0.25, 0.18, 0.12, 0.08, 0.05, 0.02]","[0.3, 0.25, 0.18, 0.12, 0.08, 0.05, 0.02]","Delay, drop, outlier-selection, and outlier-magnitude random templates are fixed per seed and reused across scenarios."
missing_30,missingness,1106,bd1969f6e07b6c4605669c335b3fc1c703e31979f4c84cf53b7c70ea1a3770b7,2190,1627,555,8,79,0.2534246575342466,0.7429223744292237,0.04855562384757222,1.5621004566210046,1.5138291333743086,743,"[0.3, 0.25, 0.18, 0.12, 0.08, 0.05, 0.02]","[0.3, 0.25, 0.18, 0.12, 0.08, 0.05, 0.02]","Delay, drop, outlier-selection, and outlier-magnitude random templates are fixed per seed and reused across scenarios."
missing_30,missingness,1107,38e98ed3c0b17fdf2082f46d30b2444756eb4598c92e0cd935a238ba0fa990dd,2190,1598,586,6,73,0.26757990867579906,0.7296803652968037,0.045682102628285357,1.5744292237442923,1.5832290362953692,746,"[0.3, 0.25, 0.18, 0.12, 0.08, 0.05, 0.02]","[0.3, 0.25, 0.18, 0.12, 0.08, 0.05, 0.02]","Delay, drop, outlier-selection, and outlier-magnitude random templates are fixed per seed and reused across scenarios."
missing_30,missingness,1108,ebcb9a8958189fbfabe12e828acb8708cd12f4dfd7f069eedbb6342058415360,2190,1613,575,2,85,0.2625570776255708,0.7365296803652968,0.05269683818970862,1.5625570776255708,1.5858648481091135,724,"[0.3, 0.25, 0.18, 0.12, 0.08, 0.05, 0.02]","[0.3, 0.25, 0.18, 0.12, 0.08, 0.05, 0.02]","Delay, drop, outlier-selection, and outlier-magnitude random templates are fixed per seed and reused across scenarios."
missing_30,missingness,1109,ff17f061492210790111ed697b1402de0cdc6b6567277a1a793371740011ad05,2190,1597,587,6,80,0.2680365296803653,0.7292237442922375,0.050093926111458985,1.5789954337899543,1.5798371947401377,724,"[0.3, 0.25, 0.18, 0.12, 0.08, 0.05, 0.02]","[0.3, 0.25, 0.18, 0.12, 0.08, 0.05, 0.02]","Delay, drop, outlier-selection, and outlier-magnitude random templates are fixed per seed and reused across scenarios."
missing_30,missingness,1110,5194b17f87ee954f16c15cce66493ca7adb1213ff4b88fdecca2c70afd2af438,2190,1619,564,7,68,0.25753424657534246,0.7392694063926941,0.042001235330450894,1.6105022831050229,1.6003705991352686,722,"[0.3, 0.25, 0.18, 0.12, 0.08, 0.05, 0.02]","[0.3, 0.25, 0.18, 0.12, 0.08, 0.05, 0.02]","Delay, drop, outlier-selection, and outlier-magnitude random templates are fixed per seed and reused across scenarios."
missing_30,missingness,1111,896f484fceb83300fe5cd4e1040a57af1e143a2774ca2c3f540672953d0449c4,2190,1601,583,6,75,0.26621004566210044,0.7310502283105023,0.046845721424109935,1.6474885844748859,1.6783260462211118,747,"[0.3, 0.25, 0.18, 0.12, 0.08, 0.05, 0.02]","[0.3, 0.25, 0.18, 0.12, 0.08, 0.05, 0.02]","Delay, drop, outlier-selection, and outlier-magnitude random templates are fixed per seed and reused across scenarios."
missing_30,missingness,1112,b9c1dd5bccc066658412d0902bbe86b9604b57b83f2405e7f0c0714d6fea4bd3,2190,1584,597,9,79,0.2726027397260274,0.7232876712328767,0.049873737373737376,1.5689497716894978,1.5707070707070707,702,"[0.3, 0.25, 0.18, 0.12, 0.08, 0.05, 0.02]","[0.3, 0.25, 0.18, 0.12, 0.08, 0.05, 0.02]","Delay, drop, outlier-selection, and outlier-magnitude random templates are fixed per seed and reused across scenarios."
missing_30,missingness,1113,36504c0b89505b6da26f9e6e498f4d3cc8bba63d3f773ac12e8db4b5e691a99a,2190,1628,556,6,90,0.25388127853881276,0.7433789954337899,0.05528255528255528,1.5442922374429224,1.5061425061425062,748,"[0.3, 0.25, 0.18, 0.12, 0.08, 0.05, 0.02]","[0.3, 0.25, 0.18, 0.12, 0.08, 0.05, 0.02]","Delay, drop, outlier-selection, and outlier-magnitude random templates are fixed per seed and reused across scenarios."
missing_30,missingness,1114,fbbacd6016490327df227046affd0969bea999fe2d013212fd1ff8ad54835b83,2190,1598,586,6,81,0.26757990867579906,0.7296803652968037,0.05068836045056321,1.5584474885844748,1.541927409261577,736,"[0.3, 0.25, 0.18, 0.12, 0.08, 0.05, 0.02]","[0.3, 0.25, 0.18, 0.12, 0.08, 0.05, 0.02]","Delay, drop, outlier-selection, and outlier-magnitude random templates are fixed per seed and reused across scenarios."
missing_30,missingness,1115,03443e80b8bbc0da2af0e609c3ae5a14e97ac9ace4ba2b017122e04631afbc60,2190,1583,601,6,74,0.27442922374429224,0.7228310502283105,0.04674668351231838,1.5684931506849316,1.552747946936197,688,"[0.3, 0.25, 0.18, 0.12, 0.08, 0.05, 0.02]","[0.3, 0.25, 0.18, 0.12, 0.08, 0.05, 0.02]","Delay, drop, outlier-selection, and outlier-magnitude random templates are fixed per seed and reused across scenarios."
missing_30,missingness,1116,020246766f1ca579e6060759653f8dabc08bf2e5cfb7ae3a6d3e8636134f540a,2190,1620,562,8,81,0.25662100456621006,0.7397260273972602,0.05,1.575799086757991,1.548148148148148,792,"[0.3, 0.25, 0.18, 0.12, 0.08, 0.05, 0.02]","[0.3, 0.25, 0.18, 0.12, 0.08, 0.05, 0.02]","Delay, drop, outlier-selection, and outlier-magnitude random templates are fixed per seed and reused across scenarios."
missing_30,missingness,1117,79d5ea0a45d917e192e9499562f9dea4928533002e33319bcfce620322ad37f7,2190,1589,595,6,77,0.271689497716895,0.7255707762557078,0.048458149779735685,1.6073059360730593,1.578351164254248,704,"[0.3, 0.25, 0.18, 0.12, 0.08, 0.05, 0.02]","[0.3, 0.25, 0.18, 0.12, 0.08, 0.05, 0.02]","Delay, drop, outlier-selection, and outlier-magnitude random templates are fixed per seed and reused across scenarios."
missing_30,missingness,1118,fc97c660d562ab49c76915d97f8f1db3b5fa8ff6392b723374995d83a1dd96e9,2190,1581,601,8,64,0.27442922374429224,0.7219178082191781,0.04048070841239722,1.5835616438356164,1.5736875395319418,738,"[0.3, 0.25, 0.18, 0.12, 0.08, 0.05, 0.02]","[0.3, 0.25, 0.18, 0.12, 0.08, 0.05, 0.02]","Delay, drop, outlier-selection, and outlier-magnitude random templates are fixed per seed and reused across scenarios."
missing_30,missingness,1119,d70ea405ece480bfb66281af689c8bbd66e62eb4653998d4071d6211128dac60,2190,1561,624,5,76,0.28493150684931506,0.7127853881278539,0.04868673926969891,1.6296803652968037,1.6111467008327995,724,"[0.3, 0.25, 0.18, 0.12, 0.08, 0.05, 0.02]","[0.3, 0.25, 0.18, 0.12, 0.08, 0.05, 0.02]","Delay, drop, outlier-selection, and outlier-magnitude random templates are fixed per seed and reused across scenarios."
missing_30,missingness,1120,485d2bee29d5f6714393769b129bdd233476a826d56c64333934f2966c26326f,2190,1592,589,9,66,0.26894977168949774,0.7269406392694064,0.0414572864321608,1.5744292237442923,1.57035175879397,716,"[0.3, 0.25, 0.18, 0.12, 0.08, 0.05, 0.02]","[0.3, 0.25, 0.18, 0.12, 0.08, 0.05, 0.02]","Delay, drop, outlier-selection, and outlier-magnitude random templates are fixed per seed and reused across scenarios."
missing_50,missingness,1101,2e8117db1393df6831c964d71d489524306437a4c54ee940130721f74a98442a,2190,1240,947,3,80,0.4324200913242009,0.5662100456621004,0.06451612903225806,1.6264840182648401,1.5975806451612904,490,"[0.3, 0.25, 0.18, 0.12, 0.08, 0.05, 0.02]","[0.3, 0.25, 0.18, 0.12, 0.08, 0.05, 0.02]","Delay, drop, outlier-selection, and outlier-magnitude random templates are fixed per seed and reused across scenarios."
missing_50,missingness,1102,80c9d01b0b5023a8c2af5d859428382856dba75dde186c03fdb91321297f2b6e,2190,1204,979,7,74,0.44703196347031965,0.5497716894977169,0.061461794019933555,1.6333333333333333,1.5498338870431894,390,"[0.3, 0.25, 0.18, 0.12, 0.08, 0.05, 0.02]","[0.3, 0.25, 0.18, 0.12, 0.08, 0.05, 0.02]","Delay, drop, outlier-selection, and outlier-magnitude random templates are fixed per seed and reused across scenarios."
missing_50,missingness,1103,75feb8e197518406b5e49ff6c1070671d8396c7767397a19a17a185f026f1ad6,2190,1244,940,6,73,0.4292237442922374,0.5680365296803653,0.058681672025723476,1.5547945205479452,1.5289389067524115,458,"[0.3, 0.25, 0.18, 0.12, 0.08, 0.05, 0.02]","[0.3, 0.25, 0.18, 0.12, 0.08, 0.05, 0.02]","Delay, drop, outlier-selection, and outlier-magnitude random templates are fixed per seed and reused across scenarios."
missing_50,missingness,1104,6eb207398730e7f12c1c56f0c0dd1420efec85fa85f8f7740206c93ba401f8ee,2190,1219,968,3,70,0.4420091324200913,0.55662100456621,0.05742411812961444,1.5570776255707763,1.5488105004101722,420,"[0.3, 0.25, 0.18, 0.12, 0.08, 0.05, 0.02]","[0.3, 0.25, 0.18, 0.12, 0.08, 0.05, 0.02]","Delay, drop, outlier-selection, and outlier-magnitude random templates are fixed per seed and reused across scenarios."
missing_50,missingness,1105,3962aefa08f28d16f3d315e14869049bcd8feec1ce9e4f953c3316cdcca34491,2190,1250,935,5,62,0.4269406392694064,0.5707762557077626,0.0496,1.5771689497716894,1.6136,470,"[0.3, 0.25, 0.18, 0.12, 0.08, 0.05, 0.02]","[0.3, 0.25, 0.18, 0.12, 0.08, 0.05, 0.02]","Delay, drop, outlier-selection, and outlier-magnitude random templates are fixed per seed and reused across scenarios."
missing_50,missingness,1106,bd1969f6e07b6c4605669c335b3fc1c703e31979f4c84cf53b7c70ea1a3770b7,2190,1262,921,7,58,0.42054794520547945,0.5762557077625571,0.04595879556259905,1.5621004566210046,1.5071315372424723,458,"[0.3, 0.25, 0.18, 0.12, 0.08, 0.05, 0.02]","[0.3, 0.25, 0.18, 0.12, 0.08, 0.05, 0.02]","Delay, drop, outlier-selection, and outlier-magnitude random templates are fixed per seed and reused across scenarios."
missing_50,missingness,1107,38e98ed3c0b17fdf2082f46d30b2444756eb4598c92e0cd935a238ba0fa990dd,2190,1222,963,5,48,0.4397260273972603,0.5579908675799087,0.03927986906710311,1.5744292237442923,1.5597381342062193,438,"[0.3, 0.25, 0.18, 0.12, 0.08, 0.05, 0.02]","[0.3, 0.25, 0.18, 0.12, 0.08, 0.05, 0.02]","Delay, drop, outlier-selection, and outlier-magnitude random templates are fixed per seed and reused across scenarios."
missing_50,missingness,1108,ebcb9a8958189fbfabe12e828acb8708cd12f4dfd7f069eedbb6342058415360,2190,1229,960,1,68,0.4383561643835616,0.5611872146118722,0.05532953620829943,1.5625570776255708,1.598047192839707,465,"[0.3, 0.25, 0.18, 0.12, 0.08, 0.05, 0.02]","[0.3, 0.25, 0.18, 0.12, 0.08, 0.05, 0.02]","Delay, drop, outlier-selection, and outlier-magnitude random templates are fixed per seed and reused across scenarios."
missing_50,missingness,1109,ff17f061492210790111ed697b1402de0cdc6b6567277a1a793371740011ad05,2190,1215,970,5,60,0.4429223744292237,0.5547945205479452,0.04938271604938271,1.5789954337899543,1.6065843621399176,454,"[0.3, 0.25, 0.18, 0.12, 0.08, 0.05, 0.02]","[0.3, 0.25, 0.18, 0.12, 0.08, 0.05, 0.02]","Delay, drop, outlier-selection, and outlier-magnitude random templates are fixed per seed and reused across scenarios."
missing_50,missingness,1110,5194b17f87ee954f16c15cce66493ca7adb1213ff4b88fdecca2c70afd2af438,2190,1237,948,5,52,0.4328767123287671,0.5648401826484019,0.04203718674211803,1.6105022831050229,1.5998383185125302,463,"[0.3, 0.25, 0.18, 0.12, 0.08, 0.05, 0.02]","[0.3, 0.25, 0.18, 0.12, 0.08, 0.05, 0.02]","Delay, drop, outlier-selection, and outlier-magnitude random templates are fixed per seed and reused across scenarios."
missing_50,missingness,1111,896f484fceb83300fe5cd4e1040a57af1e143a2774ca2c3f540672953d0449c4,2190,1260,925,5,61,0.4223744292237443,0.5753424657534246,0.048412698412698414,1.6474885844748859,1.6492063492063491,454,"[0.3, 0.25, 0.18, 0.12, 0.08, 0.05, 0.02]","[0.3, 0.25, 0.18, 0.12, 0.08, 0.05, 0.02]","Delay, drop, outlier-selection, and outlier-magnitude random templates are fixed per seed and reused across scenarios."
missing_50,missingness,1112,b9c1dd5bccc066658412d0902bbe86b9604b57b83f2405e7f0c0714d6fea4bd3,2190,1208,975,7,68,0.4452054794520548,0.5515981735159817,0.056291390728476824,1.5689497716894978,1.5637417218543046,414,"[0.3, 0.25, 0.18, 0.12, 0.08, 0.05, 0.02]","[0.3, 0.25, 0.18, 0.12, 0.08, 0.05, 0.02]","Delay, drop, outlier-selection, and outlier-magnitude random templates are fixed per seed and reused across scenarios."
missing_50,missingness,1113,36504c0b89505b6da26f9e6e498f4d3cc8bba63d3f773ac12e8db4b5e691a99a,2190,1247,940,3,61,0.4292237442922374,0.5694063926940639,0.04891740176423416,1.5442922374429224,1.5685645549318363,450,"[0.3, 0.25, 0.18, 0.12, 0.08, 0.05, 0.02]","[0.3, 0.25, 0.18, 0.12, 0.08, 0.05, 0.02]","Delay, drop, outlier-selection, and outlier-magnitude random templates are fixed per seed and reused across scenarios."
missing_50,missingness,1114,fbbacd6016490327df227046affd0969bea999fe2d013212fd1ff8ad54835b83,2190,1205,979,6,70,0.44703196347031965,0.5502283105022832,0.058091286307053944,1.5584474885844748,1.5734439834024896,456,"[0.3, 0.25, 0.18, 0.12, 0.08, 0.05, 0.02]","[0.3, 0.25, 0.18, 0.12, 0.08, 0.05, 0.02]","Delay, drop, outlier-selection, and outlier-magnitude random templates are fixed per seed and reused across scenarios."
missing_50,missingness,1115,03443e80b8bbc0da2af0e609c3ae5a14e97ac9ace4ba2b017122e04631afbc60,2190,1216,971,3,57,0.44337899543378995,0.5552511415525114,0.046875,1.5684931506849316,1.5279605263157894,407,"[0.3, 0.25, 0.18, 0.12, 0.08, 0.05, 0.02]","[0.3, 0.25, 0.18, 0.12, 0.08, 0.05, 0.02]","Delay, drop, outlier-selection, and outlier-magnitude random templates are fixed per seed and reused across scenarios."
missing_50,missingness,1116,020246766f1ca579e6060759653f8dabc08bf2e5cfb7ae3a6d3e8636134f540a,2190,1233,951,6,66,0.43424657534246575,0.563013698630137,0.0535279805352798,1.575799086757991,1.529602595296026,483,"[0.3, 0.25, 0.18, 0.12, 0.08, 0.05, 0.02]","[0.3, 0.25, 0.18, 0.12, 0.08, 0.05, 0.02]","Delay, drop, outlier-selection, and outlier-magnitude random templates are fixed per seed and reused across scenarios."
missing_50,missingness,1117,79d5ea0a45d917e192e9499562f9dea4928533002e33319bcfce620322ad37f7,2190,1203,984,3,61,0.44931506849315067,0.5493150684931507,0.05070656691604322,1.6073059360730593,1.544472152950956,417,"[0.3, 0.25, 0.18, 0.12, 0.08, 0.05, 0.02]","[0.3, 0.25, 0.18, 0.12, 0.08, 0.05, 0.02]","Delay, drop, outlier-selection, and outlier-magnitude random templates are fixed per seed and reused across scenarios."
missing_50,missingness,1118,fc97c660d562ab49c76915d97f8f1db3b5fa8ff6392b723374995d83a1dd96e9,2190,1203,980,7,47,0.4474885844748858,0.5493150684931507,0.03906899418121363,1.5835616438356164,1.5552784704904405,472,"[0.3, 0.25, 0.18, 0.12, 0.08, 0.05, 0.02]","[0.3, 0.25, 0.18, 0.12, 0.08, 0.05, 0.02]","Delay, drop, outlier-selection, and outlier-magnitude random templates are fixed per seed and reused across scenarios."
missing_50,missingness,1119,d70ea405ece480bfb66281af689c8bbd66e62eb4653998d4071d6211128dac60,2190,1173,1012,5,51,0.4621004566210046,0.5356164383561643,0.043478260869565216,1.6296803652968037,1.630861040068201,442,"[0.3, 0.25, 0.18, 0.12, 0.08, 0.05, 0.02]","[0.3, 0.25, 0.18, 0.12, 0.08, 0.05, 0.02]","Delay, drop, outlier-selection, and outlier-magnitude random templates are fixed per seed and reused across scenarios."
missing_50,missingness,1120,485d2bee29d5f6714393769b129bdd233476a826d56c64333934f2966c26326f,2190,1201,982,7,52,0.4484018264840183,0.5484018264840183,0.04329725228975854,1.5744292237442923,1.5312239800166527,431,"[0.3, 0.25, 0.18, 0.12, 0.08, 0.05, 0.02]","[0.3, 0.25, 0.18, 0.12, 0.08, 0.05, 0.02]","Delay, drop, outlier-selection, and outlier-magnitude random templates are fixed per seed and reused across scenarios."
prior_mismatch,model_mismatch,1101,2e8117db1393df6831c964d71d489524306437a4c54ee940130721f74a98442a,2190,1993,181,16,128,0.08264840182648402,0.9100456621004567,0.06422478675363773,3.3255707762557076,3.340190667335675,1137,"[0.12, 0.13, 0.14, 0.15, 0.14, 0.11, 0.09, 0.07, 0.05]","[0.3, 0.25, 0.18, 0.12, 0.08, 0.05, 0.02, 0.0, 0.0]","Delay, drop, outlier-selection, and outlier-magnitude random templates are fixed per seed and reused across scenarios."
prior_mismatch,model_mismatch,1102,80c9d01b0b5023a8c2af5d859428382856dba75dde186c03fdb91321297f2b6e,2190,1980,194,16,117,0.08858447488584476,0.9041095890410958,0.05909090909090909,3.3269406392694063,3.2934343434343436,1142,"[0.12, 0.13, 0.14, 0.15, 0.14, 0.11, 0.09, 0.07, 0.05]","[0.3, 0.25, 0.18, 0.12, 0.08, 0.05, 0.02, 0.0, 0.0]","Delay, drop, outlier-selection, and outlier-magnitude random templates are fixed per seed and reused across scenarios."
prior_mismatch,model_mismatch,1103,75feb8e197518406b5e49ff6c1070671d8396c7767397a19a17a185f026f1ad6,2190,2000,172,18,107,0.07853881278538813,0.91324200913242,0.0535,3.2091324200913243,3.1595,1112,"[0.12, 0.13, 0.14, 0.15, 0.14, 0.11, 0.09, 0.07, 0.05]","[0.3, 0.25, 0.18, 0.12, 0.08, 0.05, 0.02, 0.0, 0.0]","Delay, drop, outlier-selection, and outlier-magnitude random templates are fixed per seed and reused across scenarios."
prior_mismatch,model_mismatch,1104,6eb207398730e7f12c1c56f0c0dd1420efec85fa85f8f7740206c93ba401f8ee,2190,1987,186,17,118,0.08493150684931507,0.9073059360730593,0.059386009058882736,3.2114155251141554,3.209360845495722,1186,"[0.12, 0.13, 0.14, 0.15, 0.14, 0.11, 0.09, 0.07, 0.05]","[0.3, 0.25, 0.18, 0.12, 0.08, 0.05, 0.02, 0.0, 0.0]","Delay, drop, outlier-selection, and outlier-magnitude random templates are fixed per seed and reused across scenarios."
prior_mismatch,model_mismatch,1105,3962aefa08f28d16f3d315e14869049bcd8feec1ce9e4f953c3316cdcca34491,2190,1962,212,16,106,0.09680365296803653,0.8958904109589041,0.05402650356778797,3.228767123287671,3.2329255861365955,1102,"[0.12, 0.13, 0.14, 0.15, 0.14, 0.11, 0.09, 0.07, 0.05]","[0.3, 0.25, 0.18, 0.12, 0.08, 0.05, 0.02, 0.0, 0.0]","Delay, drop, outlier-selection, and outlier-magnitude random templates are fixed per seed and reused across scenarios."
prior_mismatch,model_mismatch,1106,bd1969f6e07b6c4605669c335b3fc1c703e31979f4c84cf53b7c70ea1a3770b7,2190,1984,191,15,98,0.08721461187214612,0.9059360730593607,0.04939516129032258,3.2095890410958905,3.190524193548387,1136,"[0.12, 0.13, 0.14, 0.15, 0.14, 0.11, 0.09, 0.07, 0.05]","[0.3, 0.25, 0.18, 0.12, 0.08, 0.05, 0.02, 0.0, 0.0]","Delay, drop, outlier-selection, and outlier-magnitude random templates are fixed per seed and reused across scenarios."
prior_mismatch,model_mismatch,1107,38e98ed3c0b17fdf2082f46d30b2444756eb4598c92e0cd935a238ba0fa990dd,2190,1970,203,17,87,0.09269406392694064,0.8995433789954338,0.04416243654822335,3.2246575342465755,3.196446700507614,1143,"[0.12, 0.13, 0.14, 0.15, 0.14, 0.11, 0.09, 0.07, 0.05]","[0.3, 0.25, 0.18, 0.12, 0.08, 0.05, 0.02, 0.0, 0.0]","Delay, drop, outlier-selection, and outlier-magnitude random templates are fixed per seed and reused across scenarios."
prior_mismatch,model_mismatch,1108,ebcb9a8958189fbfabe12e828acb8708cd12f4dfd7f069eedbb6342058415360,2190,1974,201,15,105,0.09178082191780822,0.9013698630136986,0.05319148936170213,3.217808219178082,3.2391084093211755,1113,"[0.12, 0.13, 0.14, 0.15, 0.14, 0.11, 0.09, 0.07, 0.05]","[0.3, 0.25, 0.18, 0.12, 0.08, 0.05, 0.02, 0.0, 0.0]","Delay, drop, outlier-selection, and outlier-magnitude random templates are fixed per seed and reused across scenarios."
prior_mismatch,model_mismatch,1109,ff17f061492210790111ed697b1402de0cdc6b6567277a1a793371740011ad05,2190,2000,178,12,98,0.08127853881278539,0.91324200913242,0.049,3.225570776255708,3.2125,1129,"[0.12, 0.13, 0.14, 0.15, 0.14, 0.11, 0.09, 0.07, 0.05]","[0.3, 0.25, 0.18, 0.12, 0.08, 0.05, 0.02, 0.0, 0.0]","Delay, drop, outlier-selection, and outlier-magnitude random templates are fixed per seed and reused across scenarios."
prior_mismatch,model_mismatch,1110,5194b17f87ee954f16c15cce66493ca7adb1213ff4b88fdecca2c70afd2af438,2190,1996,176,18,84,0.08036529680365297,0.9114155251141552,0.04208416833667335,3.2940639269406393,3.252004008016032,1152,"[0.12, 0.13, 0.14, 0.15, 0.14, 0.11, 0.09, 0.07, 0.05]","[0.3, 0.25, 0.18, 0.12, 0.08, 0.05, 0.02, 0.0, 0.0]","Delay, drop, outlier-selection, and outlier-magnitude random templates are fixed per seed and reused across scenarios."
prior_mismatch,model_mismatch,1111,896f484fceb83300fe5cd4e1040a57af1e143a2774ca2c3f540672953d0449c4,2190,1991,181,18,96,0.08264840182648402,0.9091324200913242,0.048216976393771975,3.324200913242009,3.3345052737317933,1132,"[0.12, 0.13, 0.14, 0.15, 0.14, 0.11, 0.09, 0.07, 0.05]","[0.3, 0.25, 0.18, 0.12, 0.08, 0.05, 0.02, 0.0, 0.0]","Delay, drop, outlier-selection, and outlier-magnitude random templates are fixed per seed and reused across scenarios."
prior_mismatch,model_mismatch,1112,b9c1dd5bccc066658412d0902bbe86b9604b57b83f2405e7f0c0714d6fea4bd3,2190,1968,205,17,97,0.09360730593607305,0.8986301369863013,0.04928861788617886,3.221461187214612,3.2352642276422765,1119,"[0.12, 0.13, 0.14, 0.15, 0.14, 0.11, 0.09, 0.07, 0.05]","[0.3, 0.25, 0.18, 0.12, 0.08, 0.05, 0.02, 0.0, 0.0]","Delay, drop, outlier-selection, and outlier-magnitude random templates are fixed per seed and reused across scenarios."
prior_mismatch,model_mismatch,1113,36504c0b89505b6da26f9e6e498f4d3cc8bba63d3f773ac12e8db4b5e691a99a,2190,1967,202,21,104,0.09223744292237443,0.8981735159817351,0.05287239450940519,3.2073059360730594,3.1809862735129637,1087,"[0.12, 0.13, 0.14, 0.15, 0.14, 0.11, 0.09, 0.07, 0.05]","[0.3, 0.25, 0.18, 0.12, 0.08, 0.05, 0.02, 0.0, 0.0]","Delay, drop, outlier-selection, and outlier-magnitude random templates are fixed per seed and reused across scenarios."
prior_mismatch,model_mismatch,1114,fbbacd6016490327df227046affd0969bea999fe2d013212fd1ff8ad54835b83,2190,1979,199,12,101,0.0908675799086758,0.9036529680365297,0.05103587670540677,3.237899543378995,3.2314300151591713,1146,"[0.12, 0.13, 0.14, 0.15, 0.14, 0.11, 0.09, 0.07, 0.05]","[0.3, 0.25, 0.18, 0.12, 0.08, 0.05, 0.02, 0.0, 0.0]","Delay, drop, outlier-selection, and outlier-magnitude random templates are fixed per seed and reused across scenarios."
prior_mismatch,model_mismatch,1115,03443e80b8bbc0da2af0e609c3ae5a14e97ac9ace4ba2b017122e04631afbc60,2190,1972,197,21,97,0.08995433789954338,0.9004566210045662,0.049188640973630834,3.243835616438356,3.2084178498985803,1145,"[0.12, 0.13, 0.14, 0.15, 0.14, 0.11, 0.09, 0.07, 0.05]","[0.3, 0.25, 0.18, 0.12, 0.08, 0.05, 0.02, 0.0, 0.0]","Delay, drop, outlier-selection, and outlier-magnitude random templates are fixed per seed and reused across scenarios."
prior_mismatch,model_mismatch,1116,020246766f1ca579e6060759653f8dabc08bf2e5cfb7ae3a6d3e8636134f540a,2190,1984,189,17,102,0.0863013698630137,0.9059360730593607,0.05141129032258065,3.2447488584474886,3.2121975806451615,1093,"[0.12, 0.13, 0.14, 0.15, 0.14, 0.11, 0.09, 0.07, 0.05]","[0.3, 0.25, 0.18, 0.12, 0.08, 0.05, 0.02, 0.0, 0.0]","Delay, drop, outlier-selection, and outlier-magnitude random templates are fixed per seed and reused across scenarios."
prior_mismatch,model_mismatch,1117,79d5ea0a45d917e192e9499562f9dea4928533002e33319bcfce620322ad37f7,2190,1960,211,19,100,0.09634703196347032,0.8949771689497716,0.05102040816326531,3.258904109589041,3.237755102040816,1134,"[0.12, 0.13, 0.14, 0.15, 0.14, 0.11, 0.09, 0.07, 0.05]","[0.3, 0.25, 0.18, 0.12, 0.08, 0.05, 0.02, 0.0, 0.0]","Delay, drop, outlier-selection, and outlier-magnitude random templates are fixed per seed and reused across scenarios."
prior_mismatch,model_mismatch,1118,fc97c660d562ab49c76915d97f8f1db3b5fa8ff6392b723374995d83a1dd96e9,2190,1991,178,21,83,0.08127853881278539,0.9091324200913242,0.04168759417378202,3.241095890410959,3.2526368658965343,1122,"[0.12, 0.13, 0.14, 0.15, 0.14, 0.11, 0.09, 0.07, 0.05]","[0.3, 0.25, 0.18, 0.12, 0.08, 0.05, 0.02, 0.0, 0.0]","Delay, drop, outlier-selection, and outlier-magnitude random templates are fixed per seed and reused across scenarios."
prior_mismatch,model_mismatch,1119,d70ea405ece480bfb66281af689c8bbd66e62eb4653998d4071d6211128dac60,2190,1960,212,18,98,0.09680365296803653,0.8949771689497716,0.05,3.317808219178082,3.2994897959183676,1123,"[0.12, 0.13, 0.14, 0.15, 0.14, 0.11, 0.09, 0.07, 0.05]","[0.3, 0.25, 0.18, 0.12, 0.08, 0.05, 0.02, 0.0, 0.0]","Delay, drop, outlier-selection, and outlier-magnitude random templates are fixed per seed and reused across scenarios."
prior_mismatch,model_mismatch,1120,485d2bee29d5f6714393769b129bdd233476a826d56c64333934f2966c26326f,2190,1957,210,23,77,0.0958904109589041,0.8936073059360731,0.03934593765968319,3.252054794520548,3.238630556974962,1072,"[0.12, 0.13, 0.14, 0.15, 0.14, 0.11, 0.09, 0.07, 0.05]","[0.3, 0.25, 0.18, 0.12, 0.08, 0.05, 0.02, 0.0, 0.0]","Delay, drop, outlier-selection, and outlier-magnitude random templates are fixed per seed and reused across scenarios."
outlier_00,outlier,1101,2e8117db1393df6831c964d71d489524306437a4c54ee940130721f74a98442a,2190,2004,181,5,0,0.08264840182648402,0.915068493150685,0.0,1.6264840182648401,1.6397205588822354,1105,"[0.3, 0.25, 0.18, 0.12, 0.08, 0.05, 0.02]","[0.3, 0.25, 0.18, 0.12, 0.08, 0.05, 0.02]","Delay, drop, outlier-selection, and outlier-magnitude random templates are fixed per seed and reused across scenarios."
outlier_00,outlier,1102,80c9d01b0b5023a8c2af5d859428382856dba75dde186c03fdb91321297f2b6e,2190,1987,194,9,0,0.08858447488584476,0.9073059360730593,0.0,1.6333333333333333,1.6134876698540512,1035,"[0.3, 0.25, 0.18, 0.12, 0.08, 0.05, 0.02]","[0.3, 0.25, 0.18, 0.12, 0.08, 0.05, 0.02]","Delay, drop, outlier-selection, and outlier-magnitude random templates are fixed per seed and reused across scenarios."
outlier_00,outlier,1103,75feb8e197518406b5e49ff6c1070671d8396c7767397a19a17a185f026f1ad6,2190,2009,172,9,0,0.07853881278538813,0.917351598173516,0.0,1.5547945205479452,1.5331010452961673,1090,"[0.3, 0.25, 0.18, 0.12, 0.08, 0.05, 0.02]","[0.3, 0.25, 0.18, 0.12, 0.08, 0.05, 0.02]","Delay, drop, outlier-selection, and outlier-magnitude random templates are fixed per seed and reused across scenarios."
outlier_00,outlier,1104,6eb207398730e7f12c1c56f0c0dd1420efec85fa85f8f7740206c93ba401f8ee,2190,1995,186,9,0,0.08493150684931507,0.910958904109589,0.0,1.5570776255707763,1.5578947368421052,1027,"[0.3, 0.25, 0.18, 0.12, 0.08, 0.05, 0.02]","[0.3, 0.25, 0.18, 0.12, 0.08, 0.05, 0.02]","Delay, drop, outlier-selection, and outlier-magnitude random templates are fixed per seed and reused across scenarios."
outlier_00,outlier,1105,3962aefa08f28d16f3d315e14869049bcd8feec1ce9e4f953c3316cdcca34491,2190,1969,212,9,0,0.09680365296803653,0.8990867579908676,0.0,1.5771689497716894,1.585576434738446,1069,"[0.3, 0.25, 0.18, 0.12, 0.08, 0.05, 0.02]","[0.3, 0.25, 0.18, 0.12, 0.08, 0.05, 0.02]","Delay, drop, outlier-selection, and outlier-magnitude random templates are fixed per seed and reused across scenarios."
outlier_00,outlier,1106,bd1969f6e07b6c4605669c335b3fc1c703e31979f4c84cf53b7c70ea1a3770b7,2190,1990,191,9,0,0.08721461187214612,0.908675799086758,0.0,1.5621004566210046,1.5527638190954773,1054,"[0.3, 0.25, 0.18, 0.12, 0.08, 0.05, 0.02]","[0.3, 0.25, 0.18, 0.12, 0.08, 0.05, 0.02]","Delay, drop, outlier-selection, and outlier-magnitude random templates are fixed per seed and reused across scenarios."
outlier_00,outlier,1107,38e98ed3c0b17fdf2082f46d30b2444756eb4598c92e0cd935a238ba0fa990dd,2190,1978,203,9,0,0.09269406392694064,0.9031963470319635,0.0,1.5744292237442923,1.5626895854398382,1067,"[0.3, 0.25, 0.18, 0.12, 0.08, 0.05, 0.02]","[0.3, 0.25, 0.18, 0.12, 0.08, 0.05, 0.02]","Delay, drop, outlier-selection, and outlier-magnitude random templates are fixed per seed and reused across scenarios."
outlier_00,outlier,1108,ebcb9a8958189fbfabe12e828acb8708cd12f4dfd7f069eedbb6342058415360,2190,1987,201,2,0,0.09178082191780822,0.9073059360730593,0.0,1.5625570776255708,1.5787619526925012,1049,"[0.3, 0.25, 0.18, 0.12, 0.08, 0.05, 0.02]","[0.3, 0.25, 0.18, 0.12, 0.08, 0.05, 0.02]","Delay, drop, outlier-selection, and outlier-magnitude random templates are fixed per seed and reused across scenarios."
outlier_00,outlier,1109,ff17f061492210790111ed697b1402de0cdc6b6567277a1a793371740011ad05,2190,2006,178,6,0,0.08127853881278539,0.9159817351598174,0.0,1.5789954337899543,1.5752741774675971,1094,"[0.3, 0.25, 0.18, 0.12, 0.08, 0.05, 0.02]","[0.3, 0.25, 0.18, 0.12, 0.08, 0.05, 0.02]","Delay, drop, outlier-selection, and outlier-magnitude random templates are fixed per seed and reused across scenarios."
outlier_00,outlier,1110,5194b17f87ee954f16c15cce66493ca7adb1213ff4b88fdecca2c70afd2af438,2190,2006,176,8,0,0.08036529680365297,0.9159817351598174,0.0,1.6105022831050229,1.5912263210368893,1067,"[0.3, 0.25, 0.18, 0.12, 0.08, 0.05, 0.02]","[0.3, 0.25, 0.18, 0.12, 0.08, 0.05, 0.02]","Delay, drop, outlier-selection, and outlier-magnitude random templates are fixed per seed and reused across scenarios."
outlier_00,outlier,1111,896f484fceb83300fe5cd4e1040a57af1e143a2774ca2c3f540672953d0449c4,2190,1998,181,11,0,0.08264840182648402,0.9123287671232877,0.0,1.6474885844748859,1.6546546546546546,1096,"[0.3, 0.25, 0.18, 0.12, 0.08, 0.05, 0.02]","[0.3, 0.25, 0.18, 0.12, 0.08, 0.05, 0.02]","Delay, drop, outlier-selection, and outlier-magnitude random templates are fixed per seed and reused across scenarios."
outlier_00,outlier,1112,b9c1dd5bccc066658412d0902bbe86b9604b57b83f2405e7f0c0714d6fea4bd3,2190,1975,205,10,0,0.09360730593607305,0.9018264840182648,0.0,1.5689497716894978,1.5812658227848102,1033,"[0.3, 0.25, 0.18, 0.12, 0.08, 0.05, 0.02]","[0.3, 0.25, 0.18, 0.12, 0.08, 0.05, 0.02]","Delay, drop, outlier-selection, and outlier-magnitude random templates are fixed per seed and reused across scenarios."
outlier_00,outlier,1113,36504c0b89505b6da26f9e6e498f4d3cc8bba63d3f773ac12e8db4b5e691a99a,2190,1981,202,7,0,0.09223744292237443,0.9045662100456621,0.0,1.5442922374429224,1.536092882382635,1059,"[0.3, 0.25, 0.18, 0.12, 0.08, 0.05, 0.02]","[0.3, 0.25, 0.18, 0.12, 0.08, 0.05, 0.02]","Delay, drop, outlier-selection, and outlier-magnitude random templates are fixed per seed and reused across scenarios."
outlier_00,outlier,1114,fbbacd6016490327df227046affd0969bea999fe2d013212fd1ff8ad54835b83,2190,1984,199,7,0,0.0908675799086758,0.9059360730593607,0.0,1.5584474885844748,1.5630040322580645,1089,"[0.3, 0.25, 0.18, 0.12, 0.08, 0.05, 0.02]","[0.3, 0.25, 0.18, 0.12, 0.08, 0.05, 0.02]","Delay, drop, outlier-selection, and outlier-magnitude random templates are fixed per seed and reused across scenarios."
outlier_00,outlier,1115,03443e80b8bbc0da2af0e609c3ae5a14e97ac9ace4ba2b017122e04631afbc60,2190,1984,197,9,0,0.08995433789954338,0.9059360730593607,0.0,1.5684931506849316,1.5504032258064515,1036,"[0.3, 0.25, 0.18, 0.12, 0.08, 0.05, 0.02]","[0.3, 0.25, 0.18, 0.12, 0.08, 0.05, 0.02]","Delay, drop, outlier-selection, and outlier-magnitude random templates are fixed per seed and reused across scenarios."
outlier_00,outlier,1116,020246766f1ca579e6060759653f8dabc08bf2e5cfb7ae3a6d3e8636134f540a,2190,1990,189,11,0,0.0863013698630137,0.908675799086758,0.0,1.575799086757991,1.5562814070351758,1119,"[0.3, 0.25, 0.18, 0.12, 0.08, 0.05, 0.02]","[0.3, 0.25, 0.18, 0.12, 0.08, 0.05, 0.02]","Delay, drop, outlier-selection, and outlier-magnitude random templates are fixed per seed and reused across scenarios."
outlier_00,outlier,1117,79d5ea0a45d917e192e9499562f9dea4928533002e33319bcfce620322ad37f7,2190,1971,211,8,0,0.09634703196347032,0.9,0.0,1.6073059360730593,1.6027397260273972,1031,"[0.3, 0.25, 0.18, 0.12, 0.08, 0.05, 0.02]","[0.3, 0.25, 0.18, 0.12, 0.08, 0.05, 0.02]","Delay, drop, outlier-selection, and outlier-magnitude random templates are fixed per seed and reused across scenarios."
outlier_00,outlier,1118,fc97c660d562ab49c76915d97f8f1db3b5fa8ff6392b723374995d83a1dd96e9,2190,2001,178,11,0,0.08127853881278539,0.9136986301369863,0.0,1.5835616438356164,1.592703648175912,1104,"[0.3, 0.25, 0.18, 0.12, 0.08, 0.05, 0.02]","[0.3, 0.25, 0.18, 0.12, 0.08, 0.05, 0.02]","Delay, drop, outlier-selection, and outlier-magnitude random templates are fixed per seed and reused across scenarios."
outlier_00,outlier,1119,d70ea405ece480bfb66281af689c8bbd66e62eb4653998d4071d6211128dac60,2190,1971,212,7,0,0.09680365296803653,0.9,0.0,1.6296803652968037,1.6250634195839675,1097,"[0.3, 0.25, 0.18, 0.12, 0.08, 0.05, 0.02]","[0.3, 0.25, 0.18, 0.12, 0.08, 0.05, 0.02]","Delay, drop, outlier-selection, and outlier-magnitude random templates are fixed per seed and reused across scenarios."
outlier_00,outlier,1120,485d2bee29d5f6714393769b129bdd233476a826d56c64333934f2966c26326f,2190,1968,210,12,0,0.0958904109589041,0.8986301369863013,0.0,1.5744292237442923,1.5670731707317074,1064,"[0.3, 0.25, 0.18, 0.12, 0.08, 0.05, 0.02]","[0.3, 0.25, 0.18, 0.12, 0.08, 0.05, 0.02]","Delay, drop, outlier-selection, and outlier-magnitude random templates are fixed per seed and reused across scenarios."
outlier_05,outlier,1101,2e8117db1393df6831c964d71d489524306437a4c54ee940130721f74a98442a,2190,2004,181,5,128,0.08264840182648402,0.915068493150685,0.06387225548902195,1.6264840182648401,1.6397205588822354,1105,"[0.3, 0.25, 0.18, 0.12, 0.08, 0.05, 0.02]","[0.3, 0.25, 0.18, 0.12, 0.08, 0.05, 0.02]","Delay, drop, outlier-selection, and outlier-magnitude random templates are fixed per seed and reused across scenarios."
outlier_05,outlier,1102,80c9d01b0b5023a8c2af5d859428382856dba75dde186c03fdb91321297f2b6e,2190,1987,194,9,118,0.08858447488584476,0.9073059360730593,0.059386009058882736,1.6333333333333333,1.6134876698540512,1035,"[0.3, 0.25, 0.18, 0.12, 0.08, 0.05, 0.02]","[0.3, 0.25, 0.18, 0.12, 0.08, 0.05, 0.02]","Delay, drop, outlier-selection, and outlier-magnitude random templates are fixed per seed and reused across scenarios."
outlier_05,outlier,1103,75feb8e197518406b5e49ff6c1070671d8396c7767397a19a17a185f026f1ad6,2190,2009,172,9,107,0.07853881278538813,0.917351598173516,0.053260328521652564,1.5547945205479452,1.5331010452961673,1090,"[0.3, 0.25, 0.18, 0.12, 0.08, 0.05, 0.02]","[0.3, 0.25, 0.18, 0.12, 0.08, 0.05, 0.02]","Delay, drop, outlier-selection, and outlier-magnitude random templates are fixed per seed and reused across scenarios."
outlier_05,outlier,1104,6eb207398730e7f12c1c56f0c0dd1420efec85fa85f8f7740206c93ba401f8ee,2190,1995,186,9,118,0.08493150684931507,0.910958904109589,0.05914786967418546,1.5570776255707763,1.5578947368421052,1027,"[0.3, 0.25, 0.18, 0.12, 0.08, 0.05, 0.02]","[0.3, 0.25, 0.18, 0.12, 0.08, 0.05, 0.02]","Delay, drop, outlier-selection, and outlier-magnitude random templates are fixed per seed and reused across scenarios."
outlier_05,outlier,1105,3962aefa08f28d16f3d315e14869049bcd8feec1ce9e4f953c3316cdcca34491,2190,1969,212,9,106,0.09680365296803653,0.8990867579908676,0.05383443372270188,1.5771689497716894,1.585576434738446,1069,"[0.3, 0.25, 0.18, 0.12, 0.08, 0.05, 0.02]","[0.3, 0.25, 0.18, 0.12, 0.08, 0.05, 0.02]","Delay, drop, outlier-selection, and outlier-magnitude random templates are fixed per seed and reused across scenarios."
outlier_05,outlier,1106,bd1969f6e07b6c4605669c335b3fc1c703e31979f4c84cf53b7c70ea1a3770b7,2190,1990,191,9,98,0.08721461187214612,0.908675799086758,0.04924623115577889,1.5621004566210046,1.5527638190954773,1054,"[0.3, 0.25, 0.18, 0.12, 0.08, 0.05, 0.02]","[0.3, 0.25, 0.18, 0.12, 0.08, 0.05, 0.02]","Delay, drop, outlier-selection, and outlier-magnitude random templates are fixed per seed and reused across scenarios."
outlier_05,outlier,1107,38e98ed3c0b17fdf2082f46d30b2444756eb4598c92e0cd935a238ba0fa990dd,2190,1978,203,9,87,0.09269406392694064,0.9031963470319635,0.04398382204246714,1.5744292237442923,1.5626895854398382,1067,"[0.3, 0.25, 0.18, 0.12, 0.08, 0.05, 0.02]","[0.3, 0.25, 0.18, 0.12, 0.08, 0.05, 0.02]","Delay, drop, outlier-selection, and outlier-magnitude random templates are fixed per seed and reused across scenarios."
outlier_05,outlier,1108,ebcb9a8958189fbfabe12e828acb8708cd12f4dfd7f069eedbb6342058415360,2190,1987,201,2,105,0.09178082191780822,0.9073059360730593,0.05284348263714142,1.5625570776255708,1.5787619526925012,1049,"[0.3, 0.25, 0.18, 0.12, 0.08, 0.05, 0.02]","[0.3, 0.25, 0.18, 0.12, 0.08, 0.05, 0.02]","Delay, drop, outlier-selection, and outlier-magnitude random templates are fixed per seed and reused across scenarios."
outlier_05,outlier,1109,ff17f061492210790111ed697b1402de0cdc6b6567277a1a793371740011ad05,2190,2006,178,6,99,0.08127853881278539,0.9159817351598174,0.04935194416749751,1.5789954337899543,1.5752741774675971,1094,"[0.3, 0.25, 0.18, 0.12, 0.08, 0.05, 0.02]","[0.3, 0.25, 0.18, 0.12, 0.08, 0.05, 0.02]","Delay, drop, outlier-selection, and outlier-magnitude random templates are fixed per seed and reused across scenarios."
outlier_05,outlier,1110,5194b17f87ee954f16c15cce66493ca7adb1213ff4b88fdecca2c70afd2af438,2190,2006,176,8,85,0.08036529680365297,0.9159817351598174,0.0423728813559322,1.6105022831050229,1.5912263210368893,1067,"[0.3, 0.25, 0.18, 0.12, 0.08, 0.05, 0.02]","[0.3, 0.25, 0.18, 0.12, 0.08, 0.05, 0.02]","Delay, drop, outlier-selection, and outlier-magnitude random templates are fixed per seed and reused across scenarios."
outlier_05,outlier,1111,896f484fceb83300fe5cd4e1040a57af1e143a2774ca2c3f540672953d0449c4,2190,1998,181,11,96,0.08264840182648402,0.9123287671232877,0.04804804804804805,1.6474885844748859,1.6546546546546546,1096,"[0.3, 0.25, 0.18, 0.12, 0.08, 0.05, 0.02]","[0.3, 0.25, 0.18, 0.12, 0.08, 0.05, 0.02]","Delay, drop, outlier-selection, and outlier-magnitude random templates are fixed per seed and reused across scenarios."
outlier_05,outlier,1112,b9c1dd5bccc066658412d0902bbe86b9604b57b83f2405e7f0c0714d6fea4bd3,2190,1975,205,10,97,0.09360730593607305,0.9018264840182648,0.04911392405063291,1.5689497716894978,1.5812658227848102,1033,"[0.3, 0.25, 0.18, 0.12, 0.08, 0.05, 0.02]","[0.3, 0.25, 0.18, 0.12, 0.08, 0.05, 0.02]","Delay, drop, outlier-selection, and outlier-magnitude random templates are fixed per seed and reused across scenarios."
outlier_05,outlier,1113,36504c0b89505b6da26f9e6e498f4d3cc8bba63d3f773ac12e8db4b5e691a99a,2190,1981,202,7,105,0.09223744292237443,0.9045662100456621,0.053003533568904596,1.5442922374429224,1.536092882382635,1059,"[0.3, 0.25, 0.18, 0.12, 0.08, 0.05, 0.02]","[0.3, 0.25, 0.18, 0.12, 0.08, 0.05, 0.02]","Delay, drop, outlier-selection, and outlier-magnitude random templates are fixed per seed and reused across scenarios."
outlier_05,outlier,1114,fbbacd6016490327df227046affd0969bea999fe2d013212fd1ff8ad54835b83,2190,1984,199,7,101,0.0908675799086758,0.9059360730593607,0.05090725806451613,1.5584474885844748,1.5630040322580645,1089,"[0.3, 0.25, 0.18, 0.12, 0.08, 0.05, 0.02]","[0.3, 0.25, 0.18, 0.12, 0.08, 0.05, 0.02]","Delay, drop, outlier-selection, and outlier-magnitude random templates are fixed per seed and reused across scenarios."
outlier_05,outlier,1115,03443e80b8bbc0da2af0e609c3ae5a14e97ac9ace4ba2b017122e04631afbc60,2190,1984,197,9,98,0.08995433789954338,0.9059360730593607,0.04939516129032258,1.5684931506849316,1.5504032258064515,1036,"[0.3, 0.25, 0.18, 0.12, 0.08, 0.05, 0.02]","[0.3, 0.25, 0.18, 0.12, 0.08, 0.05, 0.02]","Delay, drop, outlier-selection, and outlier-magnitude random templates are fixed per seed and reused across scenarios."
outlier_05,outlier,1116,020246766f1ca579e6060759653f8dabc08bf2e5cfb7ae3a6d3e8636134f540a,2190,1990,189,11,102,0.0863013698630137,0.908675799086758,0.05125628140703518,1.575799086757991,1.5562814070351758,1119,"[0.3, 0.25, 0.18, 0.12, 0.08, 0.05, 0.02]","[0.3, 0.25, 0.18, 0.12, 0.08, 0.05, 0.02]","Delay, drop, outlier-selection, and outlier-magnitude random templates are fixed per seed and reused across scenarios."
outlier_05,outlier,1117,79d5ea0a45d917e192e9499562f9dea4928533002e33319bcfce620322ad37f7,2190,1971,211,8,101,0.09634703196347032,0.9,0.05124302384576357,1.6073059360730593,1.6027397260273972,1031,"[0.3, 0.25, 0.18, 0.12, 0.08, 0.05, 0.02]","[0.3, 0.25, 0.18, 0.12, 0.08, 0.05, 0.02]","Delay, drop, outlier-selection, and outlier-magnitude random templates are fixed per seed and reused across scenarios."
outlier_05,outlier,1118,fc97c660d562ab49c76915d97f8f1db3b5fa8ff6392b723374995d83a1dd96e9,2190,2001,178,11,85,0.08127853881278539,0.9136986301369863,0.04247876061969016,1.5835616438356164,1.592703648175912,1104,"[0.3, 0.25, 0.18, 0.12, 0.08, 0.05, 0.02]","[0.3, 0.25, 0.18, 0.12, 0.08, 0.05, 0.02]","Delay, drop, outlier-selection, and outlier-magnitude random templates are fixed per seed and reused across scenarios."
outlier_05,outlier,1119,d70ea405ece480bfb66281af689c8bbd66e62eb4653998d4071d6211128dac60,2190,1971,212,7,98,0.09680365296803653,0.9,0.04972095383054287,1.6296803652968037,1.6250634195839675,1097,"[0.3, 0.25, 0.18, 0.12, 0.08, 0.05, 0.02]","[0.3, 0.25, 0.18, 0.12, 0.08, 0.05, 0.02]","Delay, drop, outlier-selection, and outlier-magnitude random templates are fixed per seed and reused across scenarios."
outlier_05,outlier,1120,485d2bee29d5f6714393769b129bdd233476a826d56c64333934f2966c26326f,2190,1968,210,12,78,0.0958904109589041,0.8986301369863013,0.039634146341463415,1.5744292237442923,1.5670731707317074,1064,"[0.3, 0.25, 0.18, 0.12, 0.08, 0.05, 0.02]","[0.3, 0.25, 0.18, 0.12, 0.08, 0.05, 0.02]","Delay, drop, outlier-selection, and outlier-magnitude random templates are fixed per seed and reused across scenarios."
outlier_10,outlier,1101,2e8117db1393df6831c964d71d489524306437a4c54ee940130721f74a98442a,2190,2004,181,5,228,0.08264840182648402,0.915068493150685,0.11377245508982035,1.6264840182648401,1.6397205588822354,1105,"[0.3, 0.25, 0.18, 0.12, 0.08, 0.05, 0.02]","[0.3, 0.25, 0.18, 0.12, 0.08, 0.05, 0.02]","Delay, drop, outlier-selection, and outlier-magnitude random templates are fixed per seed and reused across scenarios."
outlier_10,outlier,1102,80c9d01b0b5023a8c2af5d859428382856dba75dde186c03fdb91321297f2b6e,2190,1987,194,9,205,0.08858447488584476,0.9073059360730593,0.10317060895822848,1.6333333333333333,1.6134876698540512,1035,"[0.3, 0.25, 0.18, 0.12, 0.08, 0.05, 0.02]","[0.3, 0.25, 0.18, 0.12, 0.08, 0.05, 0.02]","Delay, drop, outlier-selection, and outlier-magnitude random templates are fixed per seed and reused across scenarios."
outlier_10,outlier,1103,75feb8e197518406b5e49ff6c1070671d8396c7767397a19a17a185f026f1ad6,2190,2009,172,9,199,0.07853881278538813,0.917351598173516,0.09905425584868094,1.5547945205479452,1.5331010452961673,1090,"[0.3, 0.25, 0.18, 0.12, 0.08, 0.05, 0.02]","[0.3, 0.25, 0.18, 0.12, 0.08, 0.05, 0.02]","Delay, drop, outlier-selection, and outlier-magnitude random templates are fixed per seed and reused across scenarios."
outlier_10,outlier,1104,6eb207398730e7f12c1c56f0c0dd1420efec85fa85f8f7740206c93ba401f8ee,2190,1995,186,9,211,0.08493150684931507,0.910958904109589,0.10576441102756892,1.5570776255707763,1.5578947368421052,1027,"[0.3, 0.25, 0.18, 0.12, 0.08, 0.05, 0.02]","[0.3, 0.25, 0.18, 0.12, 0.08, 0.05, 0.02]","Delay, drop, outlier-selection, and outlier-magnitude random templates are fixed per seed and reused across scenarios."
outlier_10,outlier,1105,3962aefa08f28d16f3d315e14869049bcd8feec1ce9e4f953c3316cdcca34491,2190,1969,212,9,204,0.09680365296803653,0.8990867579908676,0.10360589131538853,1.5771689497716894,1.585576434738446,1069,"[0.3, 0.25, 0.18, 0.12, 0.08, 0.05, 0.02]","[0.3, 0.25, 0.18, 0.12, 0.08, 0.05, 0.02]","Delay, drop, outlier-selection, and outlier-magnitude random templates are fixed per seed and reused across scenarios."
outlier_10,outlier,1106,bd1969f6e07b6c4605669c335b3fc1c703e31979f4c84cf53b7c70ea1a3770b7,2190,1990,191,9,196,0.08721461187214612,0.908675799086758,0.09849246231155778,1.5621004566210046,1.5527638190954773,1054,"[0.3, 0.25, 0.18, 0.12, 0.08, 0.05, 0.02]","[0.3, 0.25, 0.18, 0.12, 0.08, 0.05, 0.02]","Delay, drop, outlier-selection, and outlier-magnitude random templates are fixed per seed and reused across scenarios."
outlier_10,outlier,1107,38e98ed3c0b17fdf2082f46d30b2444756eb4598c92e0cd935a238ba0fa990dd,2190,1978,203,9,187,0.09269406392694064,0.9031963470319635,0.09453993933265925,1.5744292237442923,1.5626895854398382,1067,"[0.3, 0.25, 0.18, 0.12, 0.08, 0.05, 0.02]","[0.3, 0.25, 0.18, 0.12, 0.08, 0.05, 0.02]","Delay, drop, outlier-selection, and outlier-magnitude random templates are fixed per seed and reused across scenarios."
outlier_10,outlier,1108,ebcb9a8958189fbfabe12e828acb8708cd12f4dfd7f069eedbb6342058415360,2190,1987,201,2,203,0.09178082191780822,0.9073059360730593,0.10216406643180674,1.5625570776255708,1.5787619526925012,1049,"[0.3, 0.25, 0.18, 0.12, 0.08, 0.05, 0.02]","[0.3, 0.25, 0.18, 0.12, 0.08, 0.05, 0.02]","Delay, drop, outlier-selection, and outlier-magnitude random templates are fixed per seed and reused across scenarios."
outlier_10,outlier,1109,ff17f061492210790111ed697b1402de0cdc6b6567277a1a793371740011ad05,2190,2006,178,6,206,0.08127853881278539,0.9159817351598174,0.10269192422731804,1.5789954337899543,1.5752741774675971,1094,"[0.3, 0.25, 0.18, 0.12, 0.08, 0.05, 0.02]","[0.3, 0.25, 0.18, 0.12, 0.08, 0.05, 0.02]","Delay, drop, outlier-selection, and outlier-magnitude random templates are fixed per seed and reused across scenarios."
outlier_10,outlier,1110,5194b17f87ee954f16c15cce66493ca7adb1213ff4b88fdecca2c70afd2af438,2190,2006,176,8,184,0.08036529680365297,0.9159817351598174,0.09172482552342971,1.6105022831050229,1.5912263210368893,1067,"[0.3, 0.25, 0.18, 0.12, 0.08, 0.05, 0.02]","[0.3, 0.25, 0.18, 0.12, 0.08, 0.05, 0.02]","Delay, drop, outlier-selection, and outlier-magnitude random templates are fixed per seed and reused across scenarios."
outlier_10,outlier,1111,896f484fceb83300fe5cd4e1040a57af1e143a2774ca2c3f540672953d0449c4,2190,1998,181,11,185,0.08264840182648402,0.9123287671232877,0.09259259259259259,1.6474885844748859,1.6546546546546546,1096,"[0.3, 0.25, 0.18, 0.12, 0.08, 0.05, 0.02]","[0.3, 0.25, 0.18, 0.12, 0.08, 0.05, 0.02]","Delay, drop, outlier-selection, and outlier-magnitude random templates are fixed per seed and reused across scenarios."
outlier_10,outlier,1112,b9c1dd5bccc066658412d0902bbe86b9604b57b83f2405e7f0c0714d6fea4bd3,2190,1975,205,10,177,0.09360730593607305,0.9018264840182648,0.08962025316455696,1.5689497716894978,1.5812658227848102,1033,"[0.3, 0.25, 0.18, 0.12, 0.08, 0.05, 0.02]","[0.3, 0.25, 0.18, 0.12, 0.08, 0.05, 0.02]","Delay, drop, outlier-selection, and outlier-magnitude random templates are fixed per seed and reused across scenarios."
outlier_10,outlier,1113,36504c0b89505b6da26f9e6e498f4d3cc8bba63d3f773ac12e8db4b5e691a99a,2190,1981,202,7,192,0.09223744292237443,0.9045662100456621,0.09692074709742554,1.5442922374429224,1.536092882382635,1059,"[0.3, 0.25, 0.18, 0.12, 0.08, 0.05, 0.02]","[0.3, 0.25, 0.18, 0.12, 0.08, 0.05, 0.02]","Delay, drop, outlier-selection, and outlier-magnitude random templates are fixed per seed and reused across scenarios."
outlier_10,outlier,1114,fbbacd6016490327df227046affd0969bea999fe2d013212fd1ff8ad54835b83,2190,1984,199,7,211,0.0908675799086758,0.9059360730593607,0.1063508064516129,1.5584474885844748,1.5630040322580645,1089,"[0.3, 0.25, 0.18, 0.12, 0.08, 0.05, 0.02]","[0.3, 0.25, 0.18, 0.12, 0.08, 0.05, 0.02]","Delay, drop, outlier-selection, and outlier-magnitude random templates are fixed per seed and reused across scenarios."
outlier_10,outlier,1115,03443e80b8bbc0da2af0e609c3ae5a14e97ac9ace4ba2b017122e04631afbc60,2190,1984,197,9,199,0.08995433789954338,0.9059360730593607,0.1003024193548387,1.5684931506849316,1.5504032258064515,1036,"[0.3, 0.25, 0.18, 0.12, 0.08, 0.05, 0.02]","[0.3, 0.25, 0.18, 0.12, 0.08, 0.05, 0.02]","Delay, drop, outlier-selection, and outlier-magnitude random templates are fixed per seed and reused across scenarios."
outlier_10,outlier,1116,020246766f1ca579e6060759653f8dabc08bf2e5cfb7ae3a6d3e8636134f540a,2190,1990,189,11,193,0.0863013698630137,0.908675799086758,0.09698492462311557,1.575799086757991,1.5562814070351758,1119,"[0.3, 0.25, 0.18, 0.12, 0.08, 0.05, 0.02]","[0.3, 0.25, 0.18, 0.12, 0.08, 0.05, 0.02]","Delay, drop, outlier-selection, and outlier-magnitude random templates are fixed per seed and reused across scenarios."
outlier_10,outlier,1117,79d5ea0a45d917e192e9499562f9dea4928533002e33319bcfce620322ad37f7,2190,1971,211,8,198,0.09634703196347032,0.9,0.1004566210045662,1.6073059360730593,1.6027397260273972,1031,"[0.3, 0.25, 0.18, 0.12, 0.08, 0.05, 0.02]","[0.3, 0.25, 0.18, 0.12, 0.08, 0.05, 0.02]","Delay, drop, outlier-selection, and outlier-magnitude random templates are fixed per seed and reused across scenarios."
outlier_10,outlier,1118,fc97c660d562ab49c76915d97f8f1db3b5fa8ff6392b723374995d83a1dd96e9,2190,2001,178,11,197,0.08127853881278539,0.9136986301369863,0.09845077461269365,1.5835616438356164,1.592703648175912,1104,"[0.3, 0.25, 0.18, 0.12, 0.08, 0.05, 0.02]","[0.3, 0.25, 0.18, 0.12, 0.08, 0.05, 0.02]","Delay, drop, outlier-selection, and outlier-magnitude random templates are fixed per seed and reused across scenarios."
outlier_10,outlier,1119,d70ea405ece480bfb66281af689c8bbd66e62eb4653998d4071d6211128dac60,2190,1971,212,7,200,0.09680365296803653,0.9,0.10147133434804667,1.6296803652968037,1.6250634195839675,1097,"[0.3, 0.25, 0.18, 0.12, 0.08, 0.05, 0.02]","[0.3, 0.25, 0.18, 0.12, 0.08, 0.05, 0.02]","Delay, drop, outlier-selection, and outlier-magnitude random templates are fixed per seed and reused across scenarios."
outlier_10,outlier,1120,485d2bee29d5f6714393769b129bdd233476a826d56c64333934f2966c26326f,2190,1968,210,12,187,0.0958904109589041,0.8986301369863013,0.09502032520325203,1.5744292237442923,1.5670731707317074,1064,"[0.3, 0.25, 0.18, 0.12, 0.08, 0.05, 0.02]","[0.3, 0.25, 0.18, 0.12, 0.08, 0.05, 0.02]","Delay, drop, outlier-selection, and outlier-magnitude random templates are fixed per seed and reused across scenarios."
outlier_20,outlier,1101,2e8117db1393df6831c964d71d489524306437a4c54ee940130721f74a98442a,2190,2004,181,5,420,0.08264840182648402,0.915068493150685,0.20958083832335328,1.6264840182648401,1.6397205588822354,1105,"[0.3, 0.25, 0.18, 0.12, 0.08, 0.05, 0.02]","[0.3, 0.25, 0.18, 0.12, 0.08, 0.05, 0.02]","Delay, drop, outlier-selection, and outlier-magnitude random templates are fixed per seed and reused across scenarios."
outlier_20,outlier,1102,80c9d01b0b5023a8c2af5d859428382856dba75dde186c03fdb91321297f2b6e,2190,1987,194,9,411,0.08858447488584476,0.9073059360730593,0.20684448917966783,1.6333333333333333,1.6134876698540512,1035,"[0.3, 0.25, 0.18, 0.12, 0.08, 0.05, 0.02]","[0.3, 0.25, 0.18, 0.12, 0.08, 0.05, 0.02]","Delay, drop, outlier-selection, and outlier-magnitude random templates are fixed per seed and reused across scenarios."
outlier_20,outlier,1103,75feb8e197518406b5e49ff6c1070671d8396c7767397a19a17a185f026f1ad6,2190,2009,172,9,417,0.07853881278538813,0.917351598173516,0.20756595321055252,1.5547945205479452,1.5331010452961673,1090,"[0.3, 0.25, 0.18, 0.12, 0.08, 0.05, 0.02]","[0.3, 0.25, 0.18, 0.12, 0.08, 0.05, 0.02]","Delay, drop, outlier-selection, and outlier-magnitude random templates are fixed per seed and reused across scenarios."
outlier_20,outlier,1104,6eb207398730e7f12c1c56f0c0dd1420efec85fa85f8f7740206c93ba401f8ee,2190,1995,186,9,416,0.08493150684931507,0.910958904109589,0.20852130325814536,1.5570776255707763,1.5578947368421052,1027,"[0.3, 0.25, 0.18, 0.12, 0.08, 0.05, 0.02]","[0.3, 0.25, 0.18, 0.12, 0.08, 0.05, 0.02]","Delay, drop, outlier-selection, and outlier-magnitude random templates are fixed per seed and reused across scenarios."
outlier_20,outlier,1105,3962aefa08f28d16f3d315e14869049bcd8feec1ce9e4f953c3316cdcca34491,2190,1969,212,9,394,0.09680365296803653,0.8990867579908676,0.20010157440325038,1.5771689497716894,1.585576434738446,1069,"[0.3, 0.25, 0.18, 0.12, 0.08, 0.05, 0.02]","[0.3, 0.25, 0.18, 0.12, 0.08, 0.05, 0.02]","Delay, drop, outlier-selection, and outlier-magnitude random templates are fixed per seed and reused across scenarios."
outlier_20,outlier,1106,bd1969f6e07b6c4605669c335b3fc1c703e31979f4c84cf53b7c70ea1a3770b7,2190,1990,191,9,410,0.08721461187214612,0.908675799086758,0.20603015075376885,1.5621004566210046,1.5527638190954773,1054,"[0.3, 0.25, 0.18, 0.12, 0.08, 0.05, 0.02]","[0.3, 0.25, 0.18, 0.12, 0.08, 0.05, 0.02]","Delay, drop, outlier-selection, and outlier-magnitude random templates are fixed per seed and reused across scenarios."
outlier_20,outlier,1107,38e98ed3c0b17fdf2082f46d30b2444756eb4598c92e0cd935a238ba0fa990dd,2190,1978,203,9,398,0.09269406392694064,0.9031963470319635,0.2012133468149646,1.5744292237442923,1.5626895854398382,1067,"[0.3, 0.25, 0.18, 0.12, 0.08, 0.05, 0.02]","[0.3, 0.25, 0.18, 0.12, 0.08, 0.05, 0.02]","Delay, drop, outlier-selection, and outlier-magnitude random templates are fixed per seed and reused across scenarios."
outlier_20,outlier,1108,ebcb9a8958189fbfabe12e828acb8708cd12f4dfd7f069eedbb6342058415360,2190,1987,201,2,400,0.09178082191780822,0.9073059360730593,0.20130850528434827,1.5625570776255708,1.5787619526925012,1049,"[0.3, 0.25, 0.18, 0.12, 0.08, 0.05, 0.02]","[0.3, 0.25, 0.18, 0.12, 0.08, 0.05, 0.02]","Delay, drop, outlier-selection, and outlier-magnitude random templates are fixed per seed and reused across scenarios."
outlier_20,outlier,1109,ff17f061492210790111ed697b1402de0cdc6b6567277a1a793371740011ad05,2190,2006,178,6,413,0.08127853881278539,0.9159817351598174,0.20588235294117646,1.5789954337899543,1.5752741774675971,1094,"[0.3, 0.25, 0.18, 0.12, 0.08, 0.05, 0.02]","[0.3, 0.25, 0.18, 0.12, 0.08, 0.05, 0.02]","Delay, drop, outlier-selection, and outlier-magnitude random templates are fixed per seed and reused across scenarios."
outlier_20,outlier,1110,5194b17f87ee954f16c15cce66493ca7adb1213ff4b88fdecca2c70afd2af438,2190,2006,176,8,384,0.08036529680365297,0.9159817351598174,0.1914257228315055,1.6105022831050229,1.5912263210368893,1067,"[0.3, 0.25, 0.18, 0.12, 0.08, 0.05, 0.02]","[0.3, 0.25, 0.18, 0.12, 0.08, 0.05, 0.02]","Delay, drop, outlier-selection, and outlier-magnitude random templates are fixed per seed and reused across scenarios."
outlier_20,outlier,1111,896f484fceb83300fe5cd4e1040a57af1e143a2774ca2c3f540672953d0449c4,2190,1998,181,11,385,0.08264840182648402,0.9123287671232877,0.19269269269269268,1.6474885844748859,1.6546546546546546,1096,"[0.3, 0.25, 0.18, 0.12, 0.08, 0.05, 0.02]","[0.3, 0.25, 0.18, 0.12, 0.08, 0.05, 0.02]","Delay, drop, outlier-selection, and outlier-magnitude random templates are fixed per seed and reused across scenarios."
outlier_20,outlier,1112,b9c1dd5bccc066658412d0902bbe86b9604b57b83f2405e7f0c0714d6fea4bd3,2190,1975,205,10,404,0.09360730593607305,0.9018264840182648,0.20455696202531645,1.5689497716894978,1.5812658227848102,1033,"[0.3, 0.25, 0.18, 0.12, 0.08, 0.05, 0.02]","[0.3, 0.25, 0.18, 0.12, 0.08, 0.05, 0.02]","Delay, drop, outlier-selection, and outlier-magnitude random templates are fixed per seed and reused across scenarios."
outlier_20,outlier,1113,36504c0b89505b6da26f9e6e498f4d3cc8bba63d3f773ac12e8db4b5e691a99a,2190,1981,202,7,403,0.09223744292237443,0.9045662100456621,0.20343260979303382,1.5442922374429224,1.536092882382635,1059,"[0.3, 0.25, 0.18, 0.12, 0.08, 0.05, 0.02]","[0.3, 0.25, 0.18, 0.12, 0.08, 0.05, 0.02]","Delay, drop, outlier-selection, and outlier-magnitude random templates are fixed per seed and reused across scenarios."
outlier_20,outlier,1114,fbbacd6016490327df227046affd0969bea999fe2d013212fd1ff8ad54835b83,2190,1984,199,7,356,0.0908675799086758,0.9059360730593607,0.17943548387096775,1.5584474885844748,1.5630040322580645,1089,"[0.3, 0.25, 0.18, 0.12, 0.08, 0.05, 0.02]","[0.3, 0.25, 0.18, 0.12, 0.08, 0.05, 0.02]","Delay, drop, outlier-selection, and outlier-magnitude random templates are fixed per seed and reused across scenarios."
outlier_20,outlier,1115,03443e80b8bbc0da2af0e609c3ae5a14e97ac9ace4ba2b017122e04631afbc60,2190,1984,197,9,384,0.08995433789954338,0.9059360730593607,0.1935483870967742,1.5684931506849316,1.5504032258064515,1036,"[0.3, 0.25, 0.18, 0.12, 0.08, 0.05, 0.02]","[0.3, 0.25, 0.18, 0.12, 0.08, 0.05, 0.02]","Delay, drop, outlier-selection, and outlier-magnitude random templates are fixed per seed and reused across scenarios."
outlier_20,outlier,1116,020246766f1ca579e6060759653f8dabc08bf2e5cfb7ae3a6d3e8636134f540a,2190,1990,189,11,398,0.0863013698630137,0.908675799086758,0.2,1.575799086757991,1.5562814070351758,1119,"[0.3, 0.25, 0.18, 0.12, 0.08, 0.05, 0.02]","[0.3, 0.25, 0.18, 0.12, 0.08, 0.05, 0.02]","Delay, drop, outlier-selection, and outlier-magnitude random templates are fixed per seed and reused across scenarios."
outlier_20,outlier,1117,79d5ea0a45d917e192e9499562f9dea4928533002e33319bcfce620322ad37f7,2190,1971,211,8,400,0.09634703196347032,0.9,0.20294266869609334,1.6073059360730593,1.6027397260273972,1031,"[0.3, 0.25, 0.18, 0.12, 0.08, 0.05, 0.02]","[0.3, 0.25, 0.18, 0.12, 0.08, 0.05, 0.02]","Delay, drop, outlier-selection, and outlier-magnitude random templates are fixed per seed and reused across scenarios."
outlier_20,outlier,1118,fc97c660d562ab49c76915d97f8f1db3b5fa8ff6392b723374995d83a1dd96e9,2190,2001,178,11,399,0.08127853881278539,0.9136986301369863,0.19940029985007496,1.5835616438356164,1.592703648175912,1104,"[0.3, 0.25, 0.18, 0.12, 0.08, 0.05, 0.02]","[0.3, 0.25, 0.18, 0.12, 0.08, 0.05, 0.02]","Delay, drop, outlier-selection, and outlier-magnitude random templates are fixed per seed and reused across scenarios."
outlier_20,outlier,1119,d70ea405ece480bfb66281af689c8bbd66e62eb4653998d4071d6211128dac60,2190,1971,212,7,403,0.09680365296803653,0.9,0.20446473871131404,1.6296803652968037,1.6250634195839675,1097,"[0.3, 0.25, 0.18, 0.12, 0.08, 0.05, 0.02]","[0.3, 0.25, 0.18, 0.12, 0.08, 0.05, 0.02]","Delay, drop, outlier-selection, and outlier-magnitude random templates are fixed per seed and reused across scenarios."
outlier_20,outlier,1120,485d2bee29d5f6714393769b129bdd233476a826d56c64333934f2966c26326f,2190,1968,210,12,376,0.0958904109589041,0.8986301369863013,0.1910569105691057,1.5744292237442923,1.5670731707317074,1064,"[0.3, 0.25, 0.18, 0.12, 0.08, 0.05, 0.02]","[0.3, 0.25, 0.18, 0.12, 0.08, 0.05, 0.02]","Delay, drop, outlier-selection, and outlier-magnitude random templates are fixed per seed and reused across scenarios."
outlier_30,outlier,1101,2e8117db1393df6831c964d71d489524306437a4c54ee940130721f74a98442a,2190,2004,181,5,634,0.08264840182648402,0.915068493150685,0.31636726546906185,1.6264840182648401,1.6397205588822354,1105,"[0.3, 0.25, 0.18, 0.12, 0.08, 0.05, 0.02]","[0.3, 0.25, 0.18, 0.12, 0.08, 0.05, 0.02]","Delay, drop, outlier-selection, and outlier-magnitude random templates are fixed per seed and reused across scenarios."
outlier_30,outlier,1102,80c9d01b0b5023a8c2af5d859428382856dba75dde186c03fdb91321297f2b6e,2190,1987,194,9,617,0.08858447488584476,0.9073059360730593,0.3105183694011072,1.6333333333333333,1.6134876698540512,1035,"[0.3, 0.25, 0.18, 0.12, 0.08, 0.05, 0.02]","[0.3, 0.25, 0.18, 0.12, 0.08, 0.05, 0.02]","Delay, drop, outlier-selection, and outlier-magnitude random templates are fixed per seed and reused across scenarios."
outlier_30,outlier,1103,75feb8e197518406b5e49ff6c1070671d8396c7767397a19a17a185f026f1ad6,2190,2009,172,9,616,0.07853881278538813,0.917351598173516,0.30662020905923343,1.5547945205479452,1.5331010452961673,1090,"[0.3, 0.25, 0.18, 0.12, 0.08, 0.05, 0.02]","[0.3, 0.25, 0.18, 0.12, 0.08, 0.05, 0.02]","Delay, drop, outlier-selection, and outlier-magnitude random templates are fixed per seed and reused across scenarios."
outlier_30,outlier,1104,6eb207398730e7f12c1c56f0c0dd1420efec85fa85f8f7740206c93ba401f8ee,2190,1995,186,9,620,0.08493150684931507,0.910958904109589,0.3107769423558897,1.5570776255707763,1.5578947368421052,1027,"[0.3, 0.25, 0.18, 0.12, 0.08, 0.05, 0.02]","[0.3, 0.25, 0.18, 0.12, 0.08, 0.05, 0.02]","Delay, drop, outlier-selection, and outlier-magnitude random templates are fixed per seed and reused across scenarios."
outlier_30,outlier,1105,3962aefa08f28d16f3d315e14869049bcd8feec1ce9e4f953c3316cdcca34491,2190,1969,212,9,609,0.09680365296803653,0.8990867579908676,0.3092940578974099,1.5771689497716894,1.585576434738446,1069,"[0.3, 0.25, 0.18, 0.12, 0.08, 0.05, 0.02]","[0.3, 0.25, 0.18, 0.12, 0.08, 0.05, 0.02]","Delay, drop, outlier-selection, and outlier-magnitude random templates are fixed per seed and reused across scenarios."
outlier_30,outlier,1106,bd1969f6e07b6c4605669c335b3fc1c703e31979f4c84cf53b7c70ea1a3770b7,2190,1990,191,9,614,0.08721461187214612,0.908675799086758,0.3085427135678392,1.5621004566210046,1.5527638190954773,1054,"[0.3, 0.25, 0.18, 0.12, 0.08, 0.05, 0.02]","[0.3, 0.25, 0.18, 0.12, 0.08, 0.05, 0.02]","Delay, drop, outlier-selection, and outlier-magnitude random templates are fixed per seed and reused across scenarios."
outlier_30,outlier,1107,38e98ed3c0b17fdf2082f46d30b2444756eb4598c92e0cd935a238ba0fa990dd,2190,1978,203,9,595,0.09269406392694064,0.9031963470319635,0.30080889787664306,1.5744292237442923,1.5626895854398382,1067,"[0.3, 0.25, 0.18, 0.12, 0.08, 0.05, 0.02]","[0.3, 0.25, 0.18, 0.12, 0.08, 0.05, 0.02]","Delay, drop, outlier-selection, and outlier-magnitude random templates are fixed per seed and reused across scenarios."
outlier_30,outlier,1108,ebcb9a8958189fbfabe12e828acb8708cd12f4dfd7f069eedbb6342058415360,2190,1987,201,2,621,0.09178082191780822,0.9073059360730593,0.3125314544539507,1.5625570776255708,1.5787619526925012,1049,"[0.3, 0.25, 0.18, 0.12, 0.08, 0.05, 0.02]","[0.3, 0.25, 0.18, 0.12, 0.08, 0.05, 0.02]","Delay, drop, outlier-selection, and outlier-magnitude random templates are fixed per seed and reused across scenarios."
outlier_30,outlier,1109,ff17f061492210790111ed697b1402de0cdc6b6567277a1a793371740011ad05,2190,2006,178,6,608,0.08127853881278539,0.9159817351598174,0.30309072781655033,1.5789954337899543,1.5752741774675971,1094,"[0.3, 0.25, 0.18, 0.12, 0.08, 0.05, 0.02]","[0.3, 0.25, 0.18, 0.12, 0.08, 0.05, 0.02]","Delay, drop, outlier-selection, and outlier-magnitude random templates are fixed per seed and reused across scenarios."
outlier_30,outlier,1110,5194b17f87ee954f16c15cce66493ca7adb1213ff4b88fdecca2c70afd2af438,2190,2006,176,8,562,0.08036529680365297,0.9159817351598174,0.28015952143569295,1.6105022831050229,1.5912263210368893,1067,"[0.3, 0.25, 0.18, 0.12, 0.08, 0.05, 0.02]","[0.3, 0.25, 0.18, 0.12, 0.08, 0.05, 0.02]","Delay, drop, outlier-selection, and outlier-magnitude random templates are fixed per seed and reused across scenarios."
outlier_30,outlier,1111,896f484fceb83300fe5cd4e1040a57af1e143a2774ca2c3f540672953d0449c4,2190,1998,181,11,590,0.08264840182648402,0.9123287671232877,0.2952952952952953,1.6474885844748859,1.6546546546546546,1096,"[0.3, 0.25, 0.18, 0.12, 0.08, 0.05, 0.02]","[0.3, 0.25, 0.18, 0.12, 0.08, 0.05, 0.02]","Delay, drop, outlier-selection, and outlier-magnitude random templates are fixed per seed and reused across scenarios."
outlier_30,outlier,1112,b9c1dd5bccc066658412d0902bbe86b9604b57b83f2405e7f0c0714d6fea4bd3,2190,1975,205,10,579,0.09360730593607305,0.9018264840182648,0.2931645569620253,1.5689497716894978,1.5812658227848102,1033,"[0.3, 0.25, 0.18, 0.12, 0.08, 0.05, 0.02]","[0.3, 0.25, 0.18, 0.12, 0.08, 0.05, 0.02]","Delay, drop, outlier-selection, and outlier-magnitude random templates are fixed per seed and reused across scenarios."
outlier_30,outlier,1113,36504c0b89505b6da26f9e6e498f4d3cc8bba63d3f773ac12e8db4b5e691a99a,2190,1981,202,7,579,0.09223744292237443,0.9045662100456621,0.2922766279656739,1.5442922374429224,1.536092882382635,1059,"[0.3, 0.25, 0.18, 0.12, 0.08, 0.05, 0.02]","[0.3, 0.25, 0.18, 0.12, 0.08, 0.05, 0.02]","Delay, drop, outlier-selection, and outlier-magnitude random templates are fixed per seed and reused across scenarios."
outlier_30,outlier,1114,fbbacd6016490327df227046affd0969bea999fe2d013212fd1ff8ad54835b83,2190,1984,199,7,564,0.0908675799086758,0.9059360730593607,0.2842741935483871,1.5584474885844748,1.5630040322580645,1089,"[0.3, 0.25, 0.18, 0.12, 0.08, 0.05, 0.02]","[0.3, 0.25, 0.18, 0.12, 0.08, 0.05, 0.02]","Delay, drop, outlier-selection, and outlier-magnitude random templates are fixed per seed and reused across scenarios."
outlier_30,outlier,1115,03443e80b8bbc0da2af0e609c3ae5a14e97ac9ace4ba2b017122e04631afbc60,2190,1984,197,9,590,0.08995433789954338,0.9059360730593607,0.2973790322580645,1.5684931506849316,1.5504032258064515,1036,"[0.3, 0.25, 0.18, 0.12, 0.08, 0.05, 0.02]","[0.3, 0.25, 0.18, 0.12, 0.08, 0.05, 0.02]","Delay, drop, outlier-selection, and outlier-magnitude random templates are fixed per seed and reused across scenarios."
outlier_30,outlier,1116,020246766f1ca579e6060759653f8dabc08bf2e5cfb7ae3a6d3e8636134f540a,2190,1990,189,11,598,0.0863013698630137,0.908675799086758,0.3005025125628141,1.575799086757991,1.5562814070351758,1119,"[0.3, 0.25, 0.18, 0.12, 0.08, 0.05, 0.02]","[0.3, 0.25, 0.18, 0.12, 0.08, 0.05, 0.02]","Delay, drop, outlier-selection, and outlier-magnitude random templates are fixed per seed and reused across scenarios."
outlier_30,outlier,1117,79d5ea0a45d917e192e9499562f9dea4928533002e33319bcfce620322ad37f7,2190,1971,211,8,595,0.09634703196347032,0.9,0.30187721968543885,1.6073059360730593,1.6027397260273972,1031,"[0.3, 0.25, 0.18, 0.12, 0.08, 0.05, 0.02]","[0.3, 0.25, 0.18, 0.12, 0.08, 0.05, 0.02]","Delay, drop, outlier-selection, and outlier-magnitude random templates are fixed per seed and reused across scenarios."
outlier_30,outlier,1118,fc97c660d562ab49c76915d97f8f1db3b5fa8ff6392b723374995d83a1dd96e9,2190,2001,178,11,605,0.08127853881278539,0.9136986301369863,0.3023488255872064,1.5835616438356164,1.592703648175912,1104,"[0.3, 0.25, 0.18, 0.12, 0.08, 0.05, 0.02]","[0.3, 0.25, 0.18, 0.12, 0.08, 0.05, 0.02]","Delay, drop, outlier-selection, and outlier-magnitude random templates are fixed per seed and reused across scenarios."
outlier_30,outlier,1119,d70ea405ece480bfb66281af689c8bbd66e62eb4653998d4071d6211128dac60,2190,1971,212,7,604,0.09680365296803653,0.9,0.30644342973110095,1.6296803652968037,1.6250634195839675,1097,"[0.3, 0.25, 0.18, 0.12, 0.08, 0.05, 0.02]","[0.3, 0.25, 0.18, 0.12, 0.08, 0.05, 0.02]","Delay, drop, outlier-selection, and outlier-magnitude random templates are fixed per seed and reused across scenarios."
outlier_30,outlier,1120,485d2bee29d5f6714393769b129bdd233476a826d56c64333934f2966c26326f,2190,1968,210,12,583,0.0958904109589041,0.8986301369863013,0.296239837398374,1.5744292237442923,1.5670731707317074,1064,"[0.3, 0.25, 0.18, 0.12, 0.08, 0.05, 0.02]","[0.3, 0.25, 0.18, 0.12, 0.08, 0.05, 0.02]","Delay, drop, outlier-selection, and outlier-magnitude random templates are fixed per seed and reused across scenarios."
