scenario,family,seed,method,evaluation,mse,rmse,mae,median_ae,max_ae,nrmse_range,nrmse_std,nmae_mean,mape,smape,r2,pearson_r,spearman_rho,bias,runtime_seconds,peak_memory_mb,iterations,converged,learned_density,maximum_row_sum,objective_nonincreasing,reference_frobenius,reference_normalized_frobenius,reference_support_precision,reference_support_recall,reference_support_f1,reference_auroc,reference_auprc,reference_structural_hamming,reference_edge_weight_r,reference_density_true,reference_density_pred,reference_density_abs_error,delay_mae,delay_rmse,delay_bias,delay_exact_accuracy,delay_within_one_accuracy,delay_true_posterior_mass,delay_posterior_entropy
reference_moderate,main,1101,Arrival interpolation,retrospective reconstruction,6.03603765335412,2.456834885244452,0.4256722794745447,0.07471119070833332,32.742106339785614,1.48029172418078,6.186747742140148,0.15575611559908206,0.15670509563476628,0.10088588786405507,-37.275847624876214,0.21072820384602886,0.8905257809253384,0.26079670747707534,0.009128239999881771,0.75,1,True,0.8055555555555556,2.500000000000001,,,,,,,,,,,,,,,,,,,,
reference_moderate,main,1102,Arrival interpolation,retrospective reconstruction,5.23514312064912,2.28804351371409,0.5619608455531685,0.07436500322500006,24.953009249351794,1.378591576608731,5.761701011087929,0.2056249435133148,0.220756897143354,0.14738083700548615,-32.19719854117167,0.03728417010781126,0.7006872706236879,0.2876929220976963,0.009749929000008706,0.75,1,True,0.7777777777777778,2.5,,,,,,,,,,,,,,,,,,,,
reference_moderate,main,1103,Arrival interpolation,retrospective reconstruction,0.5577910104449841,0.7468540757370105,0.2746812515197146,0.07390238281250006,6.409389971565918,0.44999438673070613,1.880711558812945,0.10050756609619363,0.10525692773962311,0.12270031886643717,-2.5370759674526173,0.4469969400532732,0.8092707977013082,0.02477281536900842,0.008593972999733523,0.5,1,True,0.75,2.5,,,,,,,,,,,,,,,,,,,,
reference_moderate,main,1104,Arrival interpolation,retrospective reconstruction,4.177982251812078,2.0440113140127374,0.45148725273599943,0.0708313556500002,25.643439795168234,1.2315573384427418,5.1471844761838685,0.16520197372369785,0.16068841803681436,0.11103844471521197,-25.493508031868206,0.22134822987745678,0.8222789825167595,0.2755192626380483,0.009582418999798392,0.5,1,True,0.8333333333333334,2.5,,,,,,,,,,,,,,,,,,,,
reference_moderate,main,1105,Arrival interpolation,retrospective reconstruction,0.5268064207821012,0.7258143156359629,0.2260521966863951,0.07511555045000007,7.1746575370327506,0.43731751416455045,1.8277296962213225,0.08271389464678096,0.08258219509655523,0.07699039815908078,-2.340595842449288,0.4959849724184972,0.8706446254270959,0.10178602102658298,0.005041739000262169,0.0,1,True,0.75,2.500000000000001,,,,,,,,,,,,,,,,,,,,
reference_moderate,main,1106,Arrival interpolation,retrospective reconstruction,2.037287878683212,1.4273359375715347,0.2761505170219576,0.06831989312499998,20.577418451188315,0.8599981987811642,3.5942860637814302,0.10104517941622375,0.09675030204118153,0.08290608849044184,-11.918892308293406,0.3040553691364682,0.8649432024713456,0.10785107838123494,0.005253336999885505,0.0,1,True,0.75,2.5000000000000004,,,,,,,,,,,,,,,,,,,,
reference_moderate,main,1107,Arrival interpolation,retrospective reconstruction,1.3484421559967619,1.1612244210301306,0.28973076444539986,0.06608104817500005,10.901528246550953,0.6996607345049508,2.9241698772977744,0.1060142758069045,0.1069901643205018,0.08840401195791904,-7.5507694712956805,0.2914474070371005,0.8190730169559115,0.1320996531073764,0.005339669000022695,0.0,1,True,0.8055555555555556,2.5000000000000004,,,,,,,,,,,,,,,,,,,,
reference_moderate,main,1108,Arrival interpolation,retrospective reconstruction,0.9927995640819616,0.9963932778185336,0.26066765831798666,0.07379036809166672,13.505306196832304,0.6003467030049844,2.5090957063702226,0.0953799058093147,0.09737915950616652,0.10499687902492713,-5.295561263725488,0.30006265128309156,0.8112855180192191,0.023118569818849473,0.005671526999776688,0.0,1,True,0.8055555555555556,2.5000000000000004,,,,,,,,,,,,,,,,,,,,
reference_moderate,main,1109,Arrival interpolation,retrospective reconstruction,0.48117000018796324,0.6936641840169948,0.23912236283453678,0.07062898519999972,8.767125317957822,0.4179464224999407,1.746769939667162,0.08749634914906175,0.09059337768305592,0.10747039350036934,-2.051205222124821,0.5405506730131021,0.875453028640635,0.005014600201002446,0.005790248000266729,0.0,1,True,0.6388888888888888,2.5,,,,,,,,,,,,,,,,,,,,
reference_moderate,main,1110,Arrival interpolation,retrospective reconstruction,2.730956596458951,1.6525606180890766,0.4119053526360537,0.06520958587499992,19.289455397952164,0.9957005337869637,4.1614419162299745,0.1507187120576839,0.14836024176289483,0.09983366493412794,-16.3175988221558,0.21591007267141632,0.811309722575969,0.24934239910202619,0.0053713550000793475,0.0,1,True,0.8055555555555556,2.5,,,,,,,,,,,,,,,,,,,,
reference_moderate,main,1111,Arrival interpolation,retrospective reconstruction,0.8240907284942729,0.9077944307464509,0.28789530335059965,0.07083024678333327,7.459143288140101,0.546964141205471,2.285988032195005,0.10534266925828871,0.11340137679877908,0.11723693958404034,-4.225741283338792,0.34611013458596196,0.8035304997021534,0.04422198680464741,0.007879251999838743,0.0,1,True,0.6944444444444444,2.5000000000000004,,,,,,,,,,,,,,,,,,,,
reference_moderate,main,1112,Arrival interpolation,retrospective reconstruction,1.5373204557405524,1.2398872754168229,0.3110162222372042,0.07122591327499994,16.76480007365126,0.7470566637342252,3.122256952538382,0.11380275625127866,0.11793845255339029,0.12215687228778029,-8.748488477674265,0.35597302673637055,0.8667547364679057,0.049897076406865394,0.031523363000360405,0.125,1,True,0.8055555555555556,2.5000000000000004,,,,,,,,,,,,,,,,,,,,
reference_moderate,main,1113,Arrival interpolation,retrospective reconstruction,4.472908204442021,2.1149251061070746,0.41146870775724403,0.08130455515833335,27.853445534093584,1.2742843040186476,5.325758032657357,0.15055894100023193,0.1442680135231116,0.10884159988443222,-27.363698622414365,0.2735188610413508,0.8551761214732102,0.22178405281080468,0.005240855000010924,0.0,1,True,0.6388888888888888,2.5000000000000004,,,,,,,,,,,,,,,,,,,,
reference_moderate,main,1114,Arrival interpolation,retrospective reconstruction,1.0332459487604164,1.0164870627609661,0.3088758065908741,0.0744240140125001,11.011245950985414,0.6124536067844754,2.559695435057841,0.11301956494915438,0.12093833806115177,0.10434170290203518,-5.552040720255949,0.3526428337192867,0.8360348752793881,0.13939339037742782,0.005623270000342018,0.0,1,True,0.7777777777777778,2.5000000000000004,,,,,,,,,,,,,,,,,,,,
reference_moderate,main,1115,Arrival interpolation,retrospective reconstruction,3.790963124073644,1.9470395794830786,0.43077861946368745,0.07756356417499988,26.927703885010068,1.1731299459607165,4.902992380387782,0.15762455693291502,0.1617365607730253,0.1194277801012845,-23.03933428214065,0.24674889529552177,0.8618171882440279,0.24750487124375475,0.0053803000000698376,0.0,1,True,0.8055555555555556,2.5000000000000004,,,,,,,,,,,,,,,,,,,,
reference_moderate,main,1116,Arrival interpolation,retrospective reconstruction,2.0895143229141184,1.445515244787864,0.3691144915920158,0.07436518366249989,19.83499117743665,0.8709515917768823,3.640064796633926,0.13506127176679458,0.14408211608380472,0.14184342513887713,-12.250071723693583,0.18310348304197835,0.7912251433351964,0.05921190948114649,0.008297491000121227,0.0,1,True,0.6388888888888888,2.5000000000000004,,,,,,,,,,,,,,,,,,,,
reference_moderate,main,1117,Arrival interpolation,retrospective reconstruction,2.1946528683342166,1.4814360831079472,0.43653572859679096,0.083062370725,17.523469033318875,0.8925946089817459,3.730519864130431,0.15973111871504259,0.16272438699103572,0.1686244234055241,-12.91677845667173,0.1271351917859452,0.6498192089734953,0.03682661089484697,0.03191743100023814,0.0,1,True,0.8055555555555556,2.5,,,,,,,,,,,,,,,,,,,,
reference_moderate,main,1118,Arrival interpolation,retrospective reconstruction,1.3560731776195627,1.1645055507036293,0.37783297449583864,0.07734522907499986,10.70761610834587,0.7016376801803867,2.9324323461031074,0.13825141849820197,0.1349084951075761,0.13905748924198338,-7.599159464471775,0.3748775720513214,0.8037936013847935,0.07600049437653329,0.00838555800009999,0.0,1,True,0.8333333333333334,2.5000000000000004,,,,,,,,,,,,,,,,,,,,
reference_moderate,main,1119,Arrival interpolation,retrospective reconstruction,0.515815269559447,0.7182028053129889,0.2847641112038625,0.08423136791666685,4.3239440883867815,0.43273142829964956,1.808562557807684,0.10419694671659031,0.10482290584499641,0.1270627379131318,-2.2708985255038723,0.4698712651814626,0.7655305336692898,-0.02958987749390786,0.0059823530000358005,0.5,1,True,0.8055555555555556,2.5000000000000004,,,,,,,,,,,,,,,,,,,,
reference_moderate,main,1120,Arrival interpolation,retrospective reconstruction,0.8740208178272304,0.9348908052961215,0.279113751559846,0.0723274936249998,10.324575975258673,0.5632902440470093,2.3542215285004264,0.10212944523170103,0.10405573772968488,0.10727971155624107,-4.542359005254885,0.38450057004566585,0.8336612154058674,0.05383077954533067,0.005441101999622333,0.0,1,True,0.7777777777777778,2.5000000000000004,,,,,,,,,,,,,,,,,,,,
reference_moderate,main,1101,Delay backprojection,retrospective reconstruction,3.3225370722309946,1.8227827825144154,0.4153739040389443,0.07403942751810932,27.87237756005986,1.0982627624431631,4.5900916385803185,0.15198787643441256,0.16159209221451348,0.12390573647990243,-20.06894125056495,0.23291088668525514,0.8222262280702304,0.19187769591491058,0.0548904180000136,0.0,1,True,0.6388888888888888,1.7674300004600687,,,,,,,,,,,,,,,,,,,,
reference_moderate,main,1102,Delay backprojection,retrospective reconstruction,3.2106052516673382,1.791816188024692,0.5735522049459759,0.08574183465666652,15.913354233038334,1.0796047753620985,4.512112239276077,0.20986629349214186,0.2285985570216468,0.16659129769737066,-19.359156859824978,0.040983794999130053,0.6145363423982347,0.26392309163952105,0.06185381099976439,0.0,1,True,0.5833333333333334,2.5,,,,,,,,,,,,,,,,,,,,
reference_moderate,main,1103,Delay backprojection,retrospective reconstruction,0.48370954121468873,0.6954923013338744,0.304764380557364,0.08287033941437683,3.8624376510875504,0.419047899425094,1.7513734646132217,0.11151516877531152,0.11692171107750009,0.1508048875052681,-2.0673090125513194,0.4965612375313254,0.7757960045839982,-0.06391965151413631,0.03936899900008939,0.0,1,True,0.5833333333333334,1.698703217876363,,,,,,,,,,,,,,,,,,,,
reference_moderate,main,1104,Delay backprojection,retrospective reconstruction,2.829846666855694,1.6822148099620613,0.47068996646742295,0.08706413319985729,14.947317047461581,1.0135677722735583,4.236116452039052,0.17222836525537039,0.1674432702889933,0.11405027269259602,-16.94468259523593,0.294212867370474,0.7702491810599742,0.3020306224251276,0.057539532000191684,0.0,1,True,0.7222222222222222,2.5,,,,,,,,,,,,,,,,,,,,
reference_moderate,main,1105,Delay backprojection,retrospective reconstruction,0.32299187277491737,0.568323739408198,0.2422162377478203,0.0769785694671219,4.964515337958634,0.34242631979630284,1.4311403801311904,0.08862841708460442,0.08626909242619415,0.08549619819580796,-1.0481627876420485,0.5861372297245193,0.8046291999738927,0.06327148090695352,0.020627082999908453,0.0,1,True,0.4722222222222222,2.0162203183226954,,,,,,,,,,,,,,,,,,,,
reference_moderate,main,1106,Delay backprojection,retrospective reconstruction,0.6762318351525839,0.8223331655433727,0.3057348548739637,0.07353227344266644,6.9859656470753855,0.4954720346834047,2.0707813478911157,0.11187027132046393,0.10649598129710165,0.11570383764593761,-3.2881353907737463,0.4984351900071414,0.8156762150029703,0.03376514125245479,0.03640651699970476,0.0,1,True,0.7222222222222222,1.7482154729823656,,,,,,,,,,,,,,,,,,,,
reference_moderate,main,1107,Delay backprojection,retrospective reconstruction,0.6399970258558147,0.7999981411577246,0.31055869637546557,0.07361100309083801,5.026189623003294,0.4820147397076534,2.0145377791765644,0.11363534471323229,0.11286085673328654,0.10875919150554071,-3.0583624637296456,0.403412809316982,0.7548426508020074,0.09316362028164438,0.020666518999860273,0.0,1,True,0.6666666666666666,2.4802847689547587,,,,,,,,,,,,,,,,,,,,
reference_moderate,main,1108,Delay backprojection,retrospective reconstruction,0.4670403267905482,0.6834034875463749,0.26807558402280734,0.07799329634428842,4.936145829026453,0.41176414946197126,1.7209316787796882,0.09809051156887641,0.09807334738511637,0.12371389230382085,-1.9616058430274763,0.389194380210959,0.7293737339649915,-0.07245096855422944,0.021235443000023224,0.0,1,True,0.5833333333333334,2.0339915706676877,,,,,,,,,,,,,,,,,,,,
reference_moderate,main,1109,Delay backprojection,retrospective reconstruction,0.28843297582884586,0.5370595645073699,0.2527874352657844,0.0794034233780807,2.735427734441637,0.32358903461812877,1.3524116203601293,0.0924964835338955,0.09609382682544941,0.12167636475231984,-0.8290171908851109,0.6647377197337927,0.8613089338074008,-0.04773005457565833,0.025101138000081846,0.0,1,True,0.4166666666666667,1.7503600188438078,,,,,,,,,,,,,,,,,,,,
reference_moderate,main,1110,Delay backprojection,retrospective reconstruction,0.8744483309934524,0.9351194207123775,0.36519017523506503,0.07103352429815146,7.421022410544856,0.5634279893675176,2.35479722282927,0.13362534017901276,0.1306823581368737,0.10842649100688079,-4.545069960644444,0.3497745932145285,0.7340202370897103,0.19963767053215042,0.022112124000159383,0.0,1,True,0.6388888888888888,1.7814346997572654,,,,,,,,,,,,,,,,,,,,
reference_moderate,main,1111,Delay backprojection,retrospective reconstruction,0.6370359156804328,0.7981452973490684,0.35444619511806713,0.08815842425720377,5.500186831475022,0.4808983645810114,2.009871988521039,0.12969405150979738,0.13981617112457376,0.15891911493497304,-3.039585410241516,0.46910986277783484,0.7268141454055509,-0.02228973658476312,0.03801308899983269,0.0,1,True,0.6111111111111112,2.17539275992296,,,,,,,,,,,,,,,,,,,,
reference_moderate,main,1112,Delay backprojection,retrospective reconstruction,0.5797800283370181,0.7614328784187206,0.32758594844060074,0.07938168619296837,7.225516092891852,0.4587784043656775,1.9174235800870987,0.11986572138766759,0.123398241486353,0.13884128311910574,-2.6765131854740263,0.49994573055002167,0.7374332683574254,-0.015375914358264605,0.060716519000379776,0.0,1,True,0.5277777777777778,1.918128537813024,,,,,,,,,,,,,,,,,,,,
reference_moderate,main,1113,Delay backprojection,retrospective reconstruction,2.0125441334732477,1.4186416508312618,0.43880831003001747,0.07585345987617664,16.291280021742207,0.8547597186592084,3.5723923015335246,0.16056267029472004,0.15694788700826107,0.1471334542804219,-11.761986756055993,0.38231404309799677,0.7618987026374312,0.10833588802927428,0.020615402999737853,0.0,1,True,0.4722222222222222,1.6158764302066193,,,,,,,,,,,,,,,,,,,,
reference_moderate,main,1114,Delay backprojection,retrospective reconstruction,0.8955431287180496,0.9463314053322175,0.39151748721604734,0.09089864140750237,7.7324574127365056,0.5701834323743193,2.3830309966772036,0.14325866620481095,0.1572064107494835,0.15123790523883318,-4.678836731124346,0.3920221506755305,0.7288128591854972,0.09847804646806663,0.04223481700000775,0.0,1,True,0.4444444444444444,2.330553774191926,,,,,,,,,,,,,,,,,,,,
reference_moderate,main,1115,Delay backprojection,retrospective reconstruction,3.7623969747146733,1.9396899171554904,0.5284107824271072,0.09686813169755926,23.143698103205228,1.1687016287040728,4.8844846218551305,0.19334876824282296,0.19358531550157862,0.16224109046140756,-22.85819002113926,0.30627831203518685,0.7168812666457405,0.25289472293432,0.024550254000132554,0.0,1,True,0.5277777777777778,1.5442164219268608,,,,,,,,,,,,,,,,,,,,
reference_moderate,main,1116,Delay backprojection,retrospective reconstruction,1.1723133723814503,1.0827342113286391,0.4022138079489971,0.08336550944666676,8.556025800449493,0.6523688271211255,2.7265175521182203,0.14717251601110498,0.15089914260652315,0.1586786840192201,-6.433897962008732,0.21868752443369388,0.6549281013349864,-0.02007745755503687,0.0577459269998144,0.0,1,True,0.5555555555555556,1.7032808046811376,,,,,,,,,,,,,,,,,,,,
reference_moderate,main,1117,Delay backprojection,retrospective reconstruction,1.0529154631381406,1.0261166907999015,0.4267186545417429,0.10356758974539959,10.551081316279324,0.6182556485816623,2.583944553256765,0.15613899069756793,0.1621745852734596,0.18658667685919514,-5.676769454305302,0.23398034400116421,0.5824930365031509,-0.03384592753511578,0.05718900500005475,0.0,1,True,0.6111111111111112,1.5053660673399203,,,,,,,,,,,,,,,,,,,,
reference_moderate,main,1118,Delay backprojection,retrospective reconstruction,0.6961697532512646,0.8343678764497496,0.38253079736155193,0.10058793558277457,5.918954355450802,0.502723186588082,2.1010868930356073,0.13997038089396635,0.13682189529502736,0.14663724727028682,-3.414566132086021,0.4917512113106947,0.7301535594897476,0.03192993844521773,0.03908404000003429,0.0,1,True,0.5833333333333334,1.8433319045973475,,,,,,,,,,,,,,,,,,,,
reference_moderate,main,1119,Delay backprojection,retrospective reconstruction,0.3131786604194909,0.5596236775007745,0.26672540376173154,0.09327865265725643,3.434464578342996,0.33718436002164826,1.4092320749839862,0.09759647227394436,0.09980490576605845,0.1226831156508958,-0.9859350411636718,0.6078383104565622,0.7894038759075833,-0.08529140339338397,0.026177492999977403,0.0,1,True,0.6388888888888888,1.7710487889903814,,,,,,,,,,,,,,,,,,,,
reference_moderate,main,1120,Delay backprojection,retrospective reconstruction,0.4787922648526727,0.6919481663048704,0.29937424843066146,0.08961810742410936,4.62624359832061,0.4169124878089846,1.7424487014880234,0.10954288614592031,0.1121457847713421,0.11416865811619528,-2.0361274773172995,0.4961193436738741,0.764282510729354,0.04111540935756381,0.04498965099992347,0.0,1,True,0.5277777777777778,1.4739174026071526,,,,,,,,,,,,,,,,,,,,
reference_moderate,main,1101,Delay-aware state-space (internal),retrospective reconstruction,1.3465566434668577,1.1604122730593889,0.4006800907240667,0.10673269817051079,12.337974912988006,0.6991713992520531,2.9221247440841234,0.14661131940775216,0.15515685706160323,0.12688504546767101,-7.538813019988703,0.36011624571102396,0.789316862862597,0.18962226923414863,0.03960401999984242,0.0,1,True,0.25,0.49444454655371717,,,,,,,,,,,,,,,,,,,,
reference_moderate,main,1102,Delay-aware state-space (internal),retrospective reconstruction,1.7624783438218832,1.3275836485215848,0.5497797018770908,0.1313455181042653,7.605807743180893,0.7998954670772234,3.343092036555753,0.2011677878233032,0.21808022335376664,0.16027237526350985,-10.176264364882494,0.06333174110667304,0.48939954244828443,0.25147781847883005,0.06377292300021509,0.0,1,True,0.25,0.6820748715543159,,,,,,,,,,,,,,,,,,,,
reference_moderate,main,1103,Delay-aware state-space (internal),retrospective reconstruction,0.3578926374715547,0.5982412870001156,0.31797550786002615,0.11211420135938965,2.7384657362,0.360452235324482,1.5064780925376349,0.1163492018344708,0.12288545220787787,0.15703698399405622,-1.269476243295831,0.5886877277814885,0.7394386623322987,-0.10885706645720282,0.060342166000282305,0.375,1,True,0.2222222222222222,0.7545460217451434,,,,,,,,,,,,,,,,,,,,
reference_moderate,main,1104,Delay-aware state-space (internal),retrospective reconstruction,1.2978676166151457,1.1392399293455027,0.4293789054715234,0.12118978515991108,8.59358697094622,0.6864146424307421,2.868809012345534,0.15711239293990548,0.1537696952718849,0.116113144300142,-7.230065149314957,0.4093939913692497,0.7718770985387609,0.30120956022282996,0.05857012600017697,0.0,1,True,0.1111111111111111,0.5055162259471443,,,,,,,,,,,,,,,,,,,,
reference_moderate,main,1105,Delay-aware state-space (internal),retrospective reconstruction,0.1397363219175754,0.3738132179546028,0.21789937672329976,0.10245740891470478,1.769822110633016,0.2252298745231008,0.9413282496323201,0.07973072747837172,0.07733975987065564,0.07516055669912722,0.11390112644415251,0.7293715735951135,0.7922253486691263,0.05837800152506501,0.021345036000184336,0.0,1,True,0.1388888888888889,1.1564817540587458,,,,,,,,,,,,,,,,,,,,
reference_moderate,main,1106,Delay-aware state-space (internal),retrospective reconstruction,0.32670185865130985,0.5715783923936505,0.2816494163634163,0.10577831092787515,3.2875321493,0.3443873127423006,1.439336175921185,0.10305726064113511,0.09900865436914985,0.11254078142578029,-1.0716886273154196,0.6300848093119001,0.7935472909082123,-0.0031814882617743757,0.021181893999710155,0.0,1,True,0.25,0.6439091449391385,,,,,,,,,,,,,,,,,,,,
reference_moderate,main,1107,Delay-aware state-space (internal),retrospective reconstruction,0.30330795010135864,0.5507340103002162,0.285431300791912,0.10621230385929503,3.0320889800453594,0.33182815929902687,1.3868463099446888,0.10444107550677371,0.10380593807458582,0.09878595271026304,-0.9233426874071999,0.5240190074391838,0.7091330357107168,0.08570134703561477,0.020883451999907265,0.0,1,True,0.19444444444444445,0.46403738756112545,,,,,,,,,,,,,,,,,,,,
reference_moderate,main,1108,Delay-aware state-space (internal),retrospective reconstruction,0.2939496641700701,0.54217124985568,0.2812005505751349,0.10188030814254723,2.6480793973118293,0.3266689263777114,1.3652837543310052,0.10289301787744298,0.10202394347524248,0.11636719250436356,-0.8639997298401645,0.4459794453981812,0.6439193035914998,-0.09696910066235599,0.021570940999936283,0.0,1,True,0.19444444444444445,0.4914570253433142,,,,,,,,,,,,,,,,,,,,
reference_moderate,main,1109,Delay-aware state-space (internal),retrospective reconstruction,0.2704956734152333,0.5200919855325914,0.2528197780121745,0.11186613864859352,2.6466814107,0.31336573190999856,1.309684234998475,0.09250831794451708,0.0975120499632224,0.13199716108546955,-0.7152727954035409,0.6954617261228403,0.8785500865928154,-0.08372078955806697,0.04798016499989899,0.0,1,True,0.2777777777777778,1.5732734129918244,,,,,,,,,,,,,,,,,,,,
reference_moderate,main,1110,Delay-aware state-space (internal),retrospective reconstruction,0.45706793354329667,0.6760679947633201,0.35734618719824357,0.1117779247658841,3.1384166336002504,0.40734436963681486,1.7024596016834148,0.13075517651947371,0.1278224523702294,0.11541288280430533,-1.8983686953640517,0.4319288526343567,0.6544500062533413,0.1871459351946588,0.02174886400007381,0.0,1,True,0.19444444444444445,0.5553192638043131,,,,,,,,,,,,,,,,,,,,
reference_moderate,main,1111,Delay-aware state-space (internal),retrospective reconstruction,0.3149716954477672,0.5612233917503503,0.3270128395745716,0.13678768029798505,2.3325597721,0.33814821957074676,1.413260440333678,0.11965601731462275,0.12811362690863,0.14092787791058037,-0.9973050722121415,0.6363923380966199,0.7617923935502215,-0.044836477407833586,0.03826164800011611,0.25,1,True,0.3055555555555556,0.9796630639413358,,,,,,,,,,,,,,,,,,,,
reference_moderate,main,1112,Delay-aware state-space (internal),retrospective reconstruction,0.30716732648506156,0.5542267825403799,0.31610335432577363,0.12345613433595193,2.7384657362,0.3339326238166122,1.395641732421154,0.11566416929568246,0.12001599581700191,0.13500136120089615,-0.9478158452755201,0.6292039765120981,0.7403535619124316,-0.05175591537624506,0.05779455800029609,0.0,1,True,0.1111111111111111,1.1912113442452348,,,,,,,,,,,,,,,,,,,,
reference_moderate,main,1113,Delay-aware state-space (internal),retrospective reconstruction,1.1190400328722516,1.0578468853630243,0.4090776692858345,0.10798607911393754,8.162325679315508,0.6373737198450321,2.6638468335239773,0.1496840452588075,0.1453735544864886,0.14086530613159942,-6.096079952475724,0.4802488994553521,0.7662591545802527,0.07294424535908745,0.0216222280000693,0.125,1,True,0.1111111111111111,0.29834748776501185,,,,,,,,,,,,,,,,,,,,
reference_moderate,main,1114,Delay-aware state-space (internal),retrospective reconstruction,0.46865680402904514,0.6845851327841156,0.372591397227942,0.1430424929964207,4.278626451728354,0.41247611414337926,1.723907271909902,0.13633349300897862,0.14945445998172568,0.143931591664281,-1.9718562821438406,0.5072644646553669,0.6785401988983873,0.08572931837338657,0.02089547500008848,0.0,1,True,0.1388888888888889,0.6293535740708027,,,,,,,,,,,,,,,,,,,,
reference_moderate,main,1115,Delay-aware state-space (internal),retrospective reconstruction,1.6574505713408159,1.2874201223147073,0.502208513547208,0.14690388546442024,11.545062864653758,0.7756961463108857,3.2419531254432696,0.18376119625985604,0.18496303199434527,0.17205781374283213,-9.510260067571386,0.4551475846336957,0.7000257309991292,0.22908790057412937,0.02118787400013389,0.0,1,True,0.2777777777777778,1.012285154585893,,,,,,,,,,,,,,,,,,,,
reference_moderate,main,1116,Delay-aware state-space (internal),retrospective reconstruction,0.5122135093022808,0.7156909314098375,0.35685012538788824,0.11724021329434842,4.136751579331296,0.4312179744760522,1.8022372120173762,0.13057366443986787,0.1319787631202046,0.1365575079956284,-2.2480589683801653,0.2709941147314188,0.5401135032249674,-0.06114539592997068,0.038151799000388564,0.0,1,True,0.1388888888888889,0.5188122114118429,,,,,,,,,,,,,,,,,,,,
reference_moderate,main,1117,Delay-aware state-space (internal),retrospective reconstruction,0.6099905610071502,0.7810189248713185,0.42621384925232336,0.15877782817864494,4.087886926788967,0.47057938563931984,1.9667447328417353,0.1559542793249812,0.1605514383148455,0.19002489717846177,-2.868084844160709,0.29066455616481296,0.5107572222759864,-0.08619147329149625,0.038651964999644406,0.0,1,True,0.1111111111111111,0.43701248506287843,,,,,,,,,,,,,,,,,,,,
reference_moderate,main,1118,Delay-aware state-space (internal),retrospective reconstruction,0.3469681105179756,0.5890399905931477,0.3445243597892476,0.1410525303183705,2.920233491741651,0.35490827182706786,1.483307589663199,0.12606359069534567,0.12260123498053863,0.1257680526283586,-1.2002014055524501,0.6165682510522549,0.7487325443579259,0.019022926045315837,0.05943356700026925,0.0,1,True,0.25,1.5305451800807819,,,,,,,,,,,,,,,,,,,,
reference_moderate,main,1119,Delay-aware state-space (internal),retrospective reconstruction,0.15157633777920027,0.3893280593268359,0.23823932104030546,0.13075700486191577,2.052062000469822,0.23457787402572472,0.980397383014385,0.08717323870374243,0.09014157877035778,0.0987298226868023,0.03882097137854523,0.734347577862927,0.8155637441729029,-0.09046639212770552,0.030169708999892464,0.0,1,True,0.2222222222222222,1.444908688029869,,,,,,,,,,,,,,,,,,,,
reference_moderate,main,1120,Delay-aware state-space (internal),retrospective reconstruction,0.20817881612309996,0.4562661680676094,0.2631178904888372,0.1226106731224541,2.6034087205660588,0.2749094115646916,1.1489594608334268,0.09627646089088752,0.0985757946595758,0.09761212615730303,-0.3201078426386388,0.6479566483405937,0.7585278256610775,0.03584115926480881,0.021895427999879757,0.0,1,True,0.19444444444444445,0.7982667206139855,,,,,,,,,,,,,,,,,,,,
reference_moderate,main,1101,Fixed geographic graph,retrospective reconstruction,0.08012513400254202,0.28306383379467964,0.23738716100607415,0.21942113411618225,0.8143169358430482,0.17055157149458025,0.7128051401128332,0.08686142808510292,0.08835724889538636,0.09402964664509904,0.49190883222872406,0.8914334790647893,0.9262848994886586,-0.201042049211277,8.52872077300026,0.25,12,False,0.6,0.5,True,3.5425979167836705,0.8349983366583568,1.0,1.0,1.0,1.0,1.0,0.0,0.8944271909999157,0.6,0.6,0.0,1.3050981515723588,1.590386697850769,-0.06636739638159411,0.19610778443113772,0.4351297405189621,0.21682649707697665,1.6638239858139845
reference_moderate,main,1102,Fixed geographic graph,retrospective reconstruction,0.10987366060958256,0.33147196051790345,0.27352844472221427,0.2480712621869856,1.0418891772397798,0.19971842751809882,0.8347054234834597,0.10008574697037101,0.10141575155807396,0.1047594738227162,0.3032668560072982,0.7431116250715376,0.771617759070827,-0.16897023895763455,9.810420883000006,0.0,12,False,0.6,0.5,True,3.5425979167836705,0.8349983366583568,1.0,1.0,1.0,1.0,1.0,0.0,0.8944271909999157,0.6,0.6,0.0,1.3213667294524263,1.5981860439569888,-0.04276344062708956,0.18621036738802216,0.41972823351786614,0.21884150995938745,1.663867683109664
reference_moderate,main,1103,Fixed geographic graph,retrospective reconstruction,0.11291184582720634,0.33602357927265514,0.28950067577683625,0.2873481744628201,0.8876136875253222,0.20246086805195446,0.8461672100378462,0.10593008494227252,0.10705156895302374,0.11580171265078044,0.28400105265676745,0.9033203877926221,0.9157850179859544,-0.2839881048722708,5.781433935000223,0.125,12,False,0.6,0.5,True,3.5425979167836705,0.8349983366583568,1.0,1.0,1.0,1.0,1.0,0.0,0.8944271909999157,0.6,0.6,0.0,1.3250676383306381,1.5875938492123407,0.03933909467753254,0.1796913887506222,0.406172224987556,0.22363851576489233,1.6644197394846123
reference_moderate,main,1104,Fixed geographic graph,retrospective reconstruction,0.09370989277427298,0.3061207160162033,0.2407611872728133,0.19478284441330285,1.047915321601173,0.1844438001270048,0.7708664754030188,0.08809600513081817,0.0887954345914176,0.09284079372479548,0.40576487709972686,0.8356258200780116,0.8863489901381257,-0.13989567883594559,5.780502978999721,0.0,12,False,0.6,0.5,True,3.5425979167836705,0.8349983366583568,1.0,1.0,1.0,1.0,1.0,0.0,0.8944271909999157,0.6,0.6,0.0,1.3256077336741476,1.5853135739406747,0.013169476879960186,0.18295739348370926,0.39899749373433585,0.22419532368523015,1.6640068902272063
reference_moderate,main,1105,Fixed geographic graph,retrospective reconstruction,0.08533905757393441,0.2921284949708508,0.24577000137033678,0.22458334843988892,0.9257940912328897,0.1760132095566977,0.7356315711447919,0.08992876113868227,0.09089337537872981,0.09760460251053203,0.4588461915350449,0.915941353242087,0.942115481273607,-0.24099461936765465,9.169264559000112,0.0,12,False,0.6,0.5,True,3.5425979167836705,0.8349983366583568,1.0,1.0,1.0,1.0,1.0,0.0,0.8944271909999157,0.6,0.6,0.0,1.3490305321746012,1.6272455830428056,-0.011214020038876645,0.18232605383443373,0.40731335703402743,0.2207774390281905,1.6641356525574453
reference_moderate,main,1106,Fixed geographic graph,retrospective reconstruction,0.08539451117260592,0.292223392582808,0.24773036060620932,0.22998016598475646,0.8420790349918594,0.1760703872492111,0.735870540230601,0.09064606868836628,0.09267167354663304,0.09949853504789129,0.45849454802072354,0.9283763613123264,0.9444365858811917,-0.24456899806105656,4.665835051000158,0.0,12,False,0.6,0.5,True,3.5425979167836705,0.8349983366583568,1.0,1.0,1.0,1.0,1.0,0.0,0.8944271909999157,0.6,0.6,0.0,1.3329983740541473,1.591154805366095,0.0208245624882797,0.17386934673366833,0.39899497487437185,0.22286874482311234,1.665885919167756
reference_moderate,main,1107,Fixed geographic graph,retrospective reconstruction,0.09137405933511239,0.3022814240655757,0.2424961579041963,0.21224764724705025,0.9534929162018748,0.182130550614243,0.7611984545890769,0.08873084159833793,0.0890471692849835,0.09588975554027719,0.4205769127312011,0.8793609251805511,0.8963540320748864,-0.2289493957534853,7.55952341200009,0.0,12,False,0.6,0.5,True,3.5425979167836705,0.8349983366583568,1.0,1.0,1.0,1.0,1.0,0.0,0.8944271909999157,0.6,0.6,0.0,1.313428986766788,1.5838276186463298,0.01068541632957558,0.18604651162790697,0.4160768452982811,0.22126965530518888,1.666203796823196
reference_moderate,main,1108,Fixed geographic graph,retrospective reconstruction,0.11314730103847793,0.3363737520058275,0.28773463866758975,0.2685292165965951,0.8752439454211083,0.20267185406573257,0.8470490073370154,0.10528388105866605,0.10368947618387153,0.11167262812472722,0.28250797916937687,0.8886513773710354,0.9012473027494871,-0.28276719387646826,5.757892405999883,0.375,12,False,0.6,0.5,True,3.5425979167836705,0.8349983366583568,1.0,1.0,1.0,1.0,1.0,0.0,0.8944271909999157,0.6,0.6,0.0,1.2987986163252752,1.5665078963666772,-0.006621571405017604,0.2008052340211374,0.42627075993960745,0.22060816254783985,1.6658593828304116
reference_moderate,main,1109,Fixed geographic graph,retrospective reconstruction,0.11788928411497245,0.34335008972617503,0.282572484463659,0.25234921994865334,1.2906105572731827,0.20687523584549478,0.8646166680288216,0.10339501695898769,0.1062035442634711,0.116368919659272,0.25243801736673843,0.8967749060503226,0.9297363519070494,-0.27971213463031314,10.967603251000128,0.0,12,False,0.6,0.5,True,3.5425979167836705,0.8349983366583568,1.0,1.0,1.0,1.0,1.0,0.0,0.8944271909999157,0.6,0.6,0.0,1.3023720509276002,1.570896243181131,0.000469311499945368,0.193419740777667,0.42123629112662014,0.21988299314821033,1.667568749533317
reference_moderate,main,1110,Fixed geographic graph,retrospective reconstruction,0.07447171265395584,0.2728950579507732,0.22060747020750923,0.19746225662969497,0.8583023893641986,0.16442468245649725,0.6871983517321978,0.08072163560680407,0.08077362224942392,0.08592456246246928,0.5277584253765506,0.8800789113986497,0.902561448113358,-0.18996833774756094,9.000771283000176,0.125,12,False,0.6,0.5,True,3.5425979167836705,0.8349983366583568,1.0,1.0,1.0,1.0,1.0,0.0,0.8944271909999157,0.6,0.6,0.0,1.3250286061152319,1.5934527837255903,-0.019633939183229587,0.1769690927218345,0.4102691924227318,0.22049512757462716,1.6640024339213941
reference_moderate,main,1111,Fixed geographic graph,retrospective reconstruction,0.10993463340924547,0.3315639205481282,0.2823284862625104,0.2673609680666089,0.9124796052038893,0.199773835259382,0.8349369952153564,0.10330573651049105,0.10566556904157415,0.11445993061985905,0.30288021402075205,0.8983802409447812,0.9280866010655545,-0.2632349120391838,11.536211146999904,0.0,12,False,0.6,0.5,True,3.5425979167836705,0.8349983366583568,1.0,1.0,1.0,1.0,1.0,0.0,0.8944271909999157,0.6,0.6,0.0,1.355038869589245,1.6430221674033447,-0.07621545671880456,0.18118118118118118,0.4084084084084084,0.2158295070869409,1.666913976870673
reference_moderate,main,1112,Fixed geographic graph,retrospective reconstruction,0.1125571511677857,0.3354953817383865,0.28544161353351816,0.26706337762023336,0.9529595331341649,0.20214261856624155,0.844837114587734,0.1044448490026089,0.10640276467663219,0.11557591067919364,0.28625024981507174,0.9052654686714291,0.9240313444091233,-0.2814078824592063,9.60152833300026,0.0,12,False,0.6,0.5,True,3.5425979167836705,0.8349983366583568,1.0,1.0,1.0,1.0,1.0,0.0,0.8944271909999157,0.6,0.6,0.0,1.3214696621002358,1.5865373317900258,-0.008313955422410223,0.17367088607594935,0.40860759493670884,0.22034779288222417,1.6656255525519115
reference_moderate,main,1113,Fixed geographic graph,retrospective reconstruction,0.1182905004173646,0.34393386052752145,0.2764417244471494,0.24325467948447077,1.3272110693677996,0.20722696932634102,0.8660867068616502,0.10115173401131618,0.1019437422249079,0.10809753737529479,0.2498938161975418,0.8616514399513888,0.922870149456544,-0.21235823626171973,9.241938435000066,0.0,12,False,0.6,0.5,True,3.5425979167836705,0.8349983366583568,1.0,1.0,1.0,1.0,1.0,0.0,0.8944271909999157,0.6,0.6,0.0,1.2902565683641896,1.5639816762199332,0.035848560932122374,0.19081272084805653,0.43059061080262495,0.22386632282367808,1.6638302377882384
reference_moderate,main,1114,Fixed geographic graph,retrospective reconstruction,0.09393193337829656,0.3064831698124655,0.2549644406886998,0.240218081161494,0.9493691382745852,0.18466218572476198,0.7717791986059996,0.09329306326121532,0.09630720240484975,0.10355659072772996,0.40435686859908093,0.8770827825840751,0.8988893529447844,-0.22325623958864463,10.765276822000033,0.0,12,False,0.6,0.5,True,3.5425979167836705,0.8349983366583568,1.0,1.0,1.0,1.0,1.0,0.0,0.8944271909999157,0.6,0.6,0.0,1.3116489002367102,1.573778147404977,0.011476152521674264,0.1819556451612903,0.4097782258064516,0.22125360080345832,1.667106892236506
reference_moderate,main,1115,Fixed geographic graph,retrospective reconstruction,0.11268904575394392,0.335691891105436,0.24977230021338978,0.2032314367376573,1.5146391240308854,0.20226101935561264,0.8453319601673881,0.09139322699967314,0.09270698421656881,0.09719826898371502,0.28541387711956123,0.8498050421887176,0.9217505124588534,-0.15362216387383495,5.286686708999696,0.0,12,False,0.6,0.5,True,3.5425979167836705,0.8349983366583568,1.0,1.0,1.0,1.0,1.0,0.0,0.8944271909999157,0.6,0.6,0.0,1.3212370357151735,1.5848223485464168,0.023547597005020755,0.18296370967741934,0.4092741935483871,0.22267711725497755,1.6655778507996566
reference_moderate,main,1116,Fixed geographic graph,retrospective reconstruction,0.11775291969317618,0.34315145299586913,0.296485296454857,0.2703958232058643,0.8574346165418296,0.20675555327758754,0.8641164653696577,0.10848580077860663,0.10701629429677227,0.1154713249187069,0.2533027342770492,0.8842814930469438,0.9053902452626251,-0.28865218677179216,8.526081363999765,0.0,12,False,0.6,0.5,True,3.5425979167836705,0.8349983366583568,1.0,1.0,1.0,1.0,1.0,0.0,0.8944271909999157,0.6,0.6,0.0,1.3109416491280894,1.5790214946415928,0.015001154718055453,0.17587939698492464,0.4190954773869347,0.22257467695260272,1.6643944516975615
reference_moderate,main,1117,Fixed geographic graph,retrospective reconstruction,0.12643351354193796,0.3555749056695902,0.2924789655656012,0.25496222588090756,1.0834438195821394,0.21424092980374798,0.8954009315095469,0.10701985956701215,0.10577588733998662,0.1150631497913504,0.19825717185183567,0.8395121291212876,0.8827780050453641,-0.2805603233907568,8.446272716000294,0.0,12,False,0.6,0.5,True,3.5425979167836705,0.8349983366583568,1.0,1.0,1.0,1.0,1.0,0.0,0.8944271909999157,0.6,0.6,0.0,1.3704042365080988,1.6465236230141989,-0.0315420686515648,0.17453069507864027,0.3835616438356164,0.22080937433918638,1.6651970840239516
reference_moderate,main,1118,Fixed geographic graph,retrospective reconstruction,0.11917816962098146,0.34522191358745097,0.282059387441409,0.24103175356943596,1.311698705028505,0.2080030468301126,0.869330253836718,0.10320727159015661,0.10492723454642787,0.11444095307021625,0.24426490976418747,0.8772065980131584,0.903874022557972,-0.2696237753524741,4.5732355469999675,0.0,12,False,0.6,0.5,True,3.5425979167836705,0.8349983366583568,1.0,1.0,1.0,1.0,1.0,0.0,0.8944271909999157,0.6,0.6,0.0,1.326019348387372,1.5862616973068455,-0.016696234676890614,0.16741629185407297,0.4077961019490255,0.218511014384689,1.6684142995678553
reference_moderate,main,1119,Fixed geographic graph,retrospective reconstruction,0.11654208608745303,0.34138260952698374,0.3007721544654441,0.2888321833118097,1.0194985778344585,0.20568979002093232,0.8596622025280434,0.11005438859615979,0.11122028871475477,0.12044620014156733,0.2609808975446334,0.9178246666193769,0.9391692936125923,-0.2997005966063092,15.845895807000034,0.0,12,False,0.6,0.5,True,3.5425979167836705,0.8349983366583568,1.0,1.0,1.0,1.0,1.0,0.0,0.8944271909999157,0.6,0.6,0.0,1.3334480712543952,1.6122272309590582,-0.052868925224404235,0.18670725520040587,0.4134956874682902,0.21794567110939986,1.6646887528965397
reference_moderate,main,1120,Fixed geographic graph,retrospective reconstruction,0.10642422883156169,0.326227265616413,0.2699322818101483,0.2494327975015772,0.9334295410820315,0.196558394865861,0.8214983477719874,0.09876988875443009,0.10003602917737635,0.10859704760965977,0.3251404646078949,0.8865527350955728,0.9152938915018908,-0.26066302334723096,5.713021947000016,0.0,12,False,0.6,0.5,True,3.5425979167836705,0.8349983366583568,1.0,1.0,1.0,1.0,1.0,0.0,0.8944271909999157,0.6,0.6,0.0,1.3122632055716914,1.5744970153635978,0.0031954789115539615,0.1915650406504065,0.41310975609756095,0.22236866398762564,1.6631547844636445
reference_moderate,main,1101,Graph-temporal reconstruction,retrospective reconstruction,3.431225000028578,1.8523566071436077,0.3601519852408535,0.09040018338924805,26.474493322318917,1.1160815780721227,4.664563795358123,0.13178183534915344,0.13327286308103914,0.09134572741249623,-20.758155400965776,0.2532712212219515,0.8682016190679905,0.2302395555396399,0.009918091000145068,0.0,1,True,0.6388888888888888,2.5000000000000004,,4.050114642073949,0.9546211759978055,0.5652173913043478,0.7222222222222222,0.6341463414634146,0.4351851851851852,0.5801596795017847,15.0,-0.08268976398480547,0.6,0.7666666666666667,0.16666666666666674,,,,,,,
reference_moderate,main,1102,Graph-temporal reconstruction,retrospective reconstruction,2.575274782262172,1.604766270290528,0.4725311570137935,0.1100983123587882,20.178384402703692,0.9669034917334967,4.041087237490418,0.17290206824569532,0.1843162447191177,0.1308000288034481,-15.330386061007939,0.10049796053050654,0.624678193505086,0.29252107711795894,0.010055768000256649,0.0,1,True,0.7222222222222222,2.5,,3.380061597870118,0.796688158894066,0.6153846153846154,0.8888888888888888,0.7272727272727273,0.5972222222222222,0.7481854843887644,12.0,0.22972964488835243,0.6,0.8666666666666667,0.2666666666666667,,,,,,,
reference_moderate,main,1103,Graph-temporal reconstruction,retrospective reconstruction,0.2702333723133922,0.5198397563801678,0.20219417142997906,0.08285575032825165,4.911985800995614,0.3132137588453159,1.3090490770769432,0.0739840958814226,0.07767997845104299,0.08753191916781809,-0.7136094861959967,0.5754669524719596,0.8462318868419653,0.005868106082511472,0.009977168000204983,0.0,1,True,0.75,2.5000000000000004,,4.670652078831512,1.1008832525016023,0.5555555555555556,0.8333333333333334,0.6666666666666666,0.4027777777777778,0.604198557990006,15.0,-0.14791404405235276,0.6,0.9,0.30000000000000004,,,,,,,
reference_moderate,main,1104,Graph-temporal reconstruction,retrospective reconstruction,1.963199457652235,1.4011421975132412,0.3916553824308509,0.10510583882440616,19.462954380548357,0.8442159511150674,3.528325561862015,0.14330912291541476,0.14119649724534836,0.11286007554741342,-11.449081270488906,0.28505824477387687,0.7867821949663374,0.24258771607971108,0.007875300000250718,0.0,1,True,0.6944444444444444,2.5000000000000004,,2.9495439002841,0.6952141644327684,0.6,0.8333333333333334,0.6976744186046512,0.6157407407407407,0.7362135957724194,13.0,0.23503896929571363,0.6,0.8333333333333334,0.2333333333333334,,,,,,,
reference_moderate,main,1105,Graph-temporal reconstruction,retrospective reconstruction,0.29768328313347187,0.5456035952351046,0.20479153776338338,0.09040103894569151,5.898084407812556,0.32873698251376177,1.3739270112116106,0.07493448826163181,0.0751278542065377,0.07380981010577402,-0.8876754321368694,0.5802249155413868,0.8645943096869337,0.0765229006221639,0.006650625000020227,0.0,1,True,0.5833333333333334,2.5,,4.546980825936058,1.0717336586481985,0.5238095238095238,0.6111111111111112,0.5641025641025641,0.32407407407407407,0.523377035999585,17.0,-0.24802594705556336,0.6,0.7,0.09999999999999998,,,,,,,
reference_moderate,main,1106,Graph-temporal reconstruction,retrospective reconstruction,1.424244658550265,1.1934172189767773,0.29724670025540273,0.10002872055771928,15.077917635120286,0.7190575334778307,3.0052370752628397,0.10876440313091808,0.10366041342539482,0.08661567674889457,-8.031449878534346,0.38343381250959496,0.8594856795337199,0.13320953921068623,0.006088352000006125,0.125,1,True,0.6111111111111112,2.5,,4.166437430183337,0.9820387200906968,0.5454545454545454,0.6666666666666666,0.6,0.3055555555555555,0.5079653127898742,16.0,-0.37204796246820415,0.6,0.7333333333333333,0.1333333333333333,,,,,,,
reference_moderate,main,1107,Graph-temporal reconstruction,retrospective reconstruction,0.7950199458372417,0.8916389100063106,0.27624238693240755,0.10367593829852972,8.842927804960382,0.5372301196824572,2.245305554075513,0.1010787951837569,0.10124790620007344,0.08830581643223612,-4.041397031162348,0.3866496074676971,0.8015433141417038,0.12860785579919373,0.0062650929999108484,0.0,1,True,0.8055555555555556,2.5000000000000004,,3.548972799365296,0.8365009108926019,0.5862068965517241,0.9444444444444444,0.723404255319149,0.4305555555555556,0.5848663220489788,13.0,-0.10897325372608235,0.6,0.9666666666666667,0.3666666666666667,,,,,,,
reference_moderate,main,1108,Graph-temporal reconstruction,retrospective reconstruction,0.5039171803504967,0.709871242092886,0.2341168339270638,0.10033644574163625,10.438530429045375,0.42771149628945254,1.7875821979755901,0.08566479521252328,0.08760473607493441,0.09186055517374522,-2.195450114519242,0.3866322803242599,0.7803957562587636,0.02009310311007085,0.008129232000101183,0.0,1,True,0.6388888888888888,2.5000000000000004,,4.003939379457742,0.9437375622248088,0.5652173913043478,0.7222222222222222,0.6341463414634146,0.4305555555555555,0.5758701633572634,15.0,-0.10744870431119469,0.6,0.7666666666666667,0.16666666666666674,,,,,,,
reference_moderate,main,1109,Graph-temporal reconstruction,retrospective reconstruction,0.2626791597770789,0.5125223505146668,0.20441168286785796,0.10227075074979997,6.670866983954198,0.30880487674655194,1.2906225460598997,0.07479549700974346,0.07703429710644849,0.08077554012102728,-0.6657065563981375,0.6099407350100078,0.856072836673626,0.019058884269039397,0.030627887999798986,0.0,1,True,0.5833333333333334,2.5000000000000004,,3.975298744676657,0.9369868998677446,0.6190476190476191,0.7222222222222222,0.6666666666666666,0.5416666666666667,0.6308911948617831,13.0,0.0004191970466824172,0.6,0.7,0.09999999999999998,,,,,,,
reference_moderate,main,1110,Graph-temporal reconstruction,retrospective reconstruction,1.5954413057060086,1.2631077965502424,0.3734959337325777,0.09293065924337407,14.946939789327537,0.7610474880551464,3.1807303597487357,0.13666446850156544,0.1354086302415899,0.09885548564716456,-9.117045621427321,0.2817299329581621,0.7861661851204097,0.2583926112802276,0.00619162300017706,0.0,1,True,0.6944444444444444,2.5000000000000004,,3.689745401592494,0.8696813314393114,0.64,0.8888888888888888,0.7441860465116279,0.4814814814814815,0.5891239067879038,11.0,-0.07680151261341298,0.6,0.8333333333333334,0.2333333333333334,,,,,,,
reference_moderate,main,1111,Graph-temporal reconstruction,retrospective reconstruction,0.4654535863268816,0.6822415894145428,0.2633771990055199,0.09993271885912924,5.814343711713738,0.41106408280335205,1.71800581237862,0.09637134347837975,0.10214957827733483,0.10722542327717584,-1.9515439713667222,0.4538801863286976,0.8014169862855213,0.04922268605904949,0.009332624999842665,0.0,1,True,0.3333333333333333,2.5000000000000004,,5.618743121455821,1.3243504543088935,0.4166666666666667,0.2777777777777778,0.3333333333333333,0.3217592592592592,0.5581649831649832,20.0,-0.22766658239644738,0.6,0.4,0.19999999999999996,,,,,,,
reference_moderate,main,1112,Graph-temporal reconstruction,retrospective reconstruction,0.9672881797462916,0.9835080984650262,0.2863557724984116,0.1016353512519903,12.857618358275275,0.5925831270006962,2.476648530228611,0.104779345412823,0.10610271509797936,0.09949657815818218,-5.13378794228354,0.4231868994380367,0.8471435750736693,0.08254507536958214,0.010837218000233406,0.0,1,True,0.5555555555555556,2.5,,5.280744192657281,1.2446833427798145,0.55,0.6111111111111112,0.5789473684210527,0.36342592592592593,0.5458360057173267,16.0,-0.2068473611219383,0.6,0.6666666666666666,0.06666666666666665,,,,,,,
reference_moderate,main,1113,Graph-temporal reconstruction,retrospective reconstruction,2.584307393050512,1.6075781141364522,0.3841934324031045,0.11231439250273745,22.69732477134598,0.9685976833944052,4.048167961013802,0.14057874932249267,0.13509043777017454,0.11000237533615419,-15.387663840578647,0.3326955064041713,0.8165126438742006,0.2120282550383634,0.005915060000006633,0.0,1,True,0.5277777777777778,2.5000000000000004,,4.255318184533607,1.0029881147967141,0.7368421052631579,0.7777777777777778,0.7567567567567568,0.6666666666666665,0.7001818261622184,9.0,0.1222298993099535,0.6,0.6333333333333333,0.033333333333333326,,,,,,,
reference_moderate,main,1114,Graph-temporal reconstruction,retrospective reconstruction,0.6466340962015212,0.8041356205277324,0.29818345484884806,0.10674335223145714,8.83159546091338,0.4845076530520444,2.0249566890122574,0.109107167421148,0.11722350104304073,0.10587400962515317,-3.100449592375484,0.4266958040202849,0.7984234680518258,0.14086548416327638,0.009673896000094828,0.0,1,True,0.4722222222222222,2.5,,4.086740287533669,0.9632539234211062,0.6470588235294118,0.6111111111111112,0.6285714285714286,0.5462962962962963,0.638688952659541,13.0,0.07930415146141248,0.6,0.5666666666666667,0.033333333333333326,,,,,,,
reference_moderate,main,1115,Graph-temporal reconstruction,retrospective reconstruction,2.0358091088802235,1.4268178261012243,0.38527044921672465,0.1095995404686767,21.829513470527736,0.8596860263489386,3.5929813668364416,0.14097283642520805,0.1463568220003038,0.11274177655603008,-11.909515102433863,0.27918853855246256,0.7956860970883223,0.25301594183835197,0.006372528000156308,0.0,1,True,0.75,2.5000000000000004,,2.8644621769552203,0.6751602099258056,0.6296296296296297,0.9444444444444444,0.7555555555555555,0.7222222222222222,0.8023906353190242,11.0,0.3444395245723474,0.6,0.9,0.30000000000000004,,,,,,,
reference_moderate,main,1116,Graph-temporal reconstruction,retrospective reconstruction,1.0749656706630462,1.0368055124578794,0.32972804135946426,0.11150420017534368,15.949631575344359,0.6246958755324346,2.6108609096044377,0.12064952641416904,0.12701305109384073,0.12856435344301467,-5.816594689300514,0.2559198264622405,0.7262524368163461,0.016494204289675143,0.009700395999971079,0.0,1,True,0.5277777777777778,2.5,,3.902858482337532,0.9199125662907688,0.631578947368421,0.6666666666666666,0.6486486486486487,0.5555555555555556,0.6581476031230933,13.0,0.06828353508619402,0.6,0.6333333333333333,0.033333333333333326,,,,,,,
reference_moderate,main,1117,Graph-temporal reconstruction,retrospective reconstruction,1.224141835834313,1.1064094340859143,0.3744667161207502,0.11322864446454473,14.376384230419646,0.6666336181847072,2.786135978988475,0.13701968377200868,0.141892456886344,0.13285245081898253,-6.762553693414067,0.16126881897546338,0.608395751912868,0.08207056857798278,0.006301351000274735,0.0,1,True,0.75,2.5,,3.7263994062530066,0.8783207631903419,0.6296296296296297,0.9444444444444444,0.7555555555555555,0.6157407407407407,0.7142841734289104,11.0,0.09901194967425231,0.6,0.9,0.30000000000000004,,,,,,,
reference_moderate,main,1118,Graph-temporal reconstruction,retrospective reconstruction,0.6815710150293255,0.8255731433551636,0.3112176613208753,0.11548237820203378,8.120476797721611,0.49742418554634166,2.0789401889805474,0.11387646405588642,0.11156163081992285,0.11525706446113326,-3.3219923093584747,0.4522002150833567,0.806584359202049,0.06253563779373883,0.009654884000156017,0.0,1,True,0.8055555555555556,2.5000000000000004,,2.6275128706969215,0.6193107228415752,0.6206896551724138,1.0,0.7659574468085106,0.7175925925925927,0.8209603537577052,11.0,0.38917408156526084,0.6,0.9666666666666667,0.3666666666666667,,,,,,,
reference_moderate,main,1119,Graph-temporal reconstruction,retrospective reconstruction,0.2542338626649876,0.5042160872730933,0.22677991399672676,0.10387438828756501,3.6397073491060583,0.3038001884749814,1.2697058960790388,0.08298017090430797,0.08346352492894288,0.09488165329387761,-0.612153062537875,0.5803743819716883,0.8068978232335842,-0.03569498860529108,0.006242053999812924,0.0,1,True,0.5555555555555556,2.5,,4.411630927803462,1.039831381714043,0.5,0.5555555555555556,0.5263157894736842,0.42592592592592593,0.6322770066191119,18.0,-0.02397900260139187,0.6,0.6666666666666666,0.06666666666666665,,,,,,,
reference_moderate,main,1120,Graph-temporal reconstruction,retrospective reconstruction,0.5426604731240701,0.7366549213329604,0.25201313414693305,0.09041338093518592,8.154994082023391,0.4438491940078932,1.8550282718082032,0.09221316197317471,0.09395846384610607,0.09011008978054547,-2.441129889207729,0.44536871550649637,0.81503822654045,0.07840225709010615,0.006772696000098222,0.0,1,True,0.5277777777777778,2.5000000000000004,,3.4689707031642807,0.817644235981643,0.6842105263157895,0.7222222222222222,0.7027027027027027,0.6342592592592593,0.7387281862062565,11.0,0.21695021291742606,0.6,0.6333333333333333,0.033333333333333326,,,,,,,
reference_moderate,main,1101,Kalman/RTS smoother (internal),retrospective reconstruction,1.2148948100071304,1.1022226680699005,0.41994650577532966,0.12652033109315908,10.106778237454822,0.6641110086590085,2.775592956601415,0.15366101964571155,0.15795605635967008,0.1301576612309179,-6.703916260735387,0.4127195425754731,0.773380643710609,0.22693314007500706,0.014818504999766446,0.0,1,True,0.2777777777777778,0.42801460476133507,,,,,,,,,,,,,,,,,,,,
reference_moderate,main,1102,Kalman/RTS smoother (internal),retrospective reconstruction,1.2735063326329383,1.1284973782127004,0.510404028787215,0.1404404130753416,6.785669916370736,0.6799420424062217,2.8417573556123723,0.1867599858937319,0.19900572404317607,0.1589879479518078,-7.075584868177023,0.11101216778219174,0.4712017255550874,0.22390106270801488,0.01518649199988431,0.0,1,True,0.3055555555555556,0.6838316060729993,,,,,,,,,,,,,,,,,,,,
reference_moderate,main,1103,Kalman/RTS smoother (internal),retrospective reconstruction,0.2615781353607431,0.5114470992788434,0.28961721433327486,0.11839483085103875,2.4973741685,0.30815701656051986,1.2879148719726352,0.10597272711970256,0.11292437881316456,0.13458216559732156,-0.6587247174482895,0.6474760326384906,0.7437921854695038,-0.07636370276197453,0.014618823000091652,0.0,1,True,0.25,0.7639670055661438,,,,,,,,,,,,,,,,,,,,
reference_moderate,main,1104,Kalman/RTS smoother (internal),retrospective reconstruction,0.6704961706932278,0.8188383055849474,0.38290152335413374,0.1481920642464114,6.842824415054215,0.49336631227417865,2.0619806681682977,0.1401060318238964,0.1401748581718314,0.12148313882700541,-3.251764275899779,0.4804898384832352,0.7359500259076881,0.2117257918220763,0.027035688000069058,0.0,1,True,0.2222222222222222,0.5567363434537664,,,,,,,,,,,,,,,,,,,,
reference_moderate,main,1105,Kalman/RTS smoother (internal),retrospective reconstruction,0.11619452987852774,0.34087318738576045,0.19965455012628136,0.10449043352319021,1.9362263657327627,0.2053828530817443,0.8583793868610492,0.07305483276416039,0.07245355978434617,0.07032265492525175,0.26318482821204925,0.745200085255709,0.8156344750537311,0.0648432844609999,0.008219127000302251,0.0,1,True,0.1388888888888889,1.2377094968996722,,,,,,,,,,,,,,,,,,,,
reference_moderate,main,1106,Kalman/RTS smoother (internal),retrospective reconstruction,0.4880105615696655,0.6985775272435161,0.3200981231047767,0.10816045827803089,4.64624709642071,0.4209068091990881,1.7591426128555825,0.11712587985973909,0.11097959643860984,0.12948952108967882,-2.0945827323643664,0.5682423475812951,0.7829659998439791,0.022333515694047325,0.008096790999843506,0.0,1,True,0.2777777777777778,0.8638743395650568,,,,,,,,,,,,,,,,,,,,
reference_moderate,main,1107,Kalman/RTS smoother (internal),retrospective reconstruction,0.2784874534235958,0.5277191046604205,0.29338692714940084,0.12428747094786119,2.625967346232223,0.3179612223892633,1.3288906791622779,0.10735208831721499,0.10805063756709155,0.10464099601272471,-0.7659504371643799,0.5789411432187722,0.7254301874972148,0.11510880540229608,0.0081049149998762,0.0,1,True,0.2222222222222222,0.8782303610979469,,,,,,,,,,,,,,,,,,,,
reference_moderate,main,1108,Kalman/RTS smoother (internal),retrospective reconstruction,0.4063084252100481,0.6374232700569129,0.3195211874217414,0.11796484174052102,4.0206218021267714,0.38406015688417505,1.6051453032098306,0.11691477553072098,0.11588504344405283,0.13210407014168574,-1.5764914444165794,0.40134653335487513,0.6469781921053668,-0.06441047465298345,0.008834867000132363,0.0,1,True,0.19444444444444445,0.49083880130933455,,,,,,,,,,,,,,,,,,,,
reference_moderate,main,1109,Kalman/RTS smoother (internal),retrospective reconstruction,0.233398262503794,0.4831130949413336,0.24249231969864507,0.11249276561357802,2.6100137067,0.2910852172362666,1.216564803470398,0.08872943717522569,0.09383596135772579,0.11834984751836043,-0.48002992104296816,0.69916357750877,0.8735913407276269,-0.0428051566121319,0.009391616000357317,0.0,1,True,0.2222222222222222,1.59884197442839,,,,,,,,,,,,,,,,,,,,
reference_moderate,main,1110,Kalman/RTS smoother (internal),retrospective reconstruction,0.6241355588261527,0.7900225052656112,0.39778521669590655,0.13162778793004848,4.451899256721745,0.47600422131945214,1.9894173515879583,0.1455520671249127,0.14279436765980819,0.12785061979851706,-2.957781398799246,0.35367131912013167,0.6356422434973226,0.22619004970619336,0.00853165100033948,0.0,1,True,0.19444444444444445,0.5849406114840685,,,,,,,,,,,,,,,,,,,,
reference_moderate,main,1111,Kalman/RTS smoother (internal),retrospective reconstruction,0.3104098541479239,0.5571443745995501,0.33266495984750666,0.14115325927891909,2.5691689037,0.3356905308724197,1.4029887487766146,0.12172416302450526,0.1297770264892407,0.1446123653492377,-0.9683774291937712,0.615862079242884,0.7275367780839175,-0.041111838934820094,0.014096249999965949,0.0,1,True,0.3055555555555556,0.9224837851801206,,,,,,,,,,,,,,,,,,,,
reference_moderate,main,1112,Kalman/RTS smoother (internal),retrospective reconstruction,0.41111593797572643,0.6411832327624658,0.3413315093907985,0.12970064020798766,3.918583834016105,0.3863256089541071,1.614613558858112,0.12489530701860425,0.12989712226624417,0.15049244721505176,-1.6069769444484585,0.6188964827569572,0.7835230899405534,-0.03599975846081243,0.014110639999671548,0.0,1,True,0.19444444444444445,1.2434539920641963,,,,,,,,,,,,,,,,,,,,
reference_moderate,main,1113,Kalman/RTS smoother (internal),retrospective reconstruction,1.2534127725186386,1.1195591866974424,0.3930321724453654,0.11075145150374177,9.418563809425175,0.6745566048220175,2.8192493977076896,0.14381289888344606,0.13902875615236132,0.12920337158091733,-6.948167166475169,0.48186390264550955,0.7971543938114937,0.11660775032599721,0.032762240000010934,0.25,1,True,0.1388888888888889,0.31907241889536925,,,,,,,,,,,,,,,,,,,,
reference_moderate,main,1114,Kalman/RTS smoother (internal),retrospective reconstruction,0.2973744048355397,0.545320460679351,0.3135214870829754,0.15235524394241606,2.9436290674690366,0.3285663883308849,1.3732140279810114,0.11471944812843339,0.12404399303110868,0.12283054755369448,-0.8857167666438346,0.6122507446896402,0.724325072344409,0.09112586022163754,0.010024173999681807,0.0,1,True,0.19444444444444445,0.5457762533041156,,,,,,,,,,,,,,,,,,,,
reference_moderate,main,1115,Kalman/RTS smoother (internal),retrospective reconstruction,0.8532794445815464,0.9237312621003722,0.4378978155264971,0.15953579331505896,8.02752942702108,0.5565663980378535,2.326119811496865,0.16022951473355052,0.16852232437916903,0.1655955068362915,-4.41083337743821,0.4983662333602919,0.7032831103454106,0.19690987016637865,0.008567106000100466,0.0,1,True,0.3333333333333333,1.1839262290177046,,,,,,,,,,,,,,,,,,,,
reference_moderate,main,1116,Kalman/RTS smoother (internal),retrospective reconstruction,0.5289322576921102,0.7272772907853717,0.36000195387588313,0.13451731994647265,5.109792451319457,0.4381989856949975,1.831413728166966,0.1317269379462625,0.13262739653794617,0.14908700698001304,-2.3540762437184264,0.22388278675451115,0.5123396135151667,-0.09326876654562694,0.014827985000010813,0.0,1,True,0.1388888888888889,0.4726162172749123,,,,,,,,,,,,,,,,,,,,
reference_moderate,main,1117,Kalman/RTS smoother (internal),retrospective reconstruction,0.6938764284703917,0.8329924540296819,0.4394001695532585,0.17081454539737706,4.9908305204379495,0.5018944673127628,2.0976233344534045,0.16077923534902458,0.1614722119752892,0.1886482664137152,-3.4000236532434203,0.18181190963786928,0.45961928118543455,-0.0777233614189818,0.008282217999749264,0.0,1,True,0.16666666666666666,0.5419860285881035,,,,,,,,,,,,,,,,,,,,
reference_moderate,main,1118,Kalman/RTS smoother (internal),retrospective reconstruction,0.34062337311923707,0.5836294827364679,0.34639720338920776,0.15455709436074927,3.1566360574819106,0.35164833358214936,1.4696829674034029,0.1267488757334376,0.12363785489911278,0.1251438703293172,-1.1599680246756718,0.6027837920788998,0.7261857026512725,0.030399473461135248,0.014132022000012512,0.0,1,True,0.25,1.3093217773527552,,,,,,,,,,,,,,,,,,,,
reference_moderate,main,1119,Kalman/RTS smoother (internal),retrospective reconstruction,0.1624566608478638,0.40305912822793605,0.23204825323904324,0.12072695362209385,2.8008833719,0.24285111525187744,1.0149746596686928,0.08490788876522753,0.08825348285489099,0.09623236473113614,-0.030173559769578917,0.6901005584700602,0.7725832382153668,-0.058028269796646985,0.012344829000085156,0.0,1,True,0.25,1.8509129844296415,,,,,,,,,,,,,,,,,,,,
reference_moderate,main,1120,Kalman/RTS smoother (internal),retrospective reconstruction,0.13472687345091347,0.3670515950801923,0.23228220804894384,0.1309162948017455,2.414543598127874,0.22115586269465615,0.9243012791579489,0.08499349427484827,0.08687030163255972,0.08508391578343205,0.14566714534697933,0.7033812994143639,0.762592651224393,0.04492581770351295,0.008684962000188534,0.0,1,True,0.3055555555555556,1.1302257201171408,,,,,,,,,,,,,,,,,,,,
reference_moderate,main,1101,Known-delay proposed oracle,retrospective reconstruction,0.09321378578003038,0.30530932802656124,0.2627305372948202,0.24660530382665447,0.9627941235809216,0.1839549227777859,0.7688232559571104,0.09613472596527887,0.09603578138590853,0.09787682032278025,0.4089108010995074,0.818372667401136,0.8590429859918987,-0.10978918915141396,14.68284275499991,3.0546875,12,False,0.26666666666666666,2.316925662174404,True,5.002335073054159,1.179061683974633,0.5,0.2222222222222222,0.3076923076923077,0.4351851851851853,0.5830687830687831,18.0,-0.16876394843082204,0.6,0.26666666666666666,0.3333333333333333,1.4141716566866267,2.2199422768565067,0.0,0.5099800399201597,0.5858283433133733,0.5099800399201597,0.0
reference_moderate,main,1102,Known-delay proposed oracle,retrospective reconstruction,0.11492355163384493,0.3390037634508575,0.2780865763229439,0.2545482501511307,1.3021823702365591,0.20425648810034386,0.8536718444951271,0.10175359546968005,0.10373600414694654,0.10188634472483779,0.2712443819162875,0.6773715586930272,0.7011617447743191,-0.06156030284096754,11.334223802999986,0.0,12,False,0.26666666666666666,4.777221355341457,True,5.8660954092257755,1.3826519476502739,0.5,0.2222222222222222,0.3076923076923077,0.44444444444444453,0.6095238095238096,18.0,-0.06626633904976492,0.6,0.26666666666666666,0.3333333333333333,1.5158530447911425,2.277214767237559,0.0,0.4700553598389532,0.5450427780573729,0.4700553598389532,0.0
reference_moderate,main,1103,Known-delay proposed oracle,retrospective reconstruction,0.08429041002173913,0.2903281075296347,0.2590682831834364,0.26068372558726405,0.7213076074231299,0.17492844043136593,0.7310978749636532,0.09479468457139238,0.09477412821951799,0.09893251023593662,0.4654958972236306,0.8515382201692606,0.8866194738720067,-0.16705269627917907,8.07588382899985,0.25,12,False,0.16666666666666666,2.8040077335426994,True,4.710013980784419,1.1101609417653693,1.0,0.2777777777777778,0.43478260869565216,0.6388888888888888,0.7111111111111111,13.0,0.3588504734886953,0.6,0.16666666666666666,0.43333333333333335,1.4375311100049777,2.2323919721616603,0.0,0.5002488800398208,0.5709308113489299,0.5002488800398208,0.0
reference_moderate,main,1104,Known-delay proposed oracle,retrospective reconstruction,0.17822866476368424,0.42217136895304047,0.29427021884658333,0.2149025855754947,2.0630018097302285,0.2543666191816859,1.0631026852285033,0.10767529020356731,0.10684016712427688,0.10342265396971655,-0.130187319340054,0.7200510035349872,0.8185285499222786,0.010188223455011126,16.596915553000144,0.0,12,False,0.23333333333333334,3.5863768748661897,True,5.419155174738389,1.277307124119895,0.5714285714285714,0.2222222222222222,0.32,0.47685185185185186,0.6095238095238096,17.0,-0.08323978131769702,0.6,0.23333333333333334,0.36666666666666664,1.463659147869674,2.2399874686366266,0.0,0.4857142857142857,0.562406015037594,0.4857142857142857,0.0
reference_moderate,main,1105,Known-delay proposed oracle,retrospective reconstruction,0.06253845904115138,0.2500769062531592,0.20813956419803578,0.19092973909891486,0.7853847750246574,0.15067629369747051,0.6297381824131765,0.07615955180823676,0.07711559199907639,0.0807528006369692,0.6034298216109489,0.8826656217232522,0.9051180477986457,-0.12851669096644716,14.05915138399996,0.0,12,False,0.3,3.91174374003512,True,6.04478473610529,1.4247694259043289,0.6666666666666666,0.3333333333333333,0.4444444444444444,0.5416666666666666,0.6615740740740742,15.0,0.08671239196270548,0.6,0.3,0.3,1.5093956323006603,2.307274252088915,0.0,0.4779075672930422,0.5647536820721178,0.4779075672930422,0.0
reference_moderate,main,1106,Known-delay proposed oracle,retrospective reconstruction,0.09137845044815567,0.30228868726460084,0.26007022312117783,0.2401051221066568,0.8139229001690755,0.1821349268356458,0.761216744617617,0.09516130058162174,0.09781555028206457,0.10107581092969496,0.42054906771375755,0.8440848364014898,0.8637577431145714,-0.12424102756549463,19.158448047000093,0.0,12,False,0.3333333333333333,3.04222025265819,True,5.297137784280304,1.2485473493813621,0.6,0.3333333333333333,0.42857142857142855,0.5092592592592593,0.6396825396825396,16.0,0.048949379019524335,0.6,0.3333333333333333,0.26666666666666666,1.5547738693467337,2.3418843076789178,0.0,0.471356783919598,0.5512562814070352,0.471356783919598,0.0
reference_moderate,main,1107,Known-delay proposed oracle,retrospective reconstruction,0.0641862827281491,0.25335011886349906,0.20898696230118552,0.19331725470757166,0.8316599556335953,0.15264846918540045,0.6379807146436441,0.07646962000688845,0.07745152571206054,0.08128417341656295,0.5929806077427853,0.881458113975399,0.9000969614208649,-0.13217372631942537,12.997791290999885,0.0,12,False,0.3333333333333333,4.238197022007407,True,6.099195095094852,1.4375940705071,0.6,0.3333333333333333,0.42857142857142855,0.49074074074074076,0.6179012345679014,16.0,-0.06315349689308784,0.6,0.3333333333333333,0.26666666666666666,1.4216380182002022,2.2215508479142567,0.0,0.5050556117290192,0.5738119312436805,0.5050556117290192,0.0
reference_moderate,main,1108,Known-delay proposed oracle,retrospective reconstruction,0.0639809843867577,0.25294462711581306,0.21273864027916636,0.19399351445702329,0.699616486504357,0.1524041523686993,0.636959614214991,0.07784238214575792,0.07748234406699905,0.08135116475867998,0.5942824498590897,0.8838221791019866,0.8980217770824157,-0.16147629638078456,16.7124435730002,0.0,12,False,0.26666666666666666,4.355774180825872,True,5.835392909733876,1.375415299120241,0.625,0.2777777777777778,0.38461538461538464,0.5254629629629629,0.6717592592592594,16.0,0.0713031770315808,0.6,0.26666666666666666,0.3333333333333333,1.451434323100151,2.2379802526998724,0.0,0.4967287367891293,0.568193256165073,0.4967287367891293,0.0
reference_moderate,main,1109,Known-delay proposed oracle,retrospective reconstruction,0.07158640108238758,0.26755635122790034,0.21956794620348882,0.20447550599295883,0.8047132757740587,0.16120800581812778,0.6737545375133209,0.08034126735464048,0.08148056676682498,0.08586792570215844,0.5460548231802109,0.8850288494693757,0.9129183759636785,-0.14117816852926365,14.054101808999803,0.125,12,False,0.4,4.5412107780540705,True,5.4245786488652135,1.2785854492307842,0.6666666666666666,0.4444444444444444,0.5333333333333333,0.5833333333333334,0.7037638287638287,14.0,0.2117877700520446,0.6,0.4,0.19999999999999996,1.4247258225324029,2.228251486242559,0.0,0.5059820538384845,0.584247258225324,0.5059820538384845,0.0
reference_moderate,main,1110,Known-delay proposed oracle,retrospective reconstruction,0.05513464124382494,0.23480766862226826,0.18365549733758663,0.15153134559967874,0.7949702347866139,0.14147627531800638,0.5912875229877195,0.06720068055413664,0.06677049791842485,0.06695791689001865,0.6503790651590471,0.8556336905683162,0.8917148218873895,-0.019398596049125735,10.691129499999988,0.125,12,False,0.2,3.6368981314211224,True,6.962598796103676,1.641100274468734,0.5,0.16666666666666666,0.25,0.45601851851851855,0.5925925925925927,18.0,-0.13136203153778864,0.6,0.2,0.39999999999999997,1.4805583250249252,2.257368570131106,0.0,0.4830508474576271,0.5628115653040877,0.4830508474576271,0.0
reference_moderate,main,1111,Known-delay proposed oracle,retrospective reconstruction,0.08718631520592156,0.2952732890153147,0.24926532223890516,0.23581490522892068,0.9451156265612695,0.17790801031283793,0.7435507225582362,0.09120772062820472,0.09248303018152619,0.09618606681441692,0.4471323229831249,0.8238384290609088,0.853835674276747,-0.13298251577170775,7.109837413999685,0.0,12,False,0.4,4.537814098645422,True,5.191317369790573,1.2236052384901421,0.6666666666666666,0.4444444444444444,0.5333333333333333,0.5601851851851851,0.6578924162257496,14.0,0.09807461031200955,0.6,0.4,0.19999999999999996,1.4994994994994995,2.3215058452197335,0.0,0.487987987987988,0.5740740740740741,0.487987987987988,0.0
reference_moderate,main,1112,Known-delay proposed oracle,retrospective reconstruction,0.0959819652601333,0.30980956289329303,0.273970994596826,0.2690421580711133,0.8027302799095684,0.18666640350044345,0.7801556487312724,0.10024767870225046,0.10224510511977002,0.10739254886142126,0.39135716375268736,0.8362997090027074,0.8515341347544534,-0.17725544683785885,7.037586844000089,0.0,12,False,0.3,3.806627804755885,True,5.54292569329105,1.3064801151130823,0.5555555555555556,0.2777777777777778,0.37037037037037035,0.4861111111111111,0.662610229276896,17.0,0.09605594875801916,0.6,0.3,0.3,1.5118987341772152,2.2564674980199144,0.0,0.4582278481012658,0.5427848101265823,0.4582278481012658,0.0
reference_moderate,main,1113,Known-delay proposed oracle,retrospective reconstruction,0.11338484328428197,0.33672665959837805,0.26199413886761835,0.23087001366670323,1.5056878592048797,0.20288448788650365,0.8479376914991092,0.0958652732334829,0.09549957052696545,0.09767228137158937,0.2810016713351614,0.8517191476934752,0.9009094122983983,-0.08331716934672742,10.22282040600021,0.0,12,False,0.26666666666666666,4.609391845836805,True,5.369811391365965,1.265676682842548,0.625,0.2777777777777778,0.38461538461538464,0.5439814814814814,0.7018518518518518,16.0,0.16992214445924345,0.6,0.26666666666666666,0.3333333333333333,1.4265522463402323,2.2066395153105627,0.0,0.49217566885411407,0.5714285714285714,0.49217566885411407,0.0
reference_moderate,main,1114,Known-delay proposed oracle,retrospective reconstruction,0.057666761554869043,0.24013904629374425,0.19835675588092277,0.17822312223569026,0.6807785585446264,0.14468853605761356,0.6047128813500575,0.07257996183586451,0.07399466644608499,0.07598199802976066,0.6343223311293111,0.8730048297332176,0.8903085635307237,-0.0803832025564717,17.366576891000022,0.0,12,False,0.23333333333333334,3.1230270220853247,True,6.198520873348699,1.4610053809570756,0.5714285714285714,0.2222222222222222,0.32,0.49074074074074076,0.6428571428571428,17.0,-0.048946733343772315,0.6,0.23333333333333334,0.36666666666666664,1.435483870967742,2.223182476222014,0.0,0.4944556451612903,0.5740927419354839,0.4944556451612903,0.0
reference_moderate,main,1115,Known-delay proposed oracle,retrospective reconstruction,0.4590922549673292,0.6775634693276559,0.3554970331406222,0.2372794027594627,4.358465418411548,0.4082454227090439,1.7062254729431807,0.1300785596312072,0.12615259725904385,0.1161455019192632,-1.91120536452018,0.6480927924372831,0.85442676834989,0.05774664169636848,13.533482781000203,0.0,12,False,0.43333333333333335,3.6939261804554064,True,4.889636251223395,1.1524983169252108,0.6153846153846154,0.4444444444444444,0.5161290322580645,0.5092592592592592,0.6295995670995671,15.0,-0.007730429267987393,0.6,0.43333333333333335,0.16666666666666663,1.4264112903225807,2.2320069083024086,0.0,0.5120967741935484,0.5786290322580645,0.5120967741935484,0.0
reference_moderate,main,1116,Known-delay proposed oracle,retrospective reconstruction,0.06166795159599667,0.2483303275800132,0.20810817009598742,0.1908371882244837,0.6825944015364578,0.1496239454216394,0.6253399862920395,0.07614806451243772,0.0757931379671203,0.07847712349649513,0.6089499015442719,0.8506557385179155,0.865769519439376,-0.11974220282899943,13.150033228000211,0.0,12,False,0.2,3.8553171378042816,True,6.64451161836838,1.5661264076736945,0.5,0.16666666666666666,0.25,0.46064814814814814,0.6203703703703705,18.0,-0.10884858342456442,0.6,0.2,0.39999999999999997,1.4120603015075377,2.215523124132953,0.0,0.5080402010050251,0.585427135678392,0.5080402010050251,0.0
reference_moderate,main,1117,Known-delay proposed oracle,retrospective reconstruction,0.41181220182438405,0.6417259553924745,0.334653508511193,0.2393597725396165,4.440028816503678,0.3866526100979579,1.6159802310858553,0.12245178525989692,0.1263813318298784,0.11621350933287099,-1.611392107260294,0.3793578420465086,0.7502683951253232,-0.09871828698597472,14.478687206999894,0.0,12,False,0.3,5.842549668014975,True,5.324075866128369,1.2548967161636704,0.6666666666666666,0.3333333333333333,0.4444444444444444,0.5555555555555556,0.6666666666666667,15.0,0.1760815864558214,0.6,0.3,0.3,1.5575849822425165,2.344504677247134,0.0,0.4622019279553526,0.5459157787924911,0.4622019279553526,0.0
reference_moderate,main,1118,Known-delay proposed oracle,retrospective reconstruction,0.08956612168523365,0.2992759958386801,0.24340168500250117,0.21412679459346418,0.9942392319401989,0.18031972052606218,0.7536302511218501,0.0890621795552652,0.08954629574312949,0.09424753173502287,0.43204144459401717,0.8337169750014037,0.8680350706296008,-0.14160561346518427,16.143585439999697,0.0,12,False,0.4,6.177852089217522,True,4.707065582207809,1.1094659975563155,0.5833333333333334,0.3888888888888889,0.4666666666666667,0.5671296296296295,0.7555555555555558,16.0,0.2683965978699506,0.6,0.4,0.19999999999999996,1.486256871564218,2.2637221077485297,0.0,0.48375812093953025,0.5527236381809095,0.48375812093953025,0.0
reference_moderate,main,1119,Known-delay proposed oracle,retrospective reconstruction,0.0832624012455269,0.28855225045999366,0.252817249585804,0.2328106932296372,0.7413936714997091,0.17385845134121344,0.7266259506263886,0.09250739277769501,0.09371156288875374,0.09897120456632642,0.47201472787629717,0.8774911604641571,0.8989957470217333,-0.18366641853672963,12.839537941999879,0.0,12,False,0.3,4.167854311453709,True,5.672447804326731,1.3370087694553912,0.5555555555555556,0.2777777777777778,0.37037037037037035,0.4814814814814815,0.6082010582010582,17.0,-0.017870115179962686,0.6,0.3,0.3,1.4337899543378996,2.2474970575833386,0.0,0.5027904616945713,0.5859969558599696,0.5027904616945713,0.0
reference_moderate,main,1120,Known-delay proposed oracle,retrospective reconstruction,0.06820212405211241,0.26115536382029836,0.21530992353038614,0.18642410758127248,0.8097064993984782,0.1573512840078968,0.6576357113645671,0.07878323056513196,0.07948206910437657,0.08336131399532017,0.5675152711380197,0.8754054099738273,0.901929510139534,-0.1275175054965101,14.312408570000116,0.0,12,False,0.26666666666666666,5.130541387212105,True,6.55654942483009,1.5453935198273716,0.5,0.2222222222222222,0.3076923076923077,0.44444444444444453,0.5925925925925926,18.0,-0.09961842622048585,0.6,0.26666666666666666,0.3333333333333333,1.3760162601626016,2.185270350337697,0.0,0.5213414634146342,0.5914634146341463,0.5213414634146342,0.0
reference_moderate,main,1101,No-delay ablation,retrospective reconstruction,0.1722639754466223,0.41504695571299194,0.29600336583471204,0.24323608033591437,2.0772004351190074,0.25007401896576276,1.0451621440095282,0.10830945938875927,0.10780687158343759,0.10787824734129015,-0.09236390727059396,0.7474011114557654,0.8611615848261767,-0.08618133730393156,15.546620661000361,3.0546875,12,False,0.36666666666666664,2.883374510284987,True,3.934346608077144,0.9273343887032136,0.6363636363636364,0.3888888888888889,0.4827586206896552,0.5231481481481483,0.6367424242424242,15.0,0.025842841494606167,0.6,0.36666666666666664,0.23333333333333334,1.6397205588822354,2.2831064036306765,-1.6397205588822354,0.3018962075848303,0.5588822355289421,0.3018962075848303,0.0
reference_moderate,main,1102,No-delay ablation,retrospective reconstruction,0.14374583953839576,0.3791382855085935,0.29048463421466325,0.23936685271712155,1.5220213863664585,0.22843833329182742,0.9547377179951554,0.10629012141064687,0.10822435938597778,0.10564317179095953,0.08847588983740307,0.618106660544421,0.6686764198378825,-0.04189929761472674,11.922700293999696,0.0,12,False,0.36666666666666664,4.028495477022674,True,4.948931141982438,1.1664742567070223,0.6363636363636364,0.3888888888888889,0.4827586206896552,0.5416666666666667,0.664057239057239,15.0,0.13185979753550806,0.6,0.36666666666666664,0.23333333333333334,1.6134876698540512,2.270131655935249,-1.6134876698540512,0.31957725213890287,0.5631605435329643,0.31957725213890287,0.0
reference_moderate,main,1103,No-delay ablation,retrospective reconstruction,0.07591396266785709,0.2755248857505563,0.239940194924541,0.23445330041155632,0.6502963739197871,0.16600920584120657,0.6938207264388752,0.08779559896093246,0.08747485029459942,0.09051385006925187,0.5186127995638314,0.8397834081434173,0.8701925140127782,-0.134130616069668,12.601232469000024,0.0,12,False,0.16666666666666666,3.297622642461727,True,5.032616910150985,1.1861991814272839,1.0,0.2777777777777778,0.43478260869565216,0.6388888888888888,0.7111111111111111,13.0,0.35134629885915597,0.6,0.16666666666666666,0.43333333333333335,1.5331010452961673,2.2072778845292915,-1.5331010452961673,0.3504230960676954,0.5813837730214036,0.3504230960676954,0.0
reference_moderate,main,1104,No-delay ablation,retrospective reconstruction,0.08606030459059345,0.29336036642769836,0.23605132875738236,0.2107020814693279,0.8418909169390827,0.17675543653083337,0.7387336428387552,0.08637263881650159,0.08557467313865118,0.08584881175590353,0.45427260493818233,0.8136371436665771,0.8504319206794311,-0.0400806838795627,10.938076846000058,0.0,12,False,0.16666666666666666,2.6573442113922754,True,5.651804595461177,1.3321431184639634,0.4,0.1111111111111111,0.17391304347826086,0.4398148148148148,0.625925925925926,19.0,-0.1430882853771481,0.6,0.16666666666666666,0.43333333333333335,1.5578947368421052,2.225845000199313,-1.5578947368421052,0.3473684210526316,0.5714285714285714,0.3473684210526316,0.0
reference_moderate,main,1105,No-delay ablation,retrospective reconstruction,0.056477872808623215,0.23765073702520514,0.19479992368334068,0.17741209679557346,0.6572060117873244,0.14318928039353004,0.5984468755059779,0.07127849497122161,0.07181685677899421,0.07429708251053219,0.6418613371971327,0.8738926518164777,0.8956061316977302,-0.09700992284393659,16.666660993999812,0.125,12,False,0.2,3.746115231215447,True,6.480857920554066,1.527552861176776,0.5,0.16666666666666666,0.25,0.4652777777777778,0.638888888888889,18.0,-0.042238127635964316,0.6,0.2,0.39999999999999997,1.585576434738446,2.2668588532232814,-1.585576434738446,0.3362112747587608,0.5774504824784155,0.3362112747587608,0.0
reference_moderate,main,1106,No-delay ablation,retrospective reconstruction,0.09649320955895882,0.310633561546332,0.2660539372397969,0.24321521662105705,0.6996261086755913,0.18716287902436057,0.7822306240732593,0.09735077852724217,0.09935475834519465,0.10234519992809081,0.3881152507619593,0.8188692881405706,0.8392561154637078,-0.12365538814097812,16.563324944000215,0.25,12,False,0.3,3.145287163041282,True,5.191556420966187,1.2236615833925846,0.5555555555555556,0.2777777777777778,0.37037037037037035,0.49537037037037035,0.6628306878306879,17.0,0.07229035708848523,0.6,0.3,0.3,1.5527638190954773,2.2238994229092466,-1.5527638190954773,0.34723618090452263,0.5778894472361809,0.34723618090452263,0.0
reference_moderate,main,1107,No-delay ablation,retrospective reconstruction,0.06946947398251095,0.2635706242784103,0.22193621244473963,0.20434600364086175,0.7810181635295883,0.158806526315533,0.6637177672958178,0.08120783059643064,0.08144395282031272,0.08427020995643325,0.5594787253758546,0.8497071649924992,0.8710799405821211,-0.11370151523410672,13.390296011999908,0.0,12,False,0.3,2.89467398882446,True,5.71223740036199,1.3463872671811263,0.4444444444444444,0.2222222222222222,0.2962962962962963,0.40277777777777773,0.6077601410934745,19.0,-0.16065070606342355,0.6,0.3,0.3,1.5626895854398382,2.2237117241570883,-1.5626895854398382,0.3367037411526795,0.5697674418604651,0.3367037411526795,0.0
reference_moderate,main,1108,No-delay ablation,retrospective reconstruction,0.0728698051890942,0.26994407789224456,0.218410295872552,0.19049831327743227,0.7509974485487403,0.16264665846917187,0.6797672584487816,0.0799176759500245,0.07958923115545426,0.08376992061536115,0.5379164743410273,0.8555003037631378,0.8611607279611273,-0.16259288440541206,15.099780702999851,0.0,12,False,0.3,4.106511474944247,True,5.169260864972495,1.2184064704480966,0.5555555555555556,0.2777777777777778,0.37037037037037035,0.5185185185185185,0.7111111111111111,17.0,0.23787411120666682,0.6,0.3,0.3,1.5787619526925012,2.225238404920191,-1.5787619526925012,0.3241066935078007,0.5666834423754403,0.3241066935078007,0.0
reference_moderate,main,1109,No-delay ablation,retrospective reconstruction,0.07089717770964526,0.2662652393941899,0.21628324263178886,0.19508510393413525,0.8618598577989978,0.16043008534251418,0.6705032880011814,0.07913937403461044,0.08033588184739648,0.0847609368237214,0.5504253407796047,0.8802171502281384,0.906023468534023,-0.13725338349122668,16.9750748309998,0.0,12,False,0.36666666666666664,4.7506917958580885,True,5.907338576943116,1.3923730555071223,0.6363636363636364,0.3888888888888889,0.4827586206896552,0.5370370370370371,0.6685545935545937,15.0,0.11932517939155239,0.6,0.36666666666666664,0.23333333333333334,1.5752741774675971,2.2251172014792937,-1.5752741774675971,0.32801595214356927,0.5653040877367896,0.32801595214356927,0.0
reference_moderate,main,1110,No-delay ablation,retrospective reconstruction,0.07304593679818039,0.2702701182117261,0.21074706747744518,0.16982974502202053,0.9370803173007181,0.16284310422528533,0.6805882860328956,0.07711365335958517,0.07609809771009948,0.07618299468347249,0.5367995849148055,0.8018386541714179,0.8425291971410126,-0.027899804658713265,15.371197552000012,0.0,12,False,0.23333333333333334,3.653649899502499,True,6.237234617215801,1.4701302978949244,0.5714285714285714,0.2222222222222222,0.32,0.4768518518518519,0.591005291005291,17.0,-0.05845786613782459,0.6,0.23333333333333334,0.36666666666666664,1.5912263210368893,2.2520623095424814,-1.5912263210368893,0.3305084745762712,0.5692921236291126,0.3305084745762712,0.0
reference_moderate,main,1111,No-delay ablation,retrospective reconstruction,0.10075479444905418,0.31741895729312414,0.267416771765417,0.24075960513390116,1.244098186153051,0.19125121447970336,0.7993174588736438,0.09784944809571144,0.0989146484597369,0.10264183089300337,0.36109159993978057,0.8368374407339877,0.8759110885406509,-0.13522961064909092,13.345749839999826,0.0,12,False,0.4,4.636881532353037,True,4.21832700782524,0.994269210831862,0.6666666666666666,0.4444444444444444,0.5333333333333333,0.5787037037037037,0.7128306878306879,14.0,0.16690126591764087,0.6,0.4,0.19999999999999996,1.6546546546546546,2.3279646516687964,-1.6546546546546546,0.31981981981981983,0.5515515515515516,0.31981981981981983,0.0
reference_moderate,main,1112,No-delay ablation,retrospective reconstruction,0.09589767916887428,0.3096735041440812,0.2721859275089053,0.2555532575805115,0.797502806630636,0.18658442540673012,0.7798130285720829,0.0995945116319364,0.10189309886597396,0.10674778005387477,0.39189164046923564,0.8358895800767858,0.8529446774363654,-0.16008437271317816,17.2889421079999,0.0,12,False,0.3333333333333333,3.94558790050322,True,5.702144552888335,1.3440083602177586,0.6,0.3333333333333333,0.42857142857142855,0.513888888888889,0.6701719576719578,16.0,0.07309922481583621,0.6,0.3333333333333333,0.26666666666666666,1.5812658227848102,2.238783575679922,-1.5812658227848102,0.32962025316455695,0.5726582278481013,0.32962025316455695,0.0
reference_moderate,main,1113,No-delay ablation,retrospective reconstruction,0.1639163918791061,0.40486589369704395,0.29730492791935526,0.24140453758624103,1.986430970783402,0.243939727265456,1.019524416859831,0.10878570899271592,0.10652727428405948,0.10621476174566441,-0.0394300365733784,0.7734321623880396,0.8600966443807967,-0.044611287201809034,9.527230518000124,0.0,12,False,0.36666666666666664,3.744095719216105,True,4.699567877853777,1.1076987716922928,0.5454545454545454,0.3333333333333333,0.41379310344827586,0.48611111111111105,0.6480158730158732,17.0,0.07419768670959549,0.6,0.36666666666666664,0.23333333333333334,1.536092882382635,2.1934462522211797,-1.536092882382635,0.3321554770318021,0.5835436648157496,0.3321554770318021,0.0
reference_moderate,main,1114,No-delay ablation,retrospective reconstruction,0.055676680832363316,0.2359590660101097,0.19542233480615592,0.17678448275332115,0.6229610420912495,0.14217001507019794,0.5941869466454984,0.07150623904446743,0.07219568712993985,0.0741985594457285,0.6469418724360996,0.8832555869438627,0.8993342087161883,-0.08315216390947275,14.196756740999717,0.0,12,False,0.23333333333333334,3.64361662715826,True,5.996761568034874,1.4134502566387779,0.5714285714285714,0.2222222222222222,0.32,0.48611111111111116,0.6373015873015873,17.0,-0.03059236029050706,0.6,0.23333333333333334,0.36666666666666664,1.5630040322580645,2.219438500626795,-1.5630040322580645,0.3336693548387097,0.5756048387096774,0.3336693548387097,0.0
reference_moderate,main,1115,No-delay ablation,retrospective reconstruction,0.11323977405898697,0.33651117969391,0.2658692740707196,0.22465751097526887,1.4878033765941998,0.20275465697225414,0.8473950747280551,0.09728320913337606,0.09696639088919755,0.09697483648364509,0.28192158732663386,0.7983108072337063,0.8473462068262295,-0.023590499013051224,16.675378534000174,0.0,12,False,0.43333333333333335,3.3132125207122254,True,4.80108556873406,1.131626720902909,0.6153846153846154,0.4444444444444444,0.5161290322580645,0.5046296296296295,0.6025081400081401,15.0,-0.000435766458040032,0.6,0.43333333333333335,0.16666666666666663,1.5504032258064515,2.213639901362285,-1.5504032258064515,0.3392137096774194,0.5796370967741935,0.3392137096774194,0.0
reference_moderate,main,1116,No-delay ablation,retrospective reconstruction,0.07139511070720875,0.26719863530192056,0.22652333921200368,0.20860968119131595,0.6395964673466417,0.16099247488114224,0.6728537451114079,0.08288628860622065,0.08237445979183736,0.08496057285135221,0.5472678376895524,0.8182978858672849,0.8304118400470019,-0.12361221107472108,13.185716360999777,0.0,12,False,0.2,3.177205700636152,True,6.46558127837603,1.5239521220841594,0.5,0.16666666666666666,0.25,0.4652777777777778,0.638888888888889,18.0,-0.12087120896508656,0.6,0.2,0.39999999999999997,1.5562814070351758,2.2181299561821355,-1.5562814070351758,0.3331658291457286,0.5809045226130654,0.3331658291457286,0.0
reference_moderate,main,1117,No-delay ablation,retrospective reconstruction,0.09793674298537157,0.31294846698038253,0.26209537358421764,0.25294598124518286,0.8749361677088938,0.18855765544049943,0.7880599681831933,0.09590231564141405,0.09484239855375272,0.09930599653691895,0.3789614865471044,0.771364044068966,0.7861132022981977,-0.1647782250055433,12.014947306000067,0.0,12,False,0.3333333333333333,5.198872143270195,True,5.232325163215887,1.2332708680943212,0.7,0.3888888888888889,0.5,0.5671296296296295,0.660978835978836,14.0,0.11803475207677983,0.6,0.3333333333333333,0.26666666666666666,1.6027397260273972,2.299162709088135,-1.6027397260273972,0.3485540334855403,0.5662100456621004,0.3485540334855403,0.0
reference_moderate,main,1118,No-delay ablation,retrospective reconstruction,0.08228862908815626,0.2868599468175302,0.23144131671681162,0.1977837155014246,1.0124287047757365,0.1728388048473505,0.7223644286975411,0.0846858069438914,0.08541639380892854,0.08988813787353861,0.4781896321524748,0.8478754346106836,0.8815196987205361,-0.1521776340659644,16.448436472999674,0.0,12,False,0.36666666666666664,5.1465991196228424,True,5.12897901416638,1.2089119471601804,0.6363636363636364,0.3888888888888889,0.4827586206896552,0.5601851851851852,0.7046296296296297,15.0,0.21978490248557017,0.6,0.36666666666666664,0.23333333333333334,1.592703648175912,2.244989979931982,-1.592703648175912,0.3268365817091454,0.5662168915542228,0.3268365817091454,0.0
reference_moderate,main,1119,No-delay ablation,retrospective reconstruction,0.09354061569433218,0.3058441035794743,0.26591050898542895,0.24958273980593737,0.7051843874156547,0.18427713565013878,0.7701699160295505,0.09729829724329507,0.09719319603713818,0.1024683933279035,0.40683830044303515,0.8422799592597539,0.8662625024643794,-0.18002412727339073,12.764314256000034,0.0,12,False,0.3333333333333333,4.534532689071543,True,5.450667087518799,1.2847345531916239,0.5,0.2777777777777778,0.35714285714285715,0.4560185185185185,0.6189814814814815,18.0,-0.06325188766170013,0.6,0.3333333333333333,0.26666666666666666,1.6250634195839675,2.2881025972817453,-1.6250634195839675,0.32470826991374935,0.5555555555555556,0.32470826991374935,0.0
reference_moderate,main,1120,No-delay ablation,retrospective reconstruction,0.06531483047242527,0.2555676631978805,0.20839962354635277,0.19222232224089586,0.7020757705717926,0.1539845836088417,0.6435648861670247,0.07625470912966038,0.07649418466463949,0.0797695614775736,0.5858242372928246,0.8660389076933566,0.8916158539742006,-0.11485795376929424,14.088227407999966,0.0,12,False,0.23333333333333334,3.792952206962693,True,6.627059733302396,1.5620129589154792,0.42857142857142855,0.16666666666666666,0.24,0.41666666666666674,0.5886243386243386,19.0,-0.16279196191877643,0.6,0.23333333333333334,0.36666666666666664,1.5670731707317074,2.221705563245521,-1.5670731707317074,0.33790650406504064,0.5650406504065041,0.33790650406504064,0.0
reference_moderate,main,1101,No-graph ablation,retrospective reconstruction,0.1255184865467274,0.3542858825111825,0.291602222809771,0.25112541781614595,1.1663503957465067,0.21346426779641148,0.8921549416537606,0.10669905397874055,0.10937710175722855,0.11462012239512616,0.20405956008277493,0.798341790784611,0.8531206203931454,-0.19087754667467294,6.891124683000271,3.01171875,12,False,0.0,0.0,True,4.242640687119285,1.0,0.0,0.0,0.0,0.5,0.6,18.0,,0.6,0.0,0.6,1.3078626451655657,1.5940846955541323,-0.06286350640186886,0.19910179640718562,0.4341317365269461,0.2165794126839918,1.6628645855712063
reference_moderate,main,1102,No-graph ablation,retrospective reconstruction,0.20375508959784203,0.45139238983155444,0.34870455799500216,0.28952846800820775,1.954696501358063,0.2719728635566611,1.1366864193365398,0.12759315103168303,0.1327636389977393,0.13351285193940973,-0.2920560159041241,0.552084204241492,0.6606425959469283,-0.15964998600856586,11.003529787999923,0.125,12,False,0.0,0.0,True,4.242640687119285,1.0,0.0,0.0,0.0,0.5,0.6,18.0,,0.6,0.0,0.6,1.3229090132957746,1.5999929344070247,-0.04098241912355721,0.18419728233517865,0.41972823351786614,0.2186375975755949,1.6640537383549694
reference_moderate,main,1103,No-graph ablation,retrospective reconstruction,0.12195876851770988,0.34922595624854386,0.2985650973775995,0.27879056407299063,0.9664781789944632,0.21041556191205013,0.8794131462776092,0.10924681277907243,0.11082063635421159,0.12042579998581456,0.226632518154116,0.8875537203561336,0.8940754850980814,-0.2878063747406317,8.666347492000114,0.0,12,False,0.0,0.0,True,4.242640687119285,1.0,0.0,0.0,0.0,0.5,0.6,18.0,,0.6,0.0,0.6,1.3252745063973526,1.5883202848189697,0.03866179364105613,0.1826779492284719,0.406172224987556,0.22365336173106973,1.6642043768592838
reference_moderate,main,1104,No-graph ablation,retrospective reconstruction,0.15017718822382542,0.38752701612123175,0.284972349477674,0.22555765656020532,1.786072308403103,0.23349270978934886,0.9758620355017418,0.10427314238685564,0.10429258799732388,0.10651961819950026,0.047693287666397244,0.7553923677513331,0.8674993871629761,-0.12766166954393945,13.099358201999621,0.0,12,False,0.0,0.0,True,4.242640687119285,1.0,0.0,0.0,0.0,0.5,0.6,18.0,,0.6,0.0,0.6,1.3256637231094555,1.5862795101470677,0.013451046905574462,0.18446115288220552,0.3979949874686717,0.22416624267554722,1.6636772491942016
reference_moderate,main,1105,No-graph ablation,retrospective reconstruction,0.08769437303248329,0.2961323572872159,0.24771532613055908,0.2210240695695207,0.9471203373975758,0.17842561597736148,0.7457140094455436,0.0906405674808875,0.09166990838433545,0.09853825747019004,0.4439106161166516,0.9101826328597219,0.9347035985975688,-0.24145123967606041,11.354105721000451,0.375,12,False,0.0,0.0,True,4.242640687119285,1.0,0.0,0.0,0.0,0.5,0.6,18.0,,0.6,0.0,0.6,1.3515777728517282,1.631837847002779,-0.009482960353868912,0.18334179786693752,0.4068054850177755,0.2206563577018861,1.663036814041035
reference_moderate,main,1106,No-graph ablation,retrospective reconstruction,0.08933585703946355,0.29889104543204964,0.2515657165634509,0.23061626210754094,0.8554729954241527,0.18008778027457134,0.7526608774478761,0.09204944911656132,0.09415708577437275,0.10126376992691749,0.43350160355939316,0.9196898333374269,0.9357641119068609,-0.24566123669770953,9.504051212000377,0.0,12,False,0.0,0.0,True,4.242640687119285,1.0,0.0,0.0,0.0,0.5,0.6,18.0,,0.6,0.0,0.6,1.33410114579036,1.5932170300336934,0.02088200237499766,0.17587939698492464,0.39849246231155777,0.22270513480137427,1.66583815338574
reference_moderate,main,1107,No-graph ablation,retrospective reconstruction,0.0958945029733256,0.30966837580438467,0.25255369219582813,0.2210830644802706,0.939931604975849,0.18658133548039557,0.7798001144994975,0.0924109555012279,0.09264206384906086,0.09959637433149542,0.39191178142657057,0.8684761807347642,0.8831880149714316,-0.2312564098039278,8.339589602999695,0.0,12,False,0.0,0.0,True,4.242640687119285,1.0,0.0,0.0,0.0,0.5,0.6,18.0,,0.6,0.0,0.6,1.3143027801116485,1.5847005045069438,0.010616906959420898,0.18756319514661274,0.4160768452982811,0.22111552764181436,1.666086365427777
reference_moderate,main,1108,No-graph ablation,retrospective reconstruction,0.12185369334984196,0.34907548374218716,0.2942154967003364,0.2569207988955733,0.9565389218419651,0.2103248992439098,0.8790342297111979,0.10765526703234464,0.10625209128457731,0.11482373155155012,0.22729882299604098,0.866049585118328,0.8762696865637634,-0.28597418000099817,12.61220877300002,0.0,12,False,0.0,0.0,True,4.242640687119285,1.0,0.0,0.0,0.0,0.5,0.6,18.0,,0.6,0.0,0.6,1.2988479032828268,1.5666562973883027,-0.0069263089017403716,0.1972823351786613,0.42627075993960745,0.22060460982882357,1.6656250722723165
reference_moderate,main,1109,No-graph ablation,retrospective reconstruction,0.12296525055942914,0.3506640137787582,0.2864241997622637,0.2534273784472696,1.5121520724477366,0.21128202008295013,0.883034431220914,0.10480438337120691,0.10773518467047406,0.11871701745055463,0.22025019327835693,0.8908639906823449,0.9304081341056638,-0.2832061790954401,9.63227600099981,0.0,12,False,0.0,0.0,True,4.242640687119285,1.0,0.0,0.0,0.0,0.5,0.6,18.0,,0.6,0.0,0.6,1.302455867703154,1.5715408646531959,0.0006969282679067768,0.18943170488534397,0.42073778664007977,0.21988453102239253,1.6674712116773476
reference_moderate,main,1110,No-graph ablation,retrospective reconstruction,0.08772680664727434,0.29618711424920957,0.24627802723715408,0.2237260632820104,0.9076574650415097,0.1784586081324987,0.7458518972266946,0.09011465094042599,0.09064628533580528,0.09626923838084629,0.4437049474033399,0.846254751741335,0.8626048311908017,-0.18926150532927413,9.960631480000302,0.0,12,False,0.0,0.0,True,4.242640687119285,1.0,0.0,0.0,0.0,0.5,0.6,18.0,,0.6,0.0,0.6,1.326118592745518,1.5954496704355057,-0.01944292672313569,0.1769690927218345,0.4102691924227318,0.22036788738921298,1.663512175062735
reference_moderate,main,1111,No-graph ablation,retrospective reconstruction,0.12508494695561864,0.35367350332703557,0.302051190966832,0.2845548299036871,1.0982117426022984,0.2130952971977776,0.8906128618186001,0.11052239595010714,0.11257620336035934,0.12192882485776554,0.20680873036328307,0.8736212495135494,0.9153438752964306,-0.27039323119894454,8.401288941000075,0.0,12,False,0.0,0.0,True,4.242640687119285,1.0,0.0,0.0,0.0,0.5,0.6,18.0,,0.6,0.0,0.6,1.3572068356729223,1.6460996471910065,-0.07461285945458937,0.1806806806806807,0.4089089089089089,0.21586920286803063,1.6655398808007742
reference_moderate,main,1112,No-graph ablation,retrospective reconstruction,0.11689011618621853,0.3418919656649137,0.2894612084622429,0.266453308527556,0.9672554774986859,0.20599668719182762,0.8609448519869914,0.10591564360815092,0.10798101135448686,0.11751521219924776,0.25877396183709744,0.8960501077068593,0.9141983895364209,-0.28307976012866204,7.306386454999938,0.0,12,False,0.0,0.0,True,4.242640687119285,1.0,0.0,0.0,0.0,0.5,0.6,18.0,,0.6,0.0,0.6,1.3219872000084727,1.5874775262190997,-0.008338714603573147,0.17569620253164556,0.40810126582278483,0.220297446301032,1.665437952924058
reference_moderate,main,1113,No-graph ablation,retrospective reconstruction,0.1761387585010925,0.4196888829848755,0.3138601860497059,0.25577215111517626,2.114645833261574,0.2528708721715225,1.0568513434917501,0.11484338017183655,0.11412765438653048,0.11897569758060784,-0.1169347622403174,0.7897120868892962,0.9152788963635288,-0.20481916282983276,10.978149725000094,0.0,12,False,0.0,0.0,True,4.242640687119285,1.0,0.0,0.0,0.0,0.5,0.6,18.0,,0.6,0.0,0.6,1.2924142870160515,1.5666512307398865,0.037240814743443915,0.19232710752145382,0.4295810196870268,0.22379010742257152,1.6630637647626554
reference_moderate,main,1114,No-graph ablation,retrospective reconstruction,0.10264236528723229,0.3203784719472148,0.2679773822380208,0.24531745539124672,0.9724162334132405,0.19303438073005,0.806770043788484,0.09805457892942399,0.10194597929559958,0.10956354080772132,0.3491220964455275,0.8582687858761407,0.8798932260462125,-0.22401327557394365,4.897547807999672,0.0,12,False,0.0,0.0,True,4.242640687119285,1.0,0.0,0.0,0.0,0.5,0.6,18.0,,0.6,0.0,0.6,1.3119446473251353,1.5742450199459195,0.011499147801187054,0.1814516129032258,0.4097782258064516,0.22122468587786964,1.666974794255234
reference_moderate,main,1115,No-graph ablation,retrospective reconstruction,0.2174179961619713,0.46628102702337276,0.3033954516816295,0.22518945694793735,2.585318479255851,0.2809435626263244,1.1741786590809542,0.1110142692465026,0.11056302390942183,0.11304407068997502,-0.37869552344114776,0.7476192947688063,0.8973005823326279,-0.13819103351649398,10.63691122399996,0.0,12,False,0.0,0.0,True,4.242640687119285,1.0,0.0,0.0,0.0,0.5,0.6,18.0,,0.6,0.0,0.6,1.3244447146327771,1.588954639913984,0.025614612086607348,0.17993951612903225,0.40776209677419356,0.22231143056379385,1.6652695373235191
reference_moderate,main,1116,No-graph ablation,retrospective reconstruction,0.12876172864337912,0.3588338454541031,0.30796266381554993,0.27889230664787923,1.0121404632193216,0.21620450563116378,0.9036075222229475,0.1126854403689787,0.1116364638256032,0.12039951929754877,0.18349344578210547,0.8377221163717352,0.8424090932232756,-0.2836200191724435,8.960373666999658,0.0,12,False,0.0,0.0,True,4.242640687119285,1.0,0.0,0.0,0.0,0.5,0.6,18.0,,0.6,0.0,0.6,1.3110040302759407,1.579177874216589,0.014849765394254297,0.17889447236180905,0.4190954773869347,0.22256731885712489,1.6642674973031868
reference_moderate,main,1117,No-graph ablation,retrospective reconstruction,0.14693937288897682,0.38332671820390607,0.30956000500856645,0.27015350705353747,1.3462027465000042,0.23096194702484493,0.9652849373774838,0.11326991737513417,0.11299128159874035,0.12368727769298514,0.06822498967214696,0.7795952346687567,0.8126473138458895,-0.2791686307624519,9.681240548999995,0.0,12,False,0.0,0.0,True,4.242640687119285,1.0,0.0,0.0,0.0,0.5,0.6,18.0,,0.6,0.0,0.6,1.3708460990356641,1.6470716433757266,-0.0314372824812902,0.1765601217656012,0.3835616438356164,0.22075992739921163,1.6650782667177477
reference_moderate,main,1118,No-graph ablation,retrospective reconstruction,0.13228531758934717,0.363710485949123,0.3019868614339708,0.2649164980478562,1.4507489355370873,0.2191427782069639,0.9158877713976052,0.1104988573767964,0.11188970552637727,0.12216809491868261,0.16114959020432806,0.8564998774260846,0.8917313879450082,-0.27277449349819866,8.892424935000236,0.0,12,False,0.0,0.0,True,4.242640687119285,1.0,0.0,0.0,0.0,0.5,0.6,18.0,,0.6,0.0,0.6,1.3258738641321748,1.5860965470340265,-0.016900557926243676,0.16841579210394803,0.4077961019490255,0.21854069687235556,1.668270947928179
reference_moderate,main,1119,No-graph ablation,retrospective reconstruction,0.12307384820830473,0.3508188253333973,0.3054049313362351,0.29881423334917057,1.123028515432818,0.2113752971137006,0.8834242742835767,0.1117495502607211,0.11312212756323173,0.12297704636616592,0.21956155160653557,0.9058677993414027,0.929357760366121,-0.3028915314835072,8.813233229000161,0.0,12,False,0.0,0.0,True,4.242640687119285,1.0,0.0,0.0,0.0,0.5,0.6,18.0,,0.6,0.0,0.6,1.3338645135294176,1.6131840182735449,-0.05292938235307261,0.1902587519025875,0.4124809741248097,0.21795862671364247,1.6643091385203148
reference_moderate,main,1120,No-graph ablation,retrospective reconstruction,0.1078859410087015,0.32845995343222817,0.27032224020958934,0.24812784112666775,0.9816975585908436,0.19790363353707988,0.8271206532782949,0.09891257694079061,0.10035915356889212,0.10913580734187031,0.3158714249204867,0.8831013493832799,0.9102953692370737,-0.26054565709466737,5.724724589999823,0.0,12,False,0.0,0.0,True,4.242640687119285,1.0,0.0,0.0,0.0,0.5,0.6,18.0,,0.6,0.0,0.6,1.3127686348031138,1.5750013600327313,0.0032056599947978197,0.19004065040650406,0.41260162601626016,0.22236585442239984,1.6629405153176562
reference_moderate,main,1101,No-robustness ablation,retrospective reconstruction,0.7460258695743381,0.8637278909322879,0.4744667224607702,0.31911033133116407,5.935963584107435,0.5204131773649775,2.1750206377898755,0.17361030359491994,0.17918628067377948,0.16744874320499342,-3.7307147748118767,0.4675113524801637,0.7504391968918076,-0.04219656328615273,16.17892066400009,3.0546875,12,False,0.3333333333333333,1.225098855395081,True,4.017531078621102,0.9469411564402286,0.6,0.3333333333333333,0.42857142857142855,0.47685185185185186,0.6030864197530865,16.0,-0.019271651568283858,0.6,0.3333333333333333,0.26666666666666666,1.33482518586078,1.6516649747559038,-0.051095143202570845,0.2055888223552894,0.437624750499002,0.21755969072302175,1.6049221356535859
reference_moderate,main,1102,No-robustness ablation,retrospective reconstruction,1.7220169802584793,1.3122564460723671,0.6384671625615841,0.32364881255456157,8.31257335380213,0.7906605237455868,3.304495411395659,0.23361907733554177,0.24902538346788372,0.19764751612716108,-9.919689923934966,0.06821865423965062,0.48312886272086497,0.07704920598414464,14.984646719000011,0.125,12,False,0.2,2.111400386164636,True,4.344172703768217,1.0239313258266687,0.5,0.16666666666666666,0.25,0.44212962962962965,0.5685185185185185,18.0,-0.22664710037339802,0.6,0.2,0.39999999999999997,1.3563511932196668,1.6576517813493108,-0.032215169149031664,0.1872169099144439,0.4151987921489683,0.21702066463485126,1.6244511530864834
reference_moderate,main,1103,No-robustness ablation,retrospective reconstruction,0.31096631894635424,0.5576435411141729,0.42530109589687914,0.3479485187915268,2.7226542993,0.335991288593267,1.404245738949557,0.15562029723594428,0.15858704448934996,0.18669958449477636,-0.9719060953579879,0.6625958887093816,0.760084035623606,-0.2916363615114335,13.898972348999905,0.0,12,False,0.16666666666666666,1.2937924847185962,True,3.6517360420708043,0.8607224394838632,1.0,0.2777777777777778,0.43478260869565216,0.6388888888888888,0.7111111111111111,13.0,0.35490412703095187,0.6,0.16666666666666666,0.43333333333333335,1.3346047323500816,1.604778408129913,0.04009644710838342,0.17471378795420608,0.41114982578397213,0.22378385766352513,1.6306602666695003
reference_moderate,main,1104,No-robustness ablation,retrospective reconstruction,1.456738478093391,1.206954215408932,0.509664642269494,0.24644770828229912,10.410847452392197,0.7272138421940307,3.0393256428808706,0.18648943980116345,0.1849561420536472,0.15074715372457523,-8.237500363473218,0.38482088869460007,0.7484591245738256,0.13074548087831855,18.396119516,0.0,12,False,0.13333333333333333,2.390173779275629,True,4.276608156408973,1.0080062092914948,0.75,0.16666666666666666,0.2727272727272727,0.5393518518518519,0.6342592592592593,16.0,0.02154412031825764,0.6,0.13333333333333333,0.4666666666666667,1.3619369515249375,1.6591639782144598,0.022641217701415296,0.19448621553884712,0.39649122807017545,0.2250146616154799,1.6129621892338306
reference_moderate,main,1105,No-robustness ablation,retrospective reconstruction,0.14020898109308713,0.37444489727206476,0.29891772280310974,0.2417631846522461,1.4905652098382518,0.2256104738346748,0.9429189306400408,0.10937584059973941,0.10826400946663775,0.11204745264996965,0.11090389024064173,0.7561827243819269,0.7979305138141283,-0.11256886012445172,7.833438503000252,0.0,12,False,0.13333333333333333,2.1035920245977384,True,4.854379511541094,1.144188223687916,0.5,0.1111111111111111,0.18181818181818182,0.47222222222222227,0.5981481481481482,18.0,-0.03615072392949394,0.6,0.13333333333333333,0.4666666666666667,1.3705898684887499,1.6759269208890364,-0.009834501761146138,0.18232605383443373,0.4098527171152869,0.2214499981487713,1.6289930078684278
reference_moderate,main,1106,No-robustness ablation,retrospective reconstruction,0.32041112119172327,0.5660486915378599,0.40568145801570604,0.30812061420109305,3.301567026000042,0.3410555583524618,1.4254114044643236,0.14844135058335903,0.1481184704220872,0.16761825406600206,-1.031797671976956,0.6755859734712235,0.7554787058681474,-0.2149994815147759,13.87099011700002,0.25,12,False,0.36666666666666664,2.454533604592086,True,4.075653688888802,0.9606407870604132,0.6363636363636364,0.3888888888888889,0.4827586206896552,0.4907407407407408,0.5826198492865161,15.0,-0.14432185405597023,0.6,0.36666666666666664,0.23333333333333334,1.3777873838173018,1.6671500865969953,0.038659396060639006,0.1728643216080402,0.39849246231155777,0.22056949551936877,1.6172593649965836
reference_moderate,main,1107,No-robustness ablation,retrospective reconstruction,0.24590654960811445,0.49588965466937746,0.37235004285292833,0.2873412718116104,2.3900512495127844,0.29878334776287013,1.2487384560526427,0.13624517995279048,0.13614736753215737,0.1438495689953205,-0.5593477316247379,0.608665851757326,0.6947641046949135,-0.15757009999744803,13.037768484000026,0.0,12,False,0.3,1.7293673330259165,True,4.042924051062166,0.9529263374427486,0.6666666666666666,0.3333333333333333,0.4444444444444444,0.5416666666666666,0.6582010582010582,15.0,0.0656727041109701,0.6,0.3,0.3,1.3219050099921326,1.6005823901758915,0.0030559204658892557,0.19211324570273003,0.416582406471183,0.22247429373901909,1.6447616058338377
reference_moderate,main,1108,No-robustness ablation,retrospective reconstruction,0.31449850566992965,0.5608016633979697,0.3949659319377723,0.3019138014342766,2.9830535702026317,0.3378941198778326,1.412198453243069,0.14452047342274177,0.14150031463109075,0.16307181745008997,-0.9943044713421163,0.5315221471602735,0.6337517429170642,-0.3030139532453262,18.6028025669998,0.0,12,False,0.26666666666666666,2.0134606801899086,True,4.188285072135869,0.9871882586832206,0.625,0.2777777777777778,0.38461538461538464,0.5023148148148148,0.6201719576719578,16.0,-0.09767481795358698,0.6,0.26666666666666666,0.3333333333333333,1.3063806300301828,1.5870509513325208,-0.01350011360083634,0.20181177654755914,0.42778057372924005,0.2224471713105336,1.6313378461366124
reference_moderate,main,1109,No-robustness ablation,retrospective reconstruction,0.21022871300502774,0.45850704793386515,0.31535742254691823,0.24500154826450893,2.6100137067,0.27625958610870527,1.1546023953815439,0.11539122825164772,0.12068427072833846,0.14371993855756712,-0.3331066914207992,0.7701311275730708,0.8662324930842143,-0.2425363179230367,10.202966727999865,0.0,12,False,0.2,3.476349096688071,True,4.68781014667121,1.104927447875439,0.6666666666666666,0.2222222222222222,0.3333333333333333,0.5277777777777778,0.6379629629629631,16.0,0.04675370542767843,0.6,0.2,0.39999999999999997,1.311620491642682,1.5911881858196941,0.0024059250987018286,0.19940179461615154,0.4222333000997009,0.22039096443594522,1.6462041698497334
reference_moderate,main,1110,No-robustness ablation,retrospective reconstruction,0.29680705027040233,0.5448000094258464,0.37882151315608714,0.2574418114512933,2.2234772204499853,0.3282528061328994,1.3719034390452827,0.13861313089824337,0.13520435336490502,0.13103776896872343,-0.882119046064274,0.5385493619647362,0.6538877859528257,0.026723652030457914,15.067616369999996,0.0,12,False,0.16666666666666666,1.8286814691216282,True,4.753650048181486,1.120446061485629,0.4,0.1111111111111111,0.17391304347826086,0.42592592592592593,0.5796296296296296,19.0,-0.12449660463425147,0.6,0.16666666666666666,0.43333333333333335,1.3318770798245514,1.6145952618838602,-0.028304759417878272,0.18544366899302095,0.4117647058823529,0.22028211545062124,1.6359410271261354
reference_moderate,main,1111,No-robustness ablation,retrospective reconstruction,0.291015936114241,0.5394589290337505,0.42725370929462303,0.36069813501856607,2.387943749385973,0.325034699311766,1.358453647504611,0.15633477053562625,0.16083869125817643,0.1753872170229222,-0.8453963124185813,0.6992471212680472,0.776735099955807,-0.21248862624773004,23.382134850000057,0.0,12,False,0.3333333333333333,1.8228937229102369,True,4.279815271592071,1.0087621335894996,0.8,0.4444444444444444,0.5714285714285714,0.6111111111111112,0.6375220458553791,12.0,0.005794659450329762,0.6,0.3333333333333333,0.26666666666666666,1.359237512499724,1.6571630553299146,-0.08241730392576428,0.1921921921921922,0.41041041041041043,0.21687657992876222,1.6369937629161073
reference_moderate,main,1112,No-robustness ablation,retrospective reconstruction,0.25423969358084614,0.5042218693996187,0.3878343536558211,0.31564831980800645,2.7384657362,0.30380367232084143,1.2697204565032825,0.1419109848916618,0.14590951474768665,0.1642608890394054,-0.6121900376629044,0.7321635882825605,0.8002179150631091,-0.271422869134229,12.476611693999985,0.0,12,False,0.2,3.861984264472186,True,5.09135021860065,1.200042754989377,0.6666666666666666,0.2222222222222222,0.3333333333333333,0.513888888888889,0.5925925925925927,16.0,-0.1657563616247827,0.6,0.2,0.39999999999999997,1.3290581890622917,1.6105220018335715,-0.010198661297135824,0.18936708860759494,0.41417721518987344,0.22162714265238576,1.6342067617616738
reference_moderate,main,1113,No-robustness ablation,retrospective reconstruction,0.8604183065487949,0.9275873579069494,0.5113025923130232,0.3348664390092799,7.430421843679524,0.558889772206955,2.335830147412436,0.18708877583648237,0.1833484763934842,0.18627787408589266,-4.456102477560803,0.5422942885419092,0.7531600290448689,-0.11634517239864087,16.352177703000052,0.0,12,False,0.23333333333333334,0.9833220010074677,True,4.080711663410904,0.9618329630882956,0.5714285714285714,0.2222222222222222,0.32,0.49074074074074076,0.6428571428571428,17.0,-0.00320659124834149,0.6,0.23333333333333334,0.36666666666666664,1.3040029541532998,1.589190104139845,0.0433152247681379,0.20242301867743565,0.4290762241292277,0.2238593588399324,1.6320400213548494
reference_moderate,main,1114,No-robustness ablation,retrospective reconstruction,0.4428883322280676,0.6654985591480027,0.42221267378977334,0.29037097810372914,4.98407653674682,0.4009760751435285,1.6758438806508416,0.1544902245158533,0.16640288200522343,0.16820913923005043,-1.8084527123148715,0.5378949371692224,0.6995411273444987,-0.09398743508340902,12.650917702999777,0.0,12,False,0.16666666666666666,2.330357350392073,True,4.533903040309665,1.0686511950150899,0.4,0.1111111111111111,0.17391304347826086,0.4398148148148148,0.625925925925926,19.0,0.028054611200208125,0.6,0.16666666666666666,0.43333333333333335,1.3238483352094206,1.6011017009039943,0.007664683163561567,0.18649193548387097,0.40625,0.22206853167707477,1.6380873724606555
reference_moderate,main,1115,No-robustness ablation,retrospective reconstruction,2.2074083590125686,1.4857349558425852,0.6030815162668608,0.31087218707650477,13.541844295862827,0.895184765027889,3.741345191198401,0.22067125084885428,0.21377087106531015,0.18163259775817542,-12.997663839703401,0.43664663965121747,0.6947728161562475,0.1502555812815676,16.035457149000194,0.0,12,False,0.4,2.2515882421925286,True,3.8946014239292364,0.9179663589597157,0.5833333333333334,0.3888888888888889,0.4666666666666667,0.4837962962962962,0.6394620811287479,16.0,0.03195376321632745,0.6,0.4,0.19999999999999996,1.3535053833640975,1.6523056845382116,0.03984859305226134,0.1844758064516129,0.4128024193548387,0.22359313688750376,1.6217087695773373
reference_moderate,main,1116,No-robustness ablation,retrospective reconstruction,0.3656504648791436,0.6046903876192705,0.4355458852347121,0.3330755576035733,3.3559352152436026,0.3643379462984998,1.5227180763208437,0.1593689289165449,0.15840542895397167,0.16775146660800141,-1.3186703399542505,0.41633577045035886,0.5701972053489229,-0.2222785117400263,12.965505669999857,0.0,12,False,0.16666666666666666,2.334625384674608,True,4.6262977391893285,1.0904288343895894,0.4,0.1111111111111111,0.17391304347826086,0.4444444444444445,0.6444444444444445,19.0,-0.034755941940242445,0.6,0.16666666666666666,0.43333333333333335,1.3148398079115793,1.5963373358900455,0.0076809545439212035,0.19246231155778895,0.4221105527638191,0.2250688404753171,1.6338403070576126
reference_moderate,main,1117,No-robustness ablation,retrospective reconstruction,0.42389634253474817,0.651073223635213,0.4675206404735441,0.35314107714894016,2.8998892400945318,0.39228452452026025,1.6395183170367096,0.17106868930352517,0.17256484749239456,0.19866282879023217,-1.6880203118988852,0.41463954825685323,0.5005902729951065,-0.26938885252211636,9.429802223000024,0.0,12,False,0.16666666666666666,1.159640567748586,True,4.258397864009564,1.0037140022104907,0.4,0.1111111111111111,0.17391304347826086,0.4398148148148148,0.625925925925926,19.0,-0.12800815786428552,0.6,0.16666666666666666,0.43333333333333335,1.3841476644904178,1.6720891192394214,-0.04062988515403938,0.17402333840690004,0.3850837138508371,0.22010746863299285,1.6354990562707377
reference_moderate,main,1118,No-robustness ablation,retrospective reconstruction,0.2481014381907941,0.4980978199016676,0.3814455793213001,0.3176201863085968,2.3571511705434296,0.3001138110913643,1.254299009326773,0.1395732929117836,0.13843713769785404,0.14500989549421078,-0.573266004798124,0.6634301407864687,0.7430987196365406,-0.14800738332628263,15.398253987999851,0.0,12,False,0.3,3.8298732831100133,True,4.389713325231511,1.0346653532453833,0.5555555555555556,0.2777777777777778,0.37037037037037035,0.49537037037037035,0.6753086419753087,17.0,0.19787601330656612,0.6,0.3,0.3,1.3352856432454623,1.6098815655967564,-0.020663203407814645,0.17891054472763618,0.4057971014492754,0.21901864411675523,1.6393574418122374
reference_moderate,main,1119,No-robustness ablation,retrospective reconstruction,0.2036346645033832,0.4512589771997707,0.35822649161335385,0.3068500992403531,1.765840724895264,0.2718924798011565,1.1363504625722418,0.13107728534086927,0.13383504596918502,0.15014841277173038,-0.2912923737881481,0.791419396070792,0.8447461926451131,-0.29693985412805973,8.773294036000152,0.0,12,False,0.26666666666666666,3.310049994518994,True,4.264348323458642,1.0051165389530303,0.5,0.2222222222222222,0.3076923076923077,0.44444444444444453,0.6111111111111112,18.0,-0.13806895154233317,0.6,0.26666666666666666,0.3333333333333333,1.339425337205467,1.6307592851537558,-0.06082541888202829,0.1872146118721461,0.41755454084221205,0.21961259102044065,1.6382547245630723
reference_moderate,main,1120,No-robustness ablation,retrospective reconstruction,0.2212951646598505,0.4704202000975835,0.35694454150695093,0.2883386067492577,2.2952235224511672,0.28343749646107474,1.1846018339654367,0.1306082118808553,0.13176420479724343,0.138939688286532,-0.4032815050342762,0.6811646625885038,0.7626458107617823,-0.15314776660619273,12.857144529999914,0.0,12,False,0.16666666666666666,2.368360011983011,True,5.1204931336223085,1.2069118059344963,0.4,0.1111111111111111,0.17391304347826086,0.4305555555555556,0.5888888888888889,19.0,-0.12339594044398393,0.6,0.16666666666666666,0.43333333333333335,1.3215291679350207,1.5940288764766817,0.005678260525653892,0.19817073170731708,0.4115853658536585,0.22322383352966893,1.6357795378857278
reference_moderate,main,1101,Oracle timestamp interpolation,retrospective reconstruction,4.960810707976608,2.227287747009041,0.2723110876729826,0.0,32.95072263848561,1.3419850227088772,5.6087071714359595,0.09964030850884013,0.10330112831735583,0.059818806590328774,-30.457596134917154,0.19097317674276956,0.9472353135443103,0.17630876648649635,0.009438033000151336,0.0,1,True,0.8333333333333334,2.5,,4.10988355003925,0.9687088427065984,0.6,1.0,0.75,0.4351851851851852,0.5908245975946318,12.0,-0.15466173522304089,0.6,1.0,0.4,,,,,,,
reference_moderate,main,1102,Oracle timestamp interpolation,retrospective reconstruction,10.147439819437269,3.18550464125188,0.4155260096216122,0.0,49.73825278550359,1.919329697777162,8.021667945699622,0.15204353280636737,0.17360942391635034,0.0675091814904786,-63.34715663106479,0.024581775250445997,0.8937595346548352,0.3062246954373075,0.008497621000060462,0.0,1,True,0.8055555555555556,2.5000000000000004,,2.8953041336104857,0.6824297288244722,0.6206896551724138,1.0,0.7659574468085106,0.6203703703703703,0.7193605812259064,11.0,0.19828151807563396,0.6,0.9666666666666667,0.3666666666666667,,,,,,,
reference_moderate,main,1103,Oracle timestamp interpolation,retrospective reconstruction,0.5848407669463175,0.7647488260509574,0.16890626766331557,0.0,7.218151593295165,0.46077632855150596,1.9257737267127457,0.06180384633937647,0.06491208574146247,0.07682815412848554,-2.7086044464970973,0.47225254195712296,0.9116496781977452,0.010720381057698696,0.008240227999976923,0.0,1,True,0.8055555555555556,2.5000000000000004,,3.9947279267390337,0.9415664019974829,0.5862068965517241,0.9444444444444444,0.723404255319149,0.3657407407407407,0.518705450274676,13.0,-0.29635466644097674,0.6,0.9666666666666667,0.3666666666666667,,,,,,,
reference_moderate,main,1104,Oracle timestamp interpolation,retrospective reconstruction,16.997863262882433,4.12284650003883,0.5006376673500129,0.0,71.95548686707423,2.4840967501436024,10.382061663361526,0.18318641393627905,0.17562509932472978,0.07203876104034843,-106.78720438184115,0.1337184886348149,0.8964292439174169,0.4145602720655293,0.008155388999966817,0.0,1,True,0.8333333333333334,2.5000000000000004,,2.7867341279243796,0.6568395330731029,0.6,1.0,0.75,0.6759259259259259,0.8151644480278695,12.0,0.3826340590778971,0.6,1.0,0.4,,,,,,,
reference_moderate,main,1105,Oracle timestamp interpolation,retrospective reconstruction,1.1305261035072947,1.0632620107514867,0.17225640314542962,0.0,13.493502337387543,0.6406364402443905,2.6774830835510697,0.06302968159947107,0.061092917069290965,0.045537572565876094,-6.168915662702145,0.4014464981844641,0.9236754600699018,0.09964341712111008,0.005174871000235726,0.0,1,True,0.8333333333333334,2.5000000000000004,,3.477617538697221,0.8196823146620253,0.6,1.0,0.75,0.5138888888888888,0.6689798974604578,12.0,0.08395297673094122,0.6,1.0,0.4,,,,,,,
reference_moderate,main,1106,Oracle timestamp interpolation,retrospective reconstruction,2.3065855434002662,1.5187447262131535,0.2144945638910231,0.0,20.577418451188315,0.9150738060823504,3.8244696712093393,0.0784848854382183,0.07312322441165924,0.047501564707267255,-13.626568266000069,0.33735958012315825,0.9569234602062189,0.1412139244943106,0.00521790900029373,0.0,1,True,0.7777777777777778,2.5,,3.9831136514922596,0.9388288910689626,0.6428571428571429,1.0,0.782608695652174,0.6342592592592592,0.6555012095556471,10.0,0.010145851114600053,0.6,0.9333333333333333,0.33333333333333337,,,,,,,
reference_moderate,main,1107,Oracle timestamp interpolation,retrospective reconstruction,2.057949104132717,1.4345553680958838,0.21026371017301745,0.0,21.524120349201905,0.8643480487945602,3.6124658754424854,0.07693678993714892,0.07491598750290313,0.049917640069447454,-12.049909701236444,0.28877034371522253,0.928317160859099,0.12684922196009366,0.004921598999771959,0.0,1,True,0.8333333333333334,2.5000000000000004,,2.863677651352471,0.6749752954678995,0.6,1.0,0.75,0.5046296296296297,0.6176736085599056,12.0,0.03337577283519179,0.6,1.0,0.4,,,,,,,
reference_moderate,main,1108,Oracle timestamp interpolation,retrospective reconstruction,0.8420954968522626,0.9176576141744058,0.1327570026706595,0.0,13.490662546532306,0.5529069047546893,2.3108252844538772,0.04857660705574656,0.05110373382199241,0.05059523267665007,-4.339913495271343,0.33934637993406347,0.9132995277935196,0.02358523669460408,0.005462391000037314,0.0,1,True,0.8333333333333334,2.5,,3.2632507505887043,0.7691555781511213,0.6,1.0,0.75,0.3564814814814815,0.623162900943496,12.0,-0.11326385337715873,0.6,1.0,0.4,,,,,,,
reference_moderate,main,1109,Oracle timestamp interpolation,retrospective reconstruction,0.5712435314135097,0.7558065436429547,0.14328971174728874,0.0,8.767125317957822,0.4553884261233228,1.9032554672116455,0.052430590346685915,0.05229663706634879,0.05353196709779319,-2.6223813734710197,0.5042010317939948,0.9353011752478673,0.040050118823263293,0.007060404000185372,0.0,1,True,0.8333333333333334,2.5000000000000004,,3.8526886877076256,0.9080874322929211,0.6,1.0,0.75,0.6574074074074074,0.6844622485166859,12.0,0.026611217367122554,0.6,1.0,0.4,,,,,,,
reference_moderate,main,1110,Oracle timestamp interpolation,retrospective reconstruction,3.149139822033759,1.7745815906950457,0.30709481626177404,0.0,19.582769281352164,1.0692205888016229,4.468712454147549,0.11236788959006691,0.11399535676699739,0.055207378578008635,-18.96939099785341,0.19408854206073156,0.9064334573731221,0.24318068529154255,0.005381533000218042,0.0,1,True,0.8055555555555556,2.5000000000000004,,3.6046913259471074,0.8496338935538424,0.5862068965517241,0.9444444444444444,0.723404255319149,0.3657407407407407,0.5707030659214984,13.0,-0.16200516501403497,0.6,0.9666666666666667,0.3666666666666667,,,,,,,
reference_moderate,main,1111,Oracle timestamp interpolation,retrospective reconstruction,2.1155967481777247,1.4545091090047269,0.26916618077985943,0.0,15.001452146780203,0.8763705732674936,3.6627129483151712,0.0984895676567501,0.10677126884206009,0.08623264047531393,-12.415466141755616,0.23754472219769754,0.8826526229661229,0.10426518643348562,0.027409291999902052,0.0,1,True,0.6944444444444444,2.5,,4.315370234060647,1.0171425186116207,0.64,0.8888888888888888,0.7441860465116279,0.4722222222222222,0.6576906835783647,11.0,0.007292449903744992,0.6,0.8333333333333334,0.2333333333333334,,,,,,,
reference_moderate,main,1112,Oracle timestamp interpolation,retrospective reconstruction,1.3515115859492557,1.1625453049018157,0.20434593242069948,0.0,16.76480007365126,0.7004565932236636,2.9274960981031923,0.07477143851511714,0.07876025469560123,0.08062682858502698,-7.570233404409418,0.3327185526240537,0.9030953684334191,0.033577456104054305,0.00782393300005424,0.0,1,True,0.8055555555555556,2.5000000000000004,,4.296448071225879,1.012682522059894,0.5862068965517241,0.9444444444444444,0.723404255319149,0.3657407407407408,0.5426214803209742,13.0,-0.23833599590434626,0.6,0.9666666666666667,0.3666666666666667,,,,,,,
reference_moderate,main,1113,Oracle timestamp interpolation,retrospective reconstruction,4.4489387887954885,2.109250764796706,0.28580472574620364,0.0,27.734316444693587,1.2708654008874831,5.311469030779006,0.10457771400345955,0.09726582585631909,0.05839324433123659,-27.211703264924477,0.28966328823626236,0.9407185423318012,0.19354524849182067,0.005012342999634711,0.0,1,True,0.7777777777777778,2.5000000000000004,,3.9233280437172087,0.9247372881772633,0.6428571428571429,1.0,0.782608695652174,0.6944444444444444,0.7234757447192948,10.0,0.1611001004038084,0.6,0.9333333333333333,0.33333333333333337,,,,,,,
reference_moderate,main,1114,Oracle timestamp interpolation,retrospective reconstruction,3.9991078931105535,1.9997769608410219,0.29236941028974817,0.0,32.87352559615624,1.2049052637274869,5.035794497861043,0.10697977261507034,0.11544935092653962,0.07084372848374364,-24.359226224687553,0.17387988945779245,0.9091564139866579,0.19015576798701708,0.0052640439998867805,0.0,1,True,0.8333333333333334,2.5000000000000004,,2.8166321328656565,0.6638865604190782,0.6,1.0,0.75,0.6666666666666666,0.7884769918737585,12.0,0.32192353510952787,0.6,1.0,0.4,,,,,,,
reference_moderate,main,1115,Oracle timestamp interpolation,retrospective reconstruction,20.034433536070313,4.475984085770448,0.49250337294868746,0.0,80.59773051133021,2.6968691463657777,11.271324989241291,0.18021002538531733,0.17510777400160038,0.07185713666972854,-126.0427670130952,0.13289796170023285,0.9198248236447834,0.3968459478417631,0.0051854029998139595,0.0,1,True,0.7222222222222222,2.5000000000000004,,3.9618306885045365,0.9338124485848421,0.6153846153846154,0.8888888888888888,0.7272727272727273,0.5925925925925926,0.6503922090271195,12.0,0.02885966084983344,0.6,0.8666666666666667,0.2666666666666667,,,,,,,
reference_moderate,main,1116,Oracle timestamp interpolation,retrospective reconstruction,3.180625271275495,1.7834307587555775,0.2639283296274471,0.0,28.030713585278743,1.074552387989498,4.490996235140371,0.09657300557619135,0.10267130408439361,0.08322056817206827,-19.169047184044988,0.16848769636750105,0.8583999254924198,0.08516396686536784,0.008201509000173246,0.0,1,True,0.8333333333333334,2.5000000000000004,,2.9030119132214645,0.6842464699014104,0.6,1.0,0.75,0.7777777777777778,0.7761824404446783,12.0,0.3185328640510694,0.6,1.0,0.4,,,,,,,
reference_moderate,main,1117,Oracle timestamp interpolation,retrospective reconstruction,4.5444826856245735,2.1317792300387426,0.41630402779242326,0.0,17.523469033318875,1.2844392478141005,5.368199718016942,0.15232821445935313,0.1623026401432084,0.10022168414510196,-27.81756821251717,0.07240363968608203,0.795948017550827,0.2284111962135025,0.008372069999950327,0.0,1,True,0.7777777777777778,2.5,,2.632327266737038,0.6204454868706698,0.6428571428571429,1.0,0.782608695652174,0.7407407407407407,0.8274880425814828,10.0,0.40158414635196843,0.6,0.9333333333333333,0.33333333333333337,,,,,,,
reference_moderate,main,1118,Oracle timestamp interpolation,retrospective reconstruction,2.313245418558689,1.52093570493913,0.32879845548569375,0.0,15.052881699830012,0.9163939142000748,3.8299869458000835,0.12030938520273521,0.11670605312376982,0.09910202243296118,-13.668800004999053,0.29691106936055267,0.8728487007066977,0.1341153268184523,0.008002897999631386,0.0,1,True,0.8333333333333334,2.5,,2.647717704487531,0.6240730478369376,0.6,1.0,0.75,0.7175925925925926,0.7987388986483189,12.0,0.3519229544618026,0.6,1.0,0.4,,,,,,,
reference_moderate,main,1119,Oracle timestamp interpolation,retrospective reconstruction,0.5916939407523139,0.7692164459710373,0.16986992017351318,0.0,8.617572045773564,0.4634681581222268,1.9370239892433287,0.062156452743441504,0.0602727600899959,0.07484615973059973,-2.7520619349041398,0.4856915687640793,0.8884527584474493,-0.010315359724497836,0.006027875000199856,0.0,1,True,0.8333333333333334,2.5000000000000004,,3.510427426974954,0.8274156794924113,0.6,1.0,0.75,0.49537037037037035,0.6411997714315396,12.0,-0.06302845356054136,0.6,1.0,0.4,,,,,,,
reference_moderate,main,1120,Oracle timestamp interpolation,retrospective reconstruction,2.326587043791674,1.5253153915802704,0.25104907395562487,0.0,20.832649612917344,0.9190327622269905,3.8410157766755697,0.09186040639607387,0.09292266785297576,0.07721880861876844,-13.753402196670631,0.27371149499583575,0.9194349588920689,0.10273560521248695,0.004948863000208803,0.0,1,True,0.8333333333333334,2.5000000000000004,,3.6080251060860866,0.8504196730682615,0.6,1.0,0.75,0.5694444444444444,0.6878103326338277,12.0,0.08541412021751317,0.6,1.0,0.4,,,,,,,
reference_moderate,main,1101,Original proposed ablation,retrospective reconstruction,0.15505892083775025,0.3937752161293931,0.2856727115959853,0.23499263663597736,1.933961192891426,0.23725737416246453,0.9915961157710742,0.10452940921070324,0.10511479429144842,0.10767458220468452,0.01673714318771835,0.769651570293027,0.8732865108947891,-0.12765872751607715,19.00719534200016,3.4296875,12,False,0.2,3.127781295176125,True,3.81510439029246,0.8992287284367891,1.0,0.3333333333333333,0.5,0.6666666666666666,0.7333333333333334,12.0,0.3622624069791085,0.6,0.2,0.39999999999999997,1.3089703767014125,1.5966085127064749,-0.06532975076747004,0.2000998003992016,0.436127744510978,0.21673505641965804,1.6587625607844063
reference_moderate,main,1102,Original proposed ablation,retrospective reconstruction,0.16658443439339496,0.4081475644829881,0.299633713268389,0.23825254154876307,1.8057426159370604,0.24591699897186767,1.0277882482826608,0.10963782593224812,0.1125238637238232,0.11125561190721726,-0.056348683307940295,0.600524845983338,0.6817141928056325,-0.08316038184983815,16.38742394000019,0.25,12,False,0.3,4.071237446672226,True,4.455848441243243,1.0502535495808685,1.0,0.5,0.6666666666666666,0.75,0.8,9.0,0.4340132576779859,0.6,0.3,0.3,1.3215563368252432,1.6001633063436271,-0.043693962798287446,0.1872169099144439,0.4192249622546553,0.21877107784657066,1.6631704241171767
reference_moderate,main,1103,Original proposed ablation,retrospective reconstruction,0.07397768583499986,0.2719883928313851,0.236923828555804,0.22976186685260136,0.670362130216746,0.16387839874777335,0.6849152075071053,0.086691891880457,0.08670138360902445,0.09009603716247422,0.5308911585254987,0.8514990168947657,0.8788251437623187,-0.1425967618859607,17.289004854999803,0.375,12,False,0.16666666666666666,3.4735491944127834,True,5.333053476604985,1.2570127592459595,1.0,0.2777777777777778,0.43478260869565216,0.6388888888888888,0.7111111111111111,13.0,0.3511320208896639,0.6,0.16666666666666666,0.43333333333333335,1.3259339548994522,1.5886317251419606,0.03926066819444353,0.17869586859133899,0.4066699850671976,0.2234611709086484,1.6636692632559587
reference_moderate,main,1104,Original proposed ablation,retrospective reconstruction,0.09257689913922217,0.30426452165709716,0.24732630445509293,0.20925571408436516,0.9077997470242392,0.18332540622729326,0.7661922474648111,0.0904982220476137,0.0917600114987258,0.09492563291995415,0.41294943992482147,0.8168227211986534,0.8480312704331073,-0.10817961190504627,15.892218105999746,0.0,12,False,0.23333333333333334,4.086001060711101,True,4.6257553668052545,1.090300995992687,1.0,0.3888888888888889,0.56,0.6944444444444444,0.7555555555555556,11.0,0.35480712422695887,0.6,0.23333333333333334,0.36666666666666664,1.3258105193256473,1.5855808370328899,0.012775975377072852,0.1849624060150376,0.39899749373433585,0.22411566039178282,1.663658269419102
reference_moderate,main,1105,Original proposed ablation,retrospective reconstruction,0.07298449753031389,0.270156431591613,0.21664543133462147,0.18898703314058585,0.803591338801092,0.162774605782873,0.6803020028786957,0.07927190111750321,0.08070644212704946,0.08533575512712287,0.5371891848792352,0.8658947891624892,0.8839717608698151,-0.14177619178684192,14.721196577000228,0.0,12,False,0.23333333333333334,5.137873141939044,True,6.99129329171699,1.6478636319457012,1.0,0.3888888888888889,0.56,0.6944444444444444,0.7555555555555556,11.0,0.3279095646690992,0.6,0.23333333333333334,0.36666666666666664,1.3504931351829519,1.6294814402683024,-0.01373876246665743,0.17267648552564754,0.40731335703402743,0.22072833028013294,1.662857672661577
reference_moderate,main,1106,Original proposed ablation,retrospective reconstruction,0.09452399398456955,0.30744754672068786,0.2673179803472093,0.2579536469358129,0.8331919397202081,0.1852432419303729,0.7742076713924089,0.09781329970574923,0.09989826374356535,0.10507174971003706,0.40060248155714373,0.8465159422084927,0.8660220090072225,-0.16665337999200192,15.622221789999912,0.0,12,False,0.23333333333333334,3.6753161813511004,True,5.127412017052743,1.208542602398463,1.0,0.3888888888888889,0.56,0.6944444444444444,0.7555555555555556,11.0,0.3715906304568248,0.6,0.23333333333333334,0.36666666666666664,1.3330382368708231,1.591201608302649,0.02001089575229915,0.1728643216080402,0.39899497487437185,0.22295222046242785,1.665867557375287
reference_moderate,main,1107,Original proposed ablation,retrospective reconstruction,0.08052291727169437,0.28376560269295215,0.2333555008388486,0.22233577567507257,0.8465621624952686,0.17097440116809204,0.7145723191662435,0.08538621873429023,0.08646849469717999,0.09184844696045592,0.48938640068137607,0.8616421798083704,0.8777740559685684,-0.1752113805728885,16.017503432000012,0.0,12,False,0.23333333333333334,4.228966701190211,True,4.456981863396949,1.0505206997444794,1.0,0.3888888888888889,0.56,0.6944444444444444,0.7555555555555556,11.0,0.4162423251096626,0.6,0.23333333333333334,0.36666666666666664,1.3137093646085853,1.5843285423545819,0.009889391325582307,0.18806875631951467,0.4160768452982811,0.22112251227102214,1.6658916686705851
reference_moderate,main,1108,Original proposed ablation,retrospective reconstruction,0.08275967936285164,0.2876798209170251,0.24869556266346285,0.23968302329594482,0.7597831772895054,0.17333279524598966,0.7244290176792239,0.09099924208126757,0.0901367968736036,0.0941014217268412,0.47520259834431466,0.8290324822862405,0.8523453003344129,-0.16096378006762835,15.23115320199986,0.0,12,False,0.2,4.144191665540527,True,4.919417084736096,1.1595177267006167,1.0,0.3333333333333333,0.5,0.6666666666666666,0.7333333333333334,12.0,0.3982956036978383,0.6,0.2,0.39999999999999997,1.2987778804555339,1.5669976626392628,-0.008169934330195317,0.19677906391545041,0.4267740312028183,0.22072506910844114,1.6652166675398146
reference_moderate,main,1109,Original proposed ablation,retrospective reconstruction,0.07379473215281081,0.2716518583643609,0.2261463057389287,0.20752075662222302,0.8385502684723058,0.16367563005972294,0.6840677537907328,0.08274832973022928,0.08389598340759424,0.08845895192068137,0.5320513082237013,0.8770114603890622,0.9069283180260341,-0.15126917165351783,14.597917264999978,0.0,12,False,0.26666666666666666,5.670630291254778,True,5.6698768922265,1.3364027996620889,1.0,0.4444444444444444,0.6153846153846154,0.7222222222222222,0.7777777777777778,10.0,0.43615460557891045,0.6,0.26666666666666666,0.3333333333333333,1.3019586182163017,1.5699747979180925,-0.0016956700884436383,0.19740777666999004,0.42123629112662014,0.21999174325661158,1.666257375782856
reference_moderate,main,1110,Original proposed ablation,retrospective reconstruction,0.06055317255352787,0.24607554237170315,0.1919420511912996,0.1521369196727711,0.7241764508343538,0.14826539263336994,0.6196620356164346,0.07023278177893372,0.07012514893060774,0.0730701021740796,0.6160189616156966,0.8540601338163818,0.8796058906330297,-0.10193257970647508,16.367813919000127,0.375,12,False,0.26666666666666666,5.152011231091928,True,5.520968884239692,1.3013048455886045,1.0,0.4444444444444444,0.6153846153846154,0.7222222222222222,0.7777777777777778,10.0,0.36137261773045304,0.6,0.26666666666666666,0.3333333333333333,1.3270957852517649,1.5976177132731753,-0.021010236086922283,0.1839481555333998,0.4102691924227318,0.22034801028326415,1.662152601663308
reference_moderate,main,1111,Original proposed ablation,retrospective reconstruction,0.09994114906812847,0.3161347008288215,0.2678974513466815,0.24417168468662687,0.9977674545408877,0.19047742450006305,0.7960834724024436,0.09802533172270725,0.09907906138333393,0.10361075936957928,0.3662511049676678,0.8439416695541215,0.8757876999735584,-0.15006891538066475,14.494869405999907,0.125,12,False,0.3,3.9825421191021637,True,4.02701051772237,0.9491754816636792,1.0,0.5,0.6666666666666666,0.75,0.8,9.0,0.4765160163235984,0.6,0.3,0.3,1.3541961779448266,1.6424543334110637,-0.07852683106248758,0.17867867867867868,0.4084084084084084,0.21584390499537867,1.6665783617668055
reference_moderate,main,1112,Original proposed ablation,retrospective reconstruction,0.08554536354952834,0.29248139009093954,0.23490647238678827,0.20572021325877832,0.8818459527789737,0.17622583586256324,0.7365202238990057,0.08595372880097811,0.08852900404735711,0.09531749530358632,0.45753795978775835,0.8897295942628607,0.9061598528876957,-0.20157443299918582,13.093483313999968,0.0,12,False,0.26666666666666666,6.501874369588959,True,5.130564510766593,1.2092856522927,1.0,0.4444444444444444,0.6153846153846154,0.7222222222222222,0.7777777777777778,10.0,0.378477025888927,0.6,0.26666666666666666,0.3333333333333333,1.3222298768153449,1.587501585894413,-0.00881217875332193,0.17924050632911392,0.40810126582278483,0.22030484720603327,1.6653049244805567
reference_moderate,main,1113,Original proposed ablation,retrospective reconstruction,0.20432001859821144,0.45201771934096946,0.2846727437857174,0.20730109604535252,2.5333124057623007,0.2723496369830043,1.1382611103968558,0.1041635148140944,0.10111031391806115,0.10078936472343172,-0.2956383554418833,0.7562609990223215,0.9051720302967486,-0.08464527747909749,9.598061744000006,0.0,12,False,0.26666666666666666,4.858186471405672,True,5.189262784905067,1.223120968188454,1.0,0.4444444444444444,0.6153846153846154,0.7222222222222222,0.7777777777777778,10.0,0.4169567591397525,0.6,0.26666666666666666,0.3333333333333333,1.2927435491054062,1.566898741379935,0.03328918810242953,0.18778394750126198,0.43008581524482586,0.22379915201598763,1.6621680622127886
reference_moderate,main,1114,Original proposed ablation,retrospective reconstruction,0.07153015994198059,0.26745122909042796,0.22361062545002705,0.20724070409829998,0.7847430991868987,0.16114466764629412,0.6734898212515313,0.08182050865461682,0.08399630363725047,0.08707736754293452,0.5464114606705802,0.8519559161171794,0.8677877222520498,-0.11656116600694906,17.221963638000034,0.0,12,False,0.23333333333333334,4.921908055864273,True,5.286079394415073,1.2459408618937924,1.0,0.3888888888888889,0.56,0.6944444444444444,0.7555555555555556,11.0,0.4152271901098182,0.6,0.23333333333333334,0.36666666666666664,1.3110003448925616,1.5736436228413306,0.010278008241453808,0.17893145161290322,0.4097782258064516,0.22140956612364635,1.6666505547884942
reference_moderate,main,1115,Original proposed ablation,retrospective reconstruction,0.10575918794373518,0.3252063774647342,0.24551503726142795,0.20150202875370282,1.587517517629502,0.1959432895157536,0.81892756961131,0.08983546819682135,0.08921761987397464,0.09081646306170835,0.3293576357305129,0.814103309087847,0.8768332181444886,-0.07018926838652766,14.7458834199997,0.0,12,False,0.3,4.802119626202149,True,4.000502867436399,0.942927568573502,1.0,0.5,0.6666666666666666,0.75,0.8,9.0,0.504196660151495,0.6,0.3,0.3,1.3204479332937888,1.5841643477134524,0.021790880508999664,0.17842741935483872,0.4097782258064516,0.22299844800017096,1.6637940447857815
reference_moderate,main,1116,Original proposed ablation,retrospective reconstruction,0.08565401978720259,0.2926670801221118,0.24380592489832573,0.22374365168012278,0.7968539275201776,0.17633771778757903,0.7369878244642666,0.08921009342934114,0.08946044843622573,0.09450137854244836,0.4568489465914274,0.8329212366386516,0.8396305654902313,-0.18368385946953922,12.955200265000258,0.0,12,False,0.16666666666666666,5.046195172032437,True,5.9760705045023546,1.4085733261941757,1.0,0.2777777777777778,0.43478260869565216,0.6388888888888888,0.7111111111111111,13.0,0.3516603650804638,0.6,0.16666666666666666,0.43333333333333335,1.3111841092074912,1.579246918005655,0.01415182823740751,0.17336683417085427,0.4190954773869347,0.22260720624531954,1.6640617334400638
reference_moderate,main,1117,Original proposed ablation,retrospective reconstruction,0.10007314826048316,0.3163434024292006,0.2602782673675581,0.22664591496024156,0.9857884307333391,0.19060317135172167,0.7966090201967546,0.09523742525605186,0.09572040926282292,0.10173593398065245,0.36541406894116657,0.7965805640129453,0.8108107664236572,-0.19502511197069344,18.224510724000083,0.0,12,False,0.2,5.432295802492556,True,4.5764698530085095,1.07868428898604,1.0,0.3333333333333333,0.5,0.6666666666666666,0.7333333333333334,12.0,0.3794489150183691,0.6,0.2,0.39999999999999997,1.3694444272319959,1.6456848091032032,-0.03359404796076877,0.16793505834601724,0.3835616438356164,0.22103675844024903,1.6644109578785042
reference_moderate,main,1118,Original proposed ablation,retrospective reconstruction,0.08638159477289159,0.2939074595393788,0.24046808083963608,0.21152516995732973,0.963367698658242,0.17708507097653453,0.740111320717622,0.08798875567697743,0.0894650100104099,0.09515842450543578,0.4522352329456172,0.8639145395085669,0.8888410393230365,-0.17774238915174345,7.933183007000025,0.0,12,False,0.3,5.475372601721959,True,5.312573391306288,1.2521855568479636,1.0,0.5,0.6666666666666666,0.75,0.8,9.0,0.4042936581172076,0.6,0.3,0.3,1.3261841135026333,1.586373525745932,-0.017714502368497347,0.175912043978011,0.40729635182408797,0.21857003611253606,1.6679843425325778
reference_moderate,main,1119,Original proposed ablation,retrospective reconstruction,0.09680951855455615,0.3111422802425864,0.26080183091873765,0.2477633252277761,0.7688972742545983,0.18746939212400932,0.7835116683405557,0.0954290003924494,0.0959688530246444,0.10239616919435077,0.386109465574199,0.8527830977553034,0.8709992524566499,-0.20834314697365697,17.48796766600026,0.0,12,False,0.23333333333333334,3.2912063289631615,True,5.052373062308299,1.1908557511474807,1.0,0.3888888888888889,0.56,0.6944444444444444,0.7555555555555556,11.0,0.35624901505383477,0.6,0.23333333333333334,0.36666666666666664,1.3324245037321423,1.6112809952336697,-0.0541923373479468,0.1887366818873668,0.41298833079654995,0.21807716312291636,1.6642248612676376
reference_moderate,main,1120,Original proposed ablation,retrospective reconstruction,0.07970399622106648,0.2823189618517794,0.22886912012849514,0.19610051904493453,0.8710734956496795,0.17010277138217875,0.7109294199174718,0.08374462432883378,0.0853326065082123,0.09070209503391335,0.4945793598958069,0.8688890300529825,0.8892917503389436,-0.1723967410451043,13.698677572000179,0.0,12,False,0.26666666666666666,5.007012377434039,True,5.479712455471462,1.291580612072086,1.0,0.4444444444444444,0.6153846153846154,0.7222222222222222,0.7777777777777778,10.0,0.38773691497162005,0.6,0.26666666666666666,0.3333333333333333,1.3121059711681078,1.5744997609506068,0.001681307008741952,0.18902439024390244,0.41260162601626016,0.2225267221047858,1.6625981032574735
reference_moderate,main,1101,Proposed revised,retrospective reconstruction,0.14687663871379525,0.3832448808709586,0.30742501445887743,0.2765663918551935,1.5506987892814759,0.23091263840934995,0.9650788563999316,0.112488711149371,0.11373983241086609,0.11466633534259106,0.06862280092980022,0.7468203488177331,0.8063119392933962,-0.11583400660737045,13.604859510000097,3.0546875,12,False,0.3333333333333333,3.338956812646701,True,4.079271289285578,0.9614934636511411,0.6,0.3333333333333333,0.42857142857142855,0.5,0.6310185185185184,16.0,0.02026331826383362,0.6,0.3333333333333333,0.26666666666666666,1.3086254967633173,1.5944324196195,-0.06309869886129606,0.1996007984031936,0.4346307385229541,0.21630705905170267,1.6629120403917796
reference_moderate,main,1102,Proposed revised,retrospective reconstruction,0.15113938457434303,0.38876649106416444,0.30619008977025747,0.27026207116898515,1.4974419551453888,0.23423951801458706,0.978983254127659,0.11203684458010724,0.11408572010235814,0.11142194337094875,0.041591788137619656,0.5880371198022777,0.624073166564069,-0.05296668987351625,12.732437567000034,0.125,12,False,0.3,4.341387043892252,True,5.426899692413035,1.2791325244414822,0.5555555555555556,0.2777777777777778,0.37037037037037035,0.46759259259259256,0.6163139329805997,17.0,-0.06296072253758192,0.6,0.3,0.3,1.321593669262251,1.5991893365028922,-0.0423800908338179,0.19275289380976346,0.41972823351786614,0.2188232975359527,1.6638281246639306
reference_moderate,main,1103,Proposed revised,retrospective reconstruction,0.09330616407486794,0.30546057695694206,0.26640571347304515,0.2667324969948883,0.8002416524977485,0.1840460532567931,0.7692041276974764,0.0974794956232167,0.09785386528747637,0.10309086057920384,0.40832500993316434,0.8419958459902888,0.8714356823884026,-0.18211885706921463,18.286191029999827,0.0,12,False,0.16666666666666666,3.5227596403712003,True,5.125133974204629,1.2080056625498845,1.0,0.2777777777777778,0.43478260869565216,0.6388888888888888,0.7111111111111111,13.0,0.3492768564252917,0.6,0.16666666666666666,0.43333333333333335,1.3263440502465838,1.5886177765175118,0.04089269585806407,0.1826779492284719,0.40567446490791437,0.22335182242648127,1.6642606737097905
reference_moderate,main,1104,Proposed revised,retrospective reconstruction,0.11982704360528698,0.3461604304441612,0.2563773372434772,0.2133119497317273,1.618463042986793,0.2085685218420217,0.8716936064083887,0.09381005083528783,0.09259696678521495,0.09195122678944613,0.24015025654673716,0.7892945853421074,0.8621761130444923,-0.024611187479467778,17.90519193099999,0.25,12,False,0.23333333333333334,3.5707084956267714,True,5.650077238933062,1.331735976625778,0.5714285714285714,0.2222222222222222,0.32,0.4814814814814815,0.6187830687830688,17.0,-0.08130660296357621,0.6,0.23333333333333334,0.36666666666666664,1.326276273077843,1.5865000045368902,0.013687738725363838,0.18947368421052632,0.3979949874686717,0.22407341783680101,1.663895496965633
reference_moderate,main,1105,Proposed revised,retrospective reconstruction,0.05956436362169436,0.24405811525473672,0.19837572392042013,0.17524908268620742,0.7721363229764107,0.14704985280066923,0.6145817948823966,0.07258690235864483,0.07353559845095443,0.07702842678887772,0.6222892173991317,0.8823162263333337,0.9038390339017942,-0.12376848688909352,13.127160654999898,0.0,12,False,0.2,3.5761252406242625,True,6.653100073853938,1.5681507260449468,0.5,0.16666666666666666,0.25,0.46064814814814814,0.6203703703703705,18.0,-0.03782922613767468,0.6,0.2,0.39999999999999997,1.3529189088892208,1.634707008486741,-0.008607542593625884,0.17572371762315897,0.40731335703402743,0.2205859931478687,1.6623639399111658
reference_moderate,main,1106,Proposed revised,retrospective reconstruction,0.1055332977600839,0.32485888899656706,0.28706907502169116,0.2746012853645603,0.799650455331218,0.19573392082485563,0.8180525317694248,0.10504034721075588,0.10715979196067996,0.11161959027865816,0.3307900552656342,0.8212114667101094,0.8451256410510904,-0.15876070794534122,7.0967664779996085,0.0,12,False,0.3333333333333333,2.7035314378215842,True,5.248154562848436,1.2370018933684168,0.6,0.3333333333333333,0.42857142857142855,0.5046296296296297,0.6347222222222222,16.0,0.017128604419017344,0.6,0.3333333333333333,0.26666666666666666,1.3322416395050274,1.590150634796161,0.02175201009040018,0.17386934673366833,0.39899497487437185,0.22287587858923133,1.665361154818766
reference_moderate,main,1107,Proposed revised,retrospective reconstruction,0.07895673659458456,0.28099241376696377,0.22426593171381287,0.19437894881164697,0.8373260262783788,0.16930349986276402,0.7075889356147358,0.08206028926307228,0.08330509255519761,0.0889837732212142,0.49931789819560535,0.8702707994105143,0.8843580641961866,-0.17978948678057272,9.15110975899961,0.0,12,False,0.43333333333333335,5.092199173075929,True,5.009586037928564,1.180770752785579,0.5384615384615384,0.3888888888888889,0.45161290322580644,0.48148148148148145,0.6574074074074074,17.0,0.028156105399503337,0.6,0.43333333333333335,0.16666666666666663,1.3136373620449762,1.5838549716852723,0.011315978412287401,0.18554095045500504,0.4160768452982811,0.22111805293979667,1.6665276776830804
reference_moderate,main,1108,Proposed revised,retrospective reconstruction,0.0856094258103836,0.29259088470146094,0.2492957724332669,0.23618718760656576,0.7318835543914601,0.17629180853609155,0.7367959508265614,0.09121886254235255,0.08998953501216017,0.09497422581578877,0.45713172684558345,0.8479058750254339,0.8681727402808473,-0.19194760419041154,7.0473266529998,0.0,12,False,0.26666666666666666,3.851917127419097,True,5.410878049500054,1.2753561869916428,0.625,0.2777777777777778,0.38461538461538464,0.5254629629629629,0.6652777777777779,16.0,0.017919004467108948,0.6,0.26666666666666666,0.3333333333333333,1.2989824197131845,1.566782826731307,-0.0068874075204446205,0.19325616507297433,0.42627075993960745,0.22060749690343184,1.6658079998082136
reference_moderate,main,1109,Proposed revised,retrospective reconstruction,0.09172434025727594,0.30286026523345044,0.23662489962351307,0.19463448675477046,1.4576028963616081,0.18247931389319444,0.7626560797269789,0.08658251193823646,0.08941392003288255,0.09714410260448568,0.41835570405547606,0.8789451109418943,0.9154921129499513,-0.1939738516328607,7.151943382999889,0.0,12,False,0.4,5.239066920821502,True,5.26411159956641,1.2407630029920573,0.5833333333333334,0.3888888888888889,0.4666666666666667,0.5393518518518517,0.7244708994708996,16.0,0.23406810864087516,0.6,0.4,0.19999999999999996,1.302269101102956,1.5705304921845102,0.0014145843847451361,0.19242273180458624,0.42123629112662014,0.2198364238309975,1.6674788098977729
reference_moderate,main,1110,Proposed revised,retrospective reconstruction,0.07081747994273753,0.26611553870966936,0.21269378551119664,0.18053068250182358,0.7516141963411456,0.1603398877123312,0.6701263150195957,0.07782596950917824,0.07682573224612511,0.07788165456339788,0.5509307219182575,0.8173280037006744,0.8561672040757642,-0.05615873678206733,9.248859678999906,0.0,12,False,0.16666666666666666,3.1606687361919636,True,6.278858000655785,1.479941023457038,0.4,0.1111111111111111,0.17391304347826086,0.4398148148148148,0.625925925925926,19.0,-0.11197251291167278,0.6,0.16666666666666666,0.43333333333333335,1.3256715796269414,1.5953538752661114,-0.019253133806475614,0.1814556331006979,0.4102691924227318,0.22032349179397442,1.6636502121482146
reference_moderate,main,1111,Proposed revised,retrospective reconstruction,0.1064962474057167,0.3263376279341944,0.27544667523690103,0.2550614193817866,1.3498752198039363,0.19662489035021544,0.8217762597409406,0.100787639360827,0.10230578981349463,0.10822559484660058,0.32468377892619016,0.8447475815282433,0.8815451190503306,-0.18060815889361276,13.039070847000403,0.0,12,False,0.43333333333333335,4.033065324621455,True,4.9066912649671535,1.1565182222156911,0.6923076923076923,0.5,0.5806451612903226,0.5925925925925926,0.6736331569664904,13.0,0.12796733363763568,0.6,0.43333333333333335,0.16666666666666663,1.3572270499510253,1.6462480299877522,-0.07429943811638876,0.17767767767767767,0.4089089089089089,0.21582767265968644,1.6657625153067113
reference_moderate,main,1112,Proposed revised,retrospective reconstruction,0.1139997091642429,0.3376384296318221,0.2991949545994072,0.29299472480847655,0.858278299484843,0.20343384740714926,0.8502336908068526,0.10947728142591948,0.11161164300891681,0.11925338624962088,0.2771026710169573,0.8439361127236349,0.8614113609880338,-0.22716941472823843,11.730734783000116,0.0,12,False,0.36666666666666664,4.423880584249972,True,5.565887097643165,1.3118921700207313,0.5454545454545454,0.3333333333333333,0.41379310344827586,0.4629629629629629,0.6271725188391855,17.0,-0.016843168890737652,0.6,0.36666666666666664,0.23333333333333334,1.3219706854864153,1.5872097996525902,-0.008106124688546263,0.17873417721518986,0.40860759493670884,0.2202887602724717,1.6656351539181753
reference_moderate,main,1113,Proposed revised,retrospective reconstruction,0.13944621912081948,0.37342498459639717,0.30196989162133425,0.26148536822784685,1.5271986521909424,0.22499595622820262,0.9403506089016678,0.11049264801756357,0.1097299731123619,0.11263155790336243,0.11574073233826243,0.8097261764822015,0.8644942186244045,-0.10312135514709744,17.736479434000103,0.0,12,False,0.16666666666666666,2.332082753028768,True,5.33280818601979,1.2569549437005751,0.4,0.1111111111111111,0.17391304347826086,0.4444444444444445,0.6444444444444445,19.0,-0.10390089160466374,0.6,0.16666666666666666,0.43333333333333335,1.2914438634200527,1.5655123008549132,0.03656852336654045,0.19232710752145382,0.4295810196870268,0.22378595072425184,1.6634321427590095
reference_moderate,main,1114,Proposed revised,retrospective reconstruction,0.06859334158383955,0.26190330579020865,0.21963697217606493,0.20365211120599647,0.7197593743215593,0.157801933872434,0.6595191624346352,0.08036652438424356,0.08180952696245034,0.08522932259993646,0.5650344743815172,0.8741864226854916,0.8919723098346899,-0.11761837915460856,6.774394663000294,0.0,12,False,0.16666666666666666,2.948047727230977,True,6.119383480716925,1.4423525186319588,0.4,0.1111111111111111,0.17391304347826086,0.4444444444444445,0.6444444444444445,19.0,-0.10918088950385717,0.6,0.16666666666666666,0.43333333333333335,1.311640977499898,1.573813631904179,0.011347815647463913,0.18094758064516128,0.4097782258064516,0.22126281826310645,1.6670564133688588
reference_moderate,main,1115,Proposed revised,retrospective reconstruction,0.2083860690320295,0.4564932299958341,0.3225683885533864,0.265482842926241,2.437721301256056,0.27504622087786373,1.14953124320277,0.11802976524135007,0.1160596814307954,0.11467907053366946,-0.3214220790993061,0.7453598822585006,0.8447062056094812,-0.021214203539376135,11.187376981999932,0.0,12,False,0.43333333333333335,3.9613502218530696,True,4.504115147756673,1.061630121407931,0.6153846153846154,0.4444444444444444,0.5161290322580645,0.5046296296296295,0.611502849002849,15.0,-0.007400004052998288,0.6,0.43333333333333335,0.16666666666666663,1.3250567572532352,1.5886729735447738,0.026526517884318587,0.17641129032258066,0.40776209677419356,0.22236806923362393,1.6653169464005593
reference_moderate,main,1116,Proposed revised,retrospective reconstruction,0.07959213481809436,0.2821207805499169,0.2387690290763977,0.2208600223684445,0.7718232224270642,0.16998336321893734,0.7104303641082288,0.08736706214511189,0.08645911769217408,0.09052004026020567,0.4952886977530495,0.8274388313889471,0.8435680032023902,-0.16111756246233083,12.727553681000245,0.0,12,False,0.16666666666666666,3.201985776848937,True,6.414305077325753,1.5118662055921142,0.4,0.1111111111111111,0.17391304347826086,0.4444444444444445,0.6444444444444445,19.0,-0.12278631834953957,0.6,0.16666666666666666,0.43333333333333335,1.3115148560387764,1.5795789607000699,0.014917103369841308,0.17587939698492464,0.4185929648241206,0.222499781275507,1.6643864315662222
reference_moderate,main,1117,Proposed revised,retrospective reconstruction,0.09972562606674296,0.3157936447535684,0.26518993098103405,0.24297562678491413,0.9214930964013472,0.19027193145341556,0.7952246324713649,0.09703463330189575,0.09604396282414926,0.10123747469077558,0.3676177839107827,0.7890575475493186,0.8142402259724507,-0.17749323862248972,12.312602217999938,0.0,12,False,0.16666666666666666,2.786030304186951,True,5.912680426187204,1.393632141448646,0.4,0.1111111111111111,0.17391304347826086,0.4398148148148148,0.625925925925926,19.0,-0.14181712269808455,0.6,0.16666666666666666,0.43333333333333335,1.370795529543729,1.6464974236759742,-0.031633398410071074,0.17605276509386097,0.3835616438356164,0.22084854892772693,1.665113095273069
reference_moderate,main,1118,Proposed revised,retrospective reconstruction,0.10466581005130336,0.32352095766936545,0.26980046685031644,0.2505728947210232,1.0138943813746168,0.1949277906762349,0.8146833824352889,0.09872165684666621,0.0991768820492895,0.10426401566125977,0.33629098638379673,0.8127656923921782,0.8574066593695087,-0.16006669144954486,12.158087572000113,0.0,12,False,0.36666666666666664,4.750946587735012,True,5.936038568310544,1.399137708345757,0.5454545454545454,0.3333333333333333,0.41379310344827586,0.4814814814814814,0.6396825396825396,17.0,0.02045341368262511,0.6,0.36666666666666664,0.23333333333333334,1.3264456922450798,1.586536248354624,-0.01629890100926127,0.17341329335332334,0.4077961019490255,0.21846825802648076,1.6685885081713732
reference_moderate,main,1119,Proposed revised,retrospective reconstruction,0.09807675566457948,0.31317208634324273,0.27205979135494957,0.25237378231971186,0.8188821963785633,0.18869239053979187,0.7886230815599136,0.09954835763430939,0.1006909170798773,0.10717188060417886,0.37807363523094595,0.8632829380752687,0.8832835554244233,-0.20487602546762576,11.0715700249998,0.0,12,False,0.26666666666666666,4.261237649535583,True,5.672876945587094,1.337109919020488,0.5,0.2222222222222222,0.3076923076923077,0.4490740740740741,0.5965608465608465,18.0,-0.08033031758378156,0.6,0.26666666666666666,0.3333333333333333,1.334035602830331,1.6127020483075076,-0.05270026663950577,0.18315575849822424,0.4134956874682902,0.21794113030303722,1.6647718876295985
reference_moderate,main,1120,Proposed revised,retrospective reconstruction,0.0715985770766113,0.26757910433479537,0.22062305656691616,0.19994949492825365,0.7784797772740313,0.16122171501610377,0.6738118338882442,0.08072733875195731,0.08139596809522254,0.08553271228230887,0.5459776125121613,0.8703361198735206,0.895896608949427,-0.13844163452083422,8.330007399000351,0.0,12,False,0.2,3.6677814562732864,True,6.669178870626729,1.5719405347887339,0.3333333333333333,0.1111111111111111,0.16666666666666666,0.3981481481481482,0.5981481481481482,20.0,-0.16555377562293389,0.6,0.2,0.39999999999999997,1.31206286024555,1.5741088116082396,0.003779040615502127,0.19359756097560976,0.41260162601626016,0.22244733445659776,1.6633095920312015
reference_moderate,main,1101,Robust low-rank completion,retrospective reconstruction,5.924247987617526,2.433977811652671,0.7786611750367064,0.13663003163904053,32.742106339785614,1.4665198842089058,6.129189560560594,0.2849169322025043,0.28552202959320555,0.21374126385843223,-36.56696466928497,0.2021130129143848,0.5384448872463002,0.4074353989150117,0.015236290000302688,0.5546875,1,True,0.4444444444444444,2.5000000000000004,,,,,,,,,,,,,,,,,,,,
reference_moderate,main,1102,Robust low-rank completion,retrospective reconstruction,5.619507047128938,2.3705499461367476,0.7036301697023153,0.12256336749999996,24.953009249351794,1.4283033378021532,5.969466900268605,0.2574626240318976,0.2681252476005592,0.1986317134514469,-34.634535073402475,0.10841956962895719,0.658050827887605,0.35901482137624163,0.02828439300037644,0.375,1,True,0.6388888888888888,2.500000000000001,,,,,,,,,,,,,,,,,,,,
reference_moderate,main,1103,Robust low-rank completion,retrospective reconstruction,1.6677022593618218,1.2913954697774892,0.4570855536433439,0.11946324872500025,15.292910288471912,0.7780913719669695,3.251963758264914,0.16725042659537456,0.1679105743472744,0.16028166928040327,-9.575268285068463,0.329453909041199,0.7015958812946785,0.1506355872635766,0.03411998299998231,0.390625,1,True,0.5,2.5000000000000004,,,,,,,,,,,,,,,,,,,,
reference_moderate,main,1104,Robust low-rank completion,retrospective reconstruction,10.538741400266785,3.2463427730704573,0.8138627256873113,0.12760524437499998,53.566257408346544,1.9559858782907735,8.174869195374631,0.29779739695621266,0.29404742281418345,0.19404252531070826,-65.82848636148506,0.1410754703494694,0.5525408920036884,0.5278541038356135,0.015683487999922363,0.42578125,1,True,0.6388888888888888,2.5000000000000004,,,,,,,,,,,,,,,,,,,,
reference_moderate,main,1105,Robust low-rank completion,retrospective reconstruction,0.7264830411307035,0.8523397451314255,0.3541846030632327,0.107325663546318,7.1746575370327506,0.5135515937542809,2.14634325871821,0.12959833336159451,0.12633338130604302,0.11449662069698936,-3.606789384245104,0.49052557428775784,0.7801198283099334,0.1615930674632403,0.008836275000248861,0.0,1,True,0.6388888888888888,2.5000000000000004,,,,,,,,,,,,,,,,,,,,
reference_moderate,main,1106,Robust low-rank completion,retrospective reconstruction,3.9400026893163864,1.9849440015568163,0.7600864838550424,0.12255300604999997,20.577418451188315,1.1959681117009535,4.998442465002846,0.27812033799984726,0.277791549515213,0.2070686462282269,-23.984427075943728,0.25436997396775257,0.5512373349945447,0.4238828933054986,0.008893715999874985,0.25,1,True,0.5833333333333334,2.5,,,,,,,,,,,,,,,,,,,,
reference_moderate,main,1107,Robust low-rank completion,retrospective reconstruction,3.0319562058625604,1.7412513333412154,0.5803071043661064,0.12093041717981201,21.38443675145613,1.049138447986213,4.384780930842008,0.21233795290167817,0.2144563297822776,0.16348153735655538,-18.226303811475706,0.20859766124012144,0.5984047366421296,0.3591558250807414,0.00942330599991692,0.0,1,True,0.6111111111111112,2.5000000000000004,,,,,,,,,,,,,,,,,,,,
reference_moderate,main,1108,Robust low-rank completion,retrospective reconstruction,5.949363726310338,2.4391317566524235,0.4150849117786036,0.09555671599999993,46.53808709900058,1.469625238246264,6.142168111859193,0.15188213238181786,0.15610046365443336,0.12177417052621337,-36.72622911433994,0.1259441891441475,0.7599396365943282,0.15446387823890106,0.009335861999716144,0.0,1,True,0.6388888888888888,2.5000000000000004,,,,,,,,,,,,,,,,,,,,
reference_moderate,main,1109,Robust low-rank completion,retrospective reconstruction,0.7290830809622503,0.8538636196502637,0.3905577511434058,0.11981669802440864,8.767125317957822,0.5144697583621162,2.150180646120737,0.14290749284943183,0.14705129714881468,0.14254654242278994,-3.6232768109521913,0.44812605718949605,0.691173191187113,0.14566549461913875,0.009872508000171365,0.0,1,True,0.6666666666666666,2.500000000000001,,,,,,,,,,,,,,,,,,,,
reference_moderate,main,1110,Robust low-rank completion,retrospective reconstruction,11.375902573217902,3.3728181945100304,0.8505789454163092,0.11639662222259228,47.47252268061194,2.03218982703544,8.4933568286816,0.3112320884788329,0.3080890710323561,0.17858627805070496,-71.13711021931236,0.14916806186975523,0.6237999202901263,0.5969497888442102,0.009076648999780446,0.0,1,True,0.5833333333333334,2.500000000000001,,,,,,,,,,,,,,,,,,,,
reference_moderate,main,1111,Robust low-rank completion,retrospective reconstruction,1.0008901568745254,1.0004449794339143,0.440921737210558,0.12762291402500003,7.459143288140101,0.6027879335517011,2.5192986125448833,0.1613359863505573,0.16856493640947048,0.1631066602188882,-5.346865499170575,0.3314262825858754,0.6357705671285473,0.15332107824242822,0.014257890999942902,0.0,1,True,0.5,2.5000000000000004,,,,,,,,,,,,,,,,,,,,
reference_moderate,main,1112,Robust low-rank completion,retrospective reconstruction,2.1453650239868223,1.4647064634208529,0.5027571173761504,0.1279758471000001,16.76480007365126,0.8825146814618982,3.6883917026297874,0.18396193378851147,0.18781343303552522,0.15996213246537405,-12.604233352028263,0.2801425780722198,0.6726896024264273,0.23008903327341285,0.03753440499986027,0.3828125,1,True,0.6944444444444444,2.5000000000000004,,,,,,,,,,,,,,,,,,,,
reference_moderate,main,1113,Robust low-rank completion,retrospective reconstruction,4.939433233674723,2.2224835733194346,0.6645758931683775,0.12315217090000008,27.853445534093584,1.3390904128199659,5.596609406581866,0.2431724230867776,0.23467272771650233,0.17589667174335405,-30.322036849840632,0.28802090684802795,0.6816694278021618,0.41730814907701824,0.008672342999943794,0.125,1,True,0.6111111111111112,2.5,,,,,,,,,,,,,,,,,,,,
reference_moderate,main,1114,Robust low-rank completion,retrospective reconstruction,1.598510867287992,1.2643222956540756,0.4194979577015402,0.10759425280000001,13.787896286863525,0.7617792478421906,3.1837886847642256,0.1534968931357139,0.1672243846324257,0.15491083621720997,-9.136510389232718,0.24539591860205925,0.7513204168535342,0.13407850109991823,0.010154805000183842,0.0,1,True,0.5555555555555556,2.5000000000000004,,,,,,,,,,,,,,,,,,,,
reference_moderate,main,1115,Robust low-rank completion,retrospective reconstruction,4.0852409271294565,2.021197894103756,0.6846850544417509,0.14612897592500018,26.927703885010068,1.2178118006801721,5.089736222351237,0.2505304893713909,0.2609944465474239,0.19089078572244828,-24.90541481311424,0.18342620608217214,0.5905457441661985,0.4110935968836136,0.009075295999991795,0.0,1,True,0.5833333333333334,2.5000000000000004,,,,,,,,,,,,,,,,,,,,
reference_moderate,main,1116,Robust low-rank completion,retrospective reconstruction,2.851785800374046,1.6887231272100367,0.49571658353315967,0.10961878476666675,19.83499117743665,1.017489162440388,4.252505553838637,0.18138575897984935,0.19379147978022318,0.1771113046877403,-17.08380348542846,0.15540091467096218,0.7364738900940601,0.11138656586351754,0.01421551500015994,0.0,1,True,0.6944444444444444,2.5,,,,,,,,,,,,,,,,,,,,
reference_moderate,main,1117,Robust low-rank completion,retrospective reconstruction,4.000703005768902,2.000175743720762,0.840280247971876,0.13522055507499986,17.523469033318875,1.2051455383182497,5.036798704165526,0.307463731489143,0.31330305987552215,0.261443966457524,-24.369341186283517,0.11413900057529013,0.4328828109514187,0.3682603870848842,0.008697495999967941,0.0,1,True,0.75,2.5,,,,,,,,,,,,,,,,,,,,
reference_moderate,main,1118,Robust low-rank completion,retrospective reconstruction,1.9123813768097602,1.382888779623929,0.5734928898425552,0.14364381262500014,12.982250916252973,0.8332179049696613,3.4823602051376836,0.20984458972952766,0.2105906807390589,0.20311112023300074,-11.126832598326573,0.25495532340702787,0.5947398574722708,0.16606677563622135,0.015151344000059908,0.0,1,True,0.6944444444444444,2.5000000000000004,,,,,,,,,,,,,,,,,,,,
reference_moderate,main,1119,Robust low-rank completion,retrospective reconstruction,2.3157033923348034,1.521743536978161,0.5919735980178654,0.14736863660863908,19.21834248865909,0.9168806490185549,3.8320212107291263,0.21660679496981192,0.21918011301676318,0.194909459512213,-13.68438655947792,0.2705984460596001,0.5835394752459643,0.23861601163260687,0.010679597000034846,0.421875,1,True,0.7777777777777778,2.5,,,,,,,,,,,,,,,,,,,,
reference_moderate,main,1120,Robust low-rank completion,retrospective reconstruction,0.9257576643221159,0.9621630133829278,0.297499739618285,0.09366320771153624,10.324575975258673,0.5797222900805052,2.422897804963929,0.10885699179632251,0.11050063991843388,0.10440280031223365,-4.870433773299025,0.3658915382252488,0.8251877570507333,0.07752582874245817,0.009286412000165,0.0,1,True,0.7222222222222222,2.5000000000000004,,,,,,,,,,,,,,,,,,,,
reference_moderate,main,1101,Robust median smoother,retrospective reconstruction,3.7221586757669,1.9292896816618545,0.3008663397832018,0.07656640146250004,27.87237756005986,1.162435280638428,4.858294976859279,0.11008885158552456,0.11083735270477717,0.07097469137984466,-22.603030082176097,0.2407664451992076,0.9387348815251478,0.18186906101372013,0.007762458000343031,0.0,1,True,0.5,1.8138885694731217,,,,,,,,,,,,,,,,,,,,
reference_moderate,main,1102,Robust median smoother,retrospective reconstruction,1.914859438187482,1.3837844623305617,0.3630467422323985,0.07436507709999973,11.350290157429004,0.8337575715569778,3.484615693691764,0.13284104480757272,0.14264763322939872,0.11451146739138979,-11.142546532722934,0.10552451161077876,0.7568709518472877,0.1193693614082734,0.008103766999738582,0.1328125,1,True,0.4444444444444444,2.5000000000000004,,,,,,,,,,,,,,,,,,,,
reference_moderate,main,1103,Robust median smoother,retrospective reconstruction,0.20818744401243408,0.4562756228557845,0.18393358091660714,0.07382535174583338,2.5183984973441667,0.2749151082620047,1.148983269673714,0.06730243305287485,0.0712547411362575,0.07787912621713368,-0.3201625539900985,0.634873305403463,0.8514816510877902,0.02895373864229622,0.01231756699962716,0.0,1,True,0.4166666666666667,2.1477471341879966,,,,,,,,,,,,,,,,,,,,
reference_moderate,main,1104,Robust median smoother,retrospective reconstruction,1.1581246483624046,1.0761619991257843,0.23798410504568454,0.07613050659999998,9.424754412088275,0.6484089389772879,2.7099675514441484,0.08707985359534405,0.08494143189646716,0.06027520538058025,-6.343924129880196,0.3523705774122528,0.8605700813644347,0.13217882246688192,0.011844568000014988,0.0,1,True,0.6666666666666666,1.71730481301076,,,,,,,,,,,,,,,,,,,,
reference_moderate,main,1105,Robust median smoother,retrospective reconstruction,0.07298911597626134,0.27016497918172394,0.12218729760986606,0.07606295635833327,2.3253479441145912,0.16277975587536758,0.6803235272327078,0.04470908670575018,0.045402475129641226,0.04248899627793914,0.537159898293647,0.8292414545422226,0.931512788853356,0.058469565896324883,0.005057320000105392,0.0,1,True,0.3055555555555556,2.3798231099289318,,,,,,,,,,,,,,,,,,,,
reference_moderate,main,1106,Robust median smoother,retrospective reconstruction,0.05603007089169965,0.23670671915199124,0.11014037497119385,0.07210096847500003,2.040596810674591,0.1426204909101219,0.596069670395157,0.04030104332214424,0.04165777985961709,0.03943849503838922,0.644700948035009,0.847368759917174,0.9246721674747626,0.03682163284664488,0.028373117000228376,0.0,1,True,0.5277777777777778,1.5051994105512514,,,,,,,,,,,,,,,,,,,,
reference_moderate,main,1107,Robust median smoother,retrospective reconstruction,0.061900750300854776,0.2487986139448023,0.11298756639499788,0.06923049564999961,1.840130215930256,0.14990609724002465,0.6265192147487152,0.041342848245608264,0.043196042593030275,0.042035588709835356,0.6074736735506532,0.8132386265189123,0.8766799309218112,0.026319346061186633,0.005300315000113187,0.0,1,True,0.5555555555555556,1.9517789998715867,,,,,,,,,,,,,,,,,,,,
reference_moderate,main,1108,Robust median smoother,retrospective reconstruction,0.283015646212625,0.5319921486381401,0.17588669145042093,0.07451083715000006,4.633936095466323,0.3205358160973177,1.3396509648208692,0.06435802650740872,0.06442298313435346,0.07020386025209434,-0.7946647075454856,0.5416225732708554,0.8657438220461617,-0.006986341174085975,0.005203161999816075,0.0,1,True,0.5277777777777778,1.7196068163319704,,,,,,,,,,,,,,,,,,,,
reference_moderate,main,1109,Robust median smoother,retrospective reconstruction,0.13523561051745442,0.3677439469487627,0.15714692527740123,0.07676585477500009,2.6100137067,0.22157301842108337,0.9260447444536308,0.057501030346071486,0.060155089649548805,0.07597028317538171,0.1424411312698094,0.7690908998098417,0.934492822610654,-0.0260802697057872,0.005352621999918483,0.0,1,True,0.5,2.066355438413994,,,,,,,,,,,,,,,,,,,,
reference_moderate,main,1110,Robust median smoother,retrospective reconstruction,0.4685892886093878,0.6845358198147032,0.21858229405509477,0.07474391957499993,5.664319949776141,0.41244640210169736,1.7237830930715101,0.07998061114711093,0.07853096775750318,0.07135281182194811,-1.9714281519591825,0.44620540377366513,0.8397387383078878,0.08729225176681574,0.00515093900003194,0.0,1,True,0.4444444444444444,1.8368311181380264,,,,,,,,,,,,,,,,,,,,
reference_moderate,main,1111,Robust median smoother,retrospective reconstruction,0.12823566144590015,0.3581000718317439,0.15056367294401773,0.07509886864749982,2.4589135106614686,0.21576239247690826,0.9017597495750429,0.05509217766550194,0.05993120479728423,0.06532583914706838,0.18682935404635592,0.7073692504104361,0.8605545489061727,-0.0005456170137284555,0.007968779999828257,0.25,1,True,0.4166666666666667,2.5,,,,,,,,,,,,,,,,,,,,
reference_moderate,main,1112,Robust median smoother,retrospective reconstruction,0.10217953849519715,0.3196553432921107,0.1364674413962051,0.0735160681,2.4144077727,0.1925986813795981,0.8049490770637312,0.04993427949749631,0.05376411388208959,0.06871379661419685,0.3520569833342472,0.8012184565366366,0.9305659934092712,-0.030454081191846064,0.007557143000212818,0.125,1,True,0.5,2.1986136225186947,,,,,,,,,,,,,,,,,,,,
reference_moderate,main,1113,Robust median smoother,retrospective reconstruction,1.3488215169750775,1.1613877547895353,0.247072022655428,0.07848451914999988,13.800035667846796,0.699759146333022,2.9245811807896294,0.0904051787669184,0.08655936323724471,0.06799217370053841,-7.5531750830288615,0.3882728887642496,0.8944362913001126,0.140838749254959,0.004912528000204475,0.0,1,True,0.5277777777777778,1.9232548565153547,,,,,,,,,,,,,,,,,,,,
reference_moderate,main,1114,Robust median smoother,retrospective reconstruction,0.13573105990649798,0.3684169647376434,0.15308548721633164,0.08300958952500004,3.177070051010069,0.22197852498120674,0.9277395230937361,0.056014925080021864,0.05859892244414277,0.05512071746808742,0.13929937728980712,0.728870056727375,0.9012774976864271,0.0511991711584903,0.006791497999984131,0.0,1,True,0.4444444444444444,2.171145244966712,,,,,,,,,,,,,,,,,,,,
reference_moderate,main,1115,Robust median smoother,retrospective reconstruction,1.3587517069637256,1.1656550548784685,0.24159526168934506,0.08461280308666663,13.571716712605031,0.7023302792342123,2.935327002313413,0.08840119811026217,0.08855789955471731,0.07811236323947716,-7.616144610510247,0.40642923364797917,0.9243245693219417,0.11715397808314329,0.005443532000299456,0.0,1,True,0.4722222222222222,2.5,,,,,,,,,,,,,,,,,,,,
reference_moderate,main,1116,Robust median smoother,retrospective reconstruction,0.48618827894215577,0.6972720265019642,0.21195628002000494,0.07403419327500016,6.693457529678884,0.4201202191212454,1.7558551295111922,0.07755611169583222,0.0830959929939675,0.08426417877507879,-2.083027235830765,0.42427800833377416,0.8540067923868246,0.030517223585576292,0.008263412000360404,0.0,1,True,0.3333333333333333,2.5,,,,,,,,,,,,,,,,,,,,
reference_moderate,main,1117,Robust median smoother,retrospective reconstruction,0.5176322981846133,0.7194666762155237,0.24797596269793581,0.08633315078333337,5.95212482590629,0.4334929355741887,1.8117452098041922,0.09073593601032943,0.09114773189482199,0.10904634770024373,-2.282420705248437,0.36406450490672615,0.7704217441169027,-0.030225616402439256,0.005545145000269258,0.0,1,True,0.4444444444444444,1.6563122260875698,,,,,,,,,,,,,,,,,,,,
reference_moderate,main,1118,Robust median smoother,retrospective reconstruction,0.3631223432641982,0.6025963352561964,0.23583025154319848,0.08226511699999994,3.64883577161529,0.36307623823595275,1.5174448795720588,0.08629174529867314,0.08540409366307591,0.09930762918360951,-1.30263896253946,0.5966326441860034,0.8849496903363315,0.00800995386485033,0.007506367999667418,0.0,1,True,0.5277777777777778,1.9854474886394253,,,,,,,,,,,,,,,,,,,,
reference_moderate,main,1119,Robust median smoother,retrospective reconstruction,0.17632781355048652,0.4199140549570668,0.17689126252118226,0.07741256455972234,2.9175457089,0.2530065427487168,1.0574183666152472,0.06472560526545738,0.06396234926010151,0.07367202748822842,-0.11813360205525747,0.6699187931870203,0.8508967223634049,-0.01610039046949504,0.005831372000102419,0.0,1,True,0.4722222222222222,1.782469970970454,,,,,,,,,,,,,,,,,,,,
reference_moderate,main,1120,Robust median smoother,retrospective reconstruction,0.10990082899812637,0.33151293941281745,0.1500679289352767,0.07524092296666662,1.9921720563700847,0.19974311811467557,0.8348086156381735,0.05491078187146918,0.056853281538446016,0.06102752351526976,0.30309457525627626,0.7647988719952533,0.8958493648442144,0.002409284045642113,0.005006560999845533,0.0,1,True,0.4444444444444444,2.0698081494225486,,,,,,,,,,,,,,,,,,,,
